url,occurrences,source_files,categories,first_seen_file,first_seen_line,sample_context
https://xaydungchinhsach.chinhphu.vn/quoc-hoi-da-thong-qua-luat-bao-ve-du-lieu-ca-nhan-119250626153701582.htm,1,docs/2026-08-21-danh-gia-toan-du-an.md,research_report,docs/2026-08-21-danh-gia-toan-du-an.md,312,Nguồn: [xaydungchinhsach.chinhphu.vn](https://xaydungchinhsach.chinhphu.vn/quoc-hoi-da-thong-qua-luat-bao-ve-du-lieu-ca-nhan-119250626153701582.htm)
https://mps.gov.vn/chinh-sach-phap-luat/bai-viet/mot-so-quy-dinh-dang-chu-y-trong-luat-bao-ve-du-lieu-ca-nhan-2025-1753847906,1,docs/2026-08-21-danh-gia-toan-du-an.md,research_report,docs/2026-08-21-danh-gia-toan-du-an.md,335,([mps.gov.vn](https://mps.gov.vn/chinh-sach-phap-luat/bai-viet/mot-so-quy-dinh-dang-chu-y-trong-luat-bao-ve-du-lieu-ca-nhan-2025-1753847906))
https://baovinhlong.com.vn/xa-hoi/du-lich/202602/song-nuoc-miet-vuon-an-binh-giu-chan-du-khach-c180357/,9,docs/archive/bao_cao_chuyen_sau_dia_diem_le_hoi_van_hoa_vl_tv_bt.md; docs/archive/bao_cao_nghien_cuu_van_hoa_du_lich_vinh_long_tra_vinh_ben_tre_2025_2026.md; docs/research/baovinhlong_du_lich_evidence_matrix_2025_2026.csv; docs/research/baovinhlong_du_lich_urls_2025_2026.csv; docs/research/danh_muc_chuyen_sau_dia_diem_le_hoi_van_hoa_vl_tv_bt.csv; docs/research/nghien_cuu_12_chieu_thu_muc_nguon_mo_rong.csv,research_report; research_corpus,docs/archive/bao_cao_chuyen_sau_dia_diem_le_hoi_van_hoa_vl_tv_bt.md,54,- **Nguồn corpus:** [Báo Vĩnh Long](https://baovinhlong.com.vn/xa-hoi/du-lich/202602/song-nuoc-miet-vuon-an-binh-giu-chan-du-khach-c180357/); **nguồn bổ sung:** [nguồn chính thống/tham khảo](https://vinhlong.gov.vn/du-khach/%C4%91iem-du-lich)
https://vinhlong.gov.vn/du-khach/%C4%91iem-du-lich,7,docs/archive/bao_cao_chuyen_sau_dia_diem_le_hoi_van_hoa_vl_tv_bt.md; docs/archive/bao_cao_nghien_cuu_da_nguon_6_tang_vl_tv_bt.md; docs/research/danh_muc_chuyen_sau_dia_diem_le_hoi_van_hoa_vl_tv_bt.csv; docs/research/nghien_cuu_12_chieu_thu_muc_nguon_mo_rong.csv; docs/research/nghien_cuu_6_tang_thu_muc_nguon.csv,research_report; research_corpus,docs/archive/bao_cao_chuyen_sau_dia_diem_le_hoi_van_hoa_vl_tv_bt.md,54,- **Nguồn corpus:** [Báo Vĩnh Long](https://baovinhlong.com.vn/xa-hoi/du-lich/202602/song-nuoc-miet-vuon-an-binh-giu-chan-du-khach-c180357/); **nguồn bổ sung:** [nguồn chính thống/tham khảo](https://vinhlong.gov.vn/du-khach/%C4%91iem-du-lich)
https://baovinhlong.com.vn/phong-su-ky-su/202604/phat-trien-san-pham-du-lich-dac-thu-tu-lang-nghe-gach-gom-7f54c8b/,8,docs/archive/bao_cao_chuyen_sau_dia_diem_le_hoi_van_hoa_vl_tv_bt.md; docs/archive/bao_cao_nghien_cuu_van_hoa_du_lich_vinh_long_tra_vinh_ben_tre_2025_2026.md; docs/research/baovinhlong_du_lich_evidence_matrix_2025_2026.csv; docs/research/baovinhlong_du_lich_urls_2025_2026.csv; docs/research/danh_muc_chuyen_sau_dia_diem_le_hoi_van_hoa_vl_tv_bt.csv; docs/research/nghien_cuu_12_chieu_thu_muc_nguon_mo_rong.csv,research_report; research_corpus,docs/archive/bao_cao_chuyen_sau_dia_diem_le_hoi_van_hoa_vl_tv_bt.md,64,- **Nguồn corpus:** [Báo Vĩnh Long](https://baovinhlong.com.vn/phong-su-ky-su/202604/phat-trien-san-pham-du-lich-dac-thu-tu-lang-nghe-gach-gom-7f54c8b/); **nguồn bổ sung:** [nguồn chính thống/tham khảo](https://vinhlong.gov.vn/du-khach/di-tich-lich-su)
https://vinhlong.gov.vn/du-khach/di-tich-lich-su,13,docs/archive/bao_cao_chuyen_sau_dia_diem_le_hoi_van_hoa_vl_tv_bt.md; docs/research/danh_muc_chuyen_sau_dia_diem_le_hoi_van_hoa_vl_tv_bt.csv; docs/research/nghien_cuu_12_chieu_thu_muc_nguon_mo_rong.csv; docs/research/nghien_cuu_6_tang_thu_muc_nguon.csv,research_report; research_corpus,docs/archive/bao_cao_chuyen_sau_dia_diem_le_hoi_van_hoa_vl_tv_bt.md,64,- **Nguồn corpus:** [Báo Vĩnh Long](https://baovinhlong.com.vn/phong-su-ky-su/202604/phat-trien-san-pham-du-lich-dac-thu-tu-lang-nghe-gach-gom-7f54c8b/); **nguồn bổ sung:** [nguồn chính thống/tham khảo](https://vinhlong.gov.vn/du-khach/di-tich-lich-su)
https://baovinhlong.com.vn/van-hoa-giai-tri/202603/le-xuan-dinh-net-dep-van-hoa-tai-di-tich-van-thanh-mieu-2023470/,6,docs/archive/bao_cao_chuyen_sau_dia_diem_le_hoi_van_hoa_vl_tv_bt.md; docs/archive/bao_cao_nghien_cuu_van_hoa_du_lich_vinh_long_tra_vinh_ben_tre_2025_2026.md; docs/research/baovinhlong_du_lich_evidence_matrix_2025_2026.csv; docs/research/baovinhlong_du_lich_urls_2025_2026.csv; docs/research/danh_muc_chuyen_sau_dia_diem_le_hoi_van_hoa_vl_tv_bt.csv; docs/research/nghien_cuu_12_chieu_thu_muc_nguon_mo_rong.csv,research_report; research_corpus,docs/archive/bao_cao_chuyen_sau_dia_diem_le_hoi_van_hoa_vl_tv_bt.md,74,- **Nguồn corpus:** [Báo Vĩnh Long](https://baovinhlong.com.vn/van-hoa-giai-tri/202603/le-xuan-dinh-net-dep-van-hoa-tai-di-tich-van-thanh-mieu-2023470/); **nguồn bổ sung:** [nguồn chính thống/tham khảo](https://vinhlong.gov.vn/du-khach/di-tich-lich-su)
https://baovinhlong.com.vn/van-hoa-giai-tri/202601/to-chuc-dat-cay-uoc-nguyen-tai-lang-ong-4d140e2/,6,docs/archive/bao_cao_chuyen_sau_dia_diem_le_hoi_van_hoa_vl_tv_bt.md; docs/archive/bao_cao_nghien_cuu_van_hoa_du_lich_vinh_long_tra_vinh_ben_tre_2025_2026.md; docs/research/baovinhlong_du_lich_evidence_matrix_2025_2026.csv; docs/research/baovinhlong_du_lich_urls_2025_2026.csv; docs/research/danh_muc_chuyen_sau_dia_diem_le_hoi_van_hoa_vl_tv_bt.csv; docs/research/nghien_cuu_12_chieu_thu_muc_nguon_mo_rong.csv,research_report; research_corpus,docs/archive/bao_cao_chuyen_sau_dia_diem_le_hoi_van_hoa_vl_tv_bt.md,84,- **Nguồn corpus:** [Báo Vĩnh Long](https://baovinhlong.com.vn/van-hoa-giai-tri/202601/to-chuc-dat-cay-uoc-nguyen-tai-lang-ong-4d140e2/); **nguồn bổ sung:** [nguồn chính thống/tham khảo](https://vinhlong.gov.vn/LinkClick.aspx?fileticket=6imoU-cmqnY%3D&mid=10814&portalid=0&tabid=63)
https://vinhlong.gov.vn/LinkClick.aspx?fileticket=6imoU-cmqnY%3D&mid=10814&portalid=0&tabid=63,5,docs/archive/bao_cao_chuyen_sau_dia_diem_le_hoi_van_hoa_vl_tv_bt.md; docs/research/danh_muc_chuyen_sau_dia_diem_le_hoi_van_hoa_vl_tv_bt.csv; docs/research/nghien_cuu_12_chieu_thu_muc_nguon_mo_rong.csv; docs/research/nghien_cuu_6_tang_thu_muc_nguon.csv,research_report; research_corpus,docs/archive/bao_cao_chuyen_sau_dia_diem_le_hoi_van_hoa_vl_tv_bt.md,84,- **Nguồn corpus:** [Báo Vĩnh Long](https://baovinhlong.com.vn/van-hoa-giai-tri/202601/to-chuc-dat-cay-uoc-nguyen-tai-lang-ong-4d140e2/); **nguồn bổ sung:** [nguồn chính thống/tham khảo](https://vinhlong.gov.vn/LinkClick.aspx?fileticket=6imoU-cmqnY%3D&mid=10814&portalid=0&tabid=63)
https://baovinhlong.com.vn/xa-hoi/du-lich/202603/diem-nhan-hap-dan-du-lich-duong-thuy-28331ea/,7,docs/archive/bao_cao_chuyen_sau_dia_diem_le_hoi_van_hoa_vl_tv_bt.md; docs/archive/bao_cao_nghien_cuu_van_hoa_du_lich_vinh_long_tra_vinh_ben_tre_2025_2026.md; docs/research/baovinhlong_du_lich_evidence_matrix_2025_2026.csv; docs/research/baovinhlong_du_lich_urls_2025_2026.csv; docs/research/danh_muc_chuyen_sau_dia_diem_le_hoi_van_hoa_vl_tv_bt.csv; docs/research/nghien_cuu_12_chieu_thu_muc_nguon_mo_rong.csv,research_report; research_corpus,docs/archive/bao_cao_chuyen_sau_dia_diem_le_hoi_van_hoa_vl_tv_bt.md,94,- **Nguồn corpus:** [Báo Vĩnh Long](https://baovinhlong.com.vn/xa-hoi/du-lich/202603/diem-nhan-hap-dan-du-lich-duong-thuy-28331ea/)
https://baovinhlong.com.vn/phong-su-anh/202602/thang-canh-ao-ba-om-thu-hut-khach-du-xuan-3db0b58/,8,docs/archive/bao_cao_chuyen_sau_dia_diem_le_hoi_van_hoa_vl_tv_bt.md; docs/archive/bao_cao_nghien_cuu_van_hoa_du_lich_vinh_long_tra_vinh_ben_tre_2025_2026.md; docs/research/baovinhlong_du_lich_evidence_matrix_2025_2026.csv; docs/research/baovinhlong_du_lich_urls_2025_2026.csv; docs/research/danh_muc_chuyen_sau_dia_diem_le_hoi_van_hoa_vl_tv_bt.csv; docs/research/nghien_cuu_12_chieu_thu_muc_nguon_mo_rong.csv,research_report; research_corpus,docs/archive/bao_cao_chuyen_sau_dia_diem_le_hoi_van_hoa_vl_tv_bt.md,104,- **Nguồn corpus:** [Báo Vĩnh Long](https://baovinhlong.com.vn/phong-su-anh/202602/thang-canh-ao-ba-om-thu-hut-khach-du-xuan-3db0b58/); **nguồn bổ sung:** [nguồn chính thống/tham khảo](https://vietnamtourism.gov.vn/post/60328)
https://vietnamtourism.gov.vn/post/60328,5,docs/archive/bao_cao_chuyen_sau_dia_diem_le_hoi_van_hoa_vl_tv_bt.md; docs/research/danh_muc_chuyen_sau_dia_diem_le_hoi_van_hoa_vl_tv_bt.csv; docs/research/nghien_cuu_12_chieu_thu_muc_nguon_mo_rong.csv; docs/research/nghien_cuu_6_tang_thu_muc_nguon.csv,research_report; research_corpus,docs/archive/bao_cao_chuyen_sau_dia_diem_le_hoi_van_hoa_vl_tv_bt.md,104,- **Nguồn corpus:** [Báo Vĩnh Long](https://baovinhlong.com.vn/phong-su-anh/202602/thang-canh-ao-ba-om-thu-hut-khach-du-xuan-3db0b58/); **nguồn bổ sung:** [nguồn chính thống/tham khảo](https://vietnamtourism.gov.vn/post/60328)
https://baovinhlong.com.vn/phong-su-anh/202606/chum-anh-ngam-dan-co-trang-tao-hinh-song-dong-o-chua-hang-24a6cff/,7,docs/archive/bao_cao_chuyen_sau_dia_diem_le_hoi_van_hoa_vl_tv_bt.md; docs/archive/bao_cao_nghien_cuu_van_hoa_du_lich_vinh_long_tra_vinh_ben_tre_2025_2026.md; docs/research/baovinhlong_du_lich_evidence_matrix_2025_2026.csv; docs/research/baovinhlong_du_lich_urls_2025_2026.csv; docs/research/danh_muc_chuyen_sau_dia_diem_le_hoi_van_hoa_vl_tv_bt.csv; docs/research/nghien_cuu_12_chieu_thu_muc_nguon_mo_rong.csv,research_report; research_corpus,docs/archive/bao_cao_chuyen_sau_dia_diem_le_hoi_van_hoa_vl_tv_bt.md,114,- **Nguồn corpus:** [Báo Vĩnh Long](https://baovinhlong.com.vn/phong-su-anh/202606/chum-anh-ngam-dan-co-trang-tao-hinh-song-dong-o-chua-hang-24a6cff/); **nguồn bổ sung:** [nguồn chính thống/tham khảo](https://vinhlong.gov.vn/du-khach/di-tich-lich-su)
https://baovinhlong.com.vn/van-hoa-giai-tri/202605/hang-may-anh-canon-chon-bien-ba-dong-to-chuc-hoi-thaochia-se-ve-kien-thuc-nhiep-anh-d191781/,6,docs/archive/bao_cao_chuyen_sau_dia_diem_le_hoi_van_hoa_vl_tv_bt.md; docs/archive/bao_cao_nghien_cuu_van_hoa_du_lich_vinh_long_tra_vinh_ben_tre_2025_2026.md; docs/research/baovinhlong_du_lich_evidence_matrix_2025_2026.csv; docs/research/baovinhlong_du_lich_urls_2025_2026.csv; docs/research/danh_muc_chuyen_sau_dia_diem_le_hoi_van_hoa_vl_tv_bt.csv; docs/research/nghien_cuu_12_chieu_thu_muc_nguon_mo_rong.csv,research_report; research_corpus,docs/archive/bao_cao_chuyen_sau_dia_diem_le_hoi_van_hoa_vl_tv_bt.md,124,- **Nguồn corpus:** [Báo Vĩnh Long](https://baovinhlong.com.vn/van-hoa-giai-tri/202605/hang-may-anh-canon-chon-bien-ba-dong-to-chuc-hoi-thaochia-se-ve-kien-thuc-nhiep-anh-d191781/); **nguồn bổ sung:** [nguồn chính thống/tham khảo](https://vietnamtourism.gov.vn/post/38054)
https://vietnamtourism.gov.vn/post/38054,5,docs/archive/bao_cao_chuyen_sau_dia_diem_le_hoi_van_hoa_vl_tv_bt.md; docs/research/danh_muc_chuyen_sau_dia_diem_le_hoi_van_hoa_vl_tv_bt.csv; docs/research/nghien_cuu_12_chieu_thu_muc_nguon_mo_rong.csv; docs/research/nghien_cuu_6_tang_thu_muc_nguon.csv,research_report; research_corpus,docs/archive/bao_cao_chuyen_sau_dia_diem_le_hoi_van_hoa_vl_tv_bt.md,124,- **Nguồn corpus:** [Báo Vĩnh Long](https://baovinhlong.com.vn/van-hoa-giai-tri/202605/hang-may-anh-canon-chon-bien-ba-dong-to-chuc-hoi-thaochia-se-ve-kien-thuc-nhiep-anh-d191781/); **nguồn bổ sung:** [nguồn chính thống/tham khảo](https://vietnamtourism.gov.vn/post/38054)
https://baovinhlong.com.vn/xa-hoi/du-lich/202512/cong-nhan-bao-tang-dua-sap-tra-vinh-diem-du-lich-tieu-bieu-dbscl-52d0937/,8,docs/archive/bao_cao_chuyen_sau_dia_diem_le_hoi_van_hoa_vl_tv_bt.md; docs/archive/bao_cao_nghien_cuu_van_hoa_du_lich_vinh_long_tra_vinh_ben_tre_2025_2026.md; docs/research/baovinhlong_du_lich_evidence_matrix_2025_2026.csv; docs/research/baovinhlong_du_lich_urls_2025_2026.csv; docs/research/danh_muc_chuyen_sau_dia_diem_le_hoi_van_hoa_vl_tv_bt.csv; docs/research/nghien_cuu_12_chieu_thu_muc_nguon_mo_rong.csv,research_report; research_corpus,docs/archive/bao_cao_chuyen_sau_dia_diem_le_hoi_van_hoa_vl_tv_bt.md,134,- **Nguồn corpus:** [Báo Vĩnh Long](https://baovinhlong.com.vn/xa-hoi/du-lich/202512/cong-nhan-bao-tang-dua-sap-tra-vinh-diem-du-lich-tieu-bieu-dbscl-52d0937/); **nguồn bổ sung:** [nguồn chính thống/tham khảo](https://vinhlong.gov.vn/LinkClick.aspx?fileticket=xVhEJJDndl0%3D&mid=10814&portalid=0&tabid=63)
https://vinhlong.gov.vn/LinkClick.aspx?fileticket=xVhEJJDndl0%3D&mid=10814&portalid=0&tabid=63,5,docs/archive/bao_cao_chuyen_sau_dia_diem_le_hoi_van_hoa_vl_tv_bt.md; docs/research/danh_muc_chuyen_sau_dia_diem_le_hoi_van_hoa_vl_tv_bt.csv; docs/research/nghien_cuu_12_chieu_thu_muc_nguon_mo_rong.csv; docs/research/nghien_cuu_6_tang_thu_muc_nguon.csv,research_report; research_corpus,docs/archive/bao_cao_chuyen_sau_dia_diem_le_hoi_van_hoa_vl_tv_bt.md,134,- **Nguồn corpus:** [Báo Vĩnh Long](https://baovinhlong.com.vn/xa-hoi/du-lich/202512/cong-nhan-bao-tang-dua-sap-tra-vinh-diem-du-lich-tieu-bieu-dbscl-52d0937/); **nguồn bổ sung:** [nguồn chính thống/tham khảo](https://vinhlong.gov.vn/LinkClick.aspx?fileticket=xVhEJJDndl0%3D&mid=10814&portalid=0&tabid=63)
https://baovinhlong.com.vn/phong-su-anh/202511/dac-sac-dem-hoi-ok-om-bok-4aa14cb/,6,docs/archive/bao_cao_chuyen_sau_dia_diem_le_hoi_van_hoa_vl_tv_bt.md; docs/archive/bao_cao_nghien_cuu_van_hoa_du_lich_vinh_long_tra_vinh_ben_tre_2025_2026.md; docs/research/baovinhlong_du_lich_evidence_matrix_2025_2026.csv; docs/research/baovinhlong_du_lich_urls_2025_2026.csv; docs/research/danh_muc_chuyen_sau_dia_diem_le_hoi_van_hoa_vl_tv_bt.csv; docs/research/nghien_cuu_12_chieu_thu_muc_nguon_mo_rong.csv,research_report; research_corpus,docs/archive/bao_cao_chuyen_sau_dia_diem_le_hoi_van_hoa_vl_tv_bt.md,144,- **Nguồn corpus:** [Báo Vĩnh Long](https://baovinhlong.com.vn/phong-su-anh/202511/dac-sac-dem-hoi-ok-om-bok-4aa14cb/); **nguồn bổ sung:** [nguồn chính thống/tham khảo](https://vietnamtourism.gov.vn/post/15419)
https://vietnamtourism.gov.vn/post/15419,5,docs/archive/bao_cao_chuyen_sau_dia_diem_le_hoi_van_hoa_vl_tv_bt.md; docs/research/danh_muc_chuyen_sau_dia_diem_le_hoi_van_hoa_vl_tv_bt.csv; docs/research/nghien_cuu_12_chieu_thu_muc_nguon_mo_rong.csv; docs/research/nghien_cuu_6_tang_thu_muc_nguon.csv,research_report; research_corpus,docs/archive/bao_cao_chuyen_sau_dia_diem_le_hoi_van_hoa_vl_tv_bt.md,144,- **Nguồn corpus:** [Báo Vĩnh Long](https://baovinhlong.com.vn/phong-su-anh/202511/dac-sac-dem-hoi-ok-om-bok-4aa14cb/); **nguồn bổ sung:** [nguồn chính thống/tham khảo](https://vietnamtourism.gov.vn/post/15419)
https://baovinhlong.com.vn/phong-su-anh/202603/di-san-van-hoa-phi-vat-the-quoc-gia-le-hoi-nguyen-tieu-b955ae0/,6,docs/archive/bao_cao_chuyen_sau_dia_diem_le_hoi_van_hoa_vl_tv_bt.md; docs/archive/bao_cao_nghien_cuu_van_hoa_du_lich_vinh_long_tra_vinh_ben_tre_2025_2026.md; docs/research/baovinhlong_du_lich_evidence_matrix_2025_2026.csv; docs/research/baovinhlong_du_lich_urls_2025_2026.csv; docs/research/danh_muc_chuyen_sau_dia_diem_le_hoi_van_hoa_vl_tv_bt.csv; docs/research/nghien_cuu_12_chieu_thu_muc_nguon_mo_rong.csv,research_report; research_corpus,docs/archive/bao_cao_chuyen_sau_dia_diem_le_hoi_van_hoa_vl_tv_bt.md,154,- **Nguồn corpus:** [Báo Vĩnh Long](https://baovinhlong.com.vn/phong-su-anh/202603/di-san-van-hoa-phi-vat-the-quoc-gia-le-hoi-nguyen-tieu-b955ae0/); **nguồn bổ sung:** [nguồn chính thống/tham khảo](https://vinhlong.gov.vn/du-khach/di-tich-lich-su)
https://baovinhlong.com.vn/xa-hoi/202509/khai-mac-tuan-le-vu-lan-thang-hoi-tai-xa-cau-ke-f3306db/,6,docs/archive/bao_cao_chuyen_sau_dia_diem_le_hoi_van_hoa_vl_tv_bt.md; docs/archive/bao_cao_nghien_cuu_van_hoa_du_lich_vinh_long_tra_vinh_ben_tre_2025_2026.md; docs/research/baovinhlong_du_lich_evidence_matrix_2025_2026.csv; docs/research/baovinhlong_du_lich_urls_2025_2026.csv; docs/research/danh_muc_chuyen_sau_dia_diem_le_hoi_van_hoa_vl_tv_bt.csv; docs/research/nghien_cuu_12_chieu_thu_muc_nguon_mo_rong.csv,research_report; research_corpus,docs/archive/bao_cao_chuyen_sau_dia_diem_le_hoi_van_hoa_vl_tv_bt.md,164,- **Nguồn corpus:** [Báo Vĩnh Long](https://baovinhlong.com.vn/xa-hoi/202509/khai-mac-tuan-le-vu-lan-thang-hoi-tai-xa-cau-ke-f3306db/)
https://baovinhlong.com.vn/xa-hoi/du-lich/202604/ra-mat-chi-hoi-du-lich-xa-phu-tuc-d5b32f7/,7,docs/archive/bao_cao_chuyen_sau_dia_diem_le_hoi_van_hoa_vl_tv_bt.md; docs/archive/bao_cao_nghien_cuu_van_hoa_du_lich_vinh_long_tra_vinh_ben_tre_2025_2026.md; docs/research/baovinhlong_du_lich_evidence_matrix_2025_2026.csv; docs/research/baovinhlong_du_lich_urls_2025_2026.csv; docs/research/danh_muc_chuyen_sau_dia_diem_le_hoi_van_hoa_vl_tv_bt.csv; docs/research/nghien_cuu_12_chieu_thu_muc_nguon_mo_rong.csv,research_report; research_corpus,docs/archive/bao_cao_chuyen_sau_dia_diem_le_hoi_van_hoa_vl_tv_bt.md,174,- **Nguồn corpus:** [Báo Vĩnh Long](https://baovinhlong.com.vn/xa-hoi/du-lich/202604/ra-mat-chi-hoi-du-lich-xa-phu-tuc-d5b32f7/); **nguồn bổ sung:** [nguồn chính thống/tham khảo](https://vietnamtourism.vn/index.php/tourism/items/1655)
https://vietnamtourism.vn/index.php/tourism/items/1655,6,docs/archive/bao_cao_chuyen_sau_dia_diem_le_hoi_van_hoa_vl_tv_bt.md; docs/archive/bao_cao_nghien_cuu_da_nguon_6_tang_vl_tv_bt.md; docs/research/danh_muc_chuyen_sau_dia_diem_le_hoi_van_hoa_vl_tv_bt.csv; docs/research/nghien_cuu_12_chieu_thu_muc_nguon_mo_rong.csv; docs/research/nghien_cuu_6_tang_thu_muc_nguon.csv,research_report; research_corpus,docs/archive/bao_cao_chuyen_sau_dia_diem_le_hoi_van_hoa_vl_tv_bt.md,174,- **Nguồn corpus:** [Báo Vĩnh Long](https://baovinhlong.com.vn/xa-hoi/du-lich/202604/ra-mat-chi-hoi-du-lich-xa-phu-tuc-d5b32f7/); **nguồn bổ sung:** [nguồn chính thống/tham khảo](https://vietnamtourism.vn/index.php/tourism/items/1655)
https://baovinhlong.com.vn/xa-hoi/du-lich/202604/phu-tuc-khai-thac-loi-the-tiem-nang-du-lich-xanh-24909d2/,7,docs/archive/bao_cao_chuyen_sau_dia_diem_le_hoi_van_hoa_vl_tv_bt.md; docs/archive/bao_cao_nghien_cuu_van_hoa_du_lich_vinh_long_tra_vinh_ben_tre_2025_2026.md; docs/research/baovinhlong_du_lich_evidence_matrix_2025_2026.csv; docs/research/baovinhlong_du_lich_urls_2025_2026.csv; docs/research/danh_muc_chuyen_sau_dia_diem_le_hoi_van_hoa_vl_tv_bt.csv; docs/research/nghien_cuu_12_chieu_thu_muc_nguon_mo_rong.csv,research_report; research_corpus,docs/archive/bao_cao_chuyen_sau_dia_diem_le_hoi_van_hoa_vl_tv_bt.md,184,- **Nguồn corpus:** [Báo Vĩnh Long](https://baovinhlong.com.vn/xa-hoi/du-lich/202604/phu-tuc-khai-thac-loi-the-tiem-nang-du-lich-xanh-24909d2/)
https://baovinhlong.com.vn/van-hoa-giai-tri/202604/ra-mat-xom-nghe-lan-vuong-phuc-vu-du-khach-trai-nghiem-dip-le-304-va-15-c942616/,7,docs/archive/bao_cao_chuyen_sau_dia_diem_le_hoi_van_hoa_vl_tv_bt.md; docs/archive/bao_cao_nghien_cuu_van_hoa_du_lich_vinh_long_tra_vinh_ben_tre_2025_2026.md; docs/research/baovinhlong_du_lich_evidence_matrix_2025_2026.csv; docs/research/baovinhlong_du_lich_urls_2025_2026.csv; docs/research/danh_muc_chuyen_sau_dia_diem_le_hoi_van_hoa_vl_tv_bt.csv; docs/research/nghien_cuu_12_chieu_thu_muc_nguon_mo_rong.csv,research_report; research_corpus,docs/archive/bao_cao_chuyen_sau_dia_diem_le_hoi_van_hoa_vl_tv_bt.md,194,- **Nguồn corpus:** [Báo Vĩnh Long](https://baovinhlong.com.vn/van-hoa-giai-tri/202604/ra-mat-xom-nghe-lan-vuong-phuc-vu-du-khach-trai-nghiem-dip-le-304-va-15-c942616/)
https://baovinhlong.com.vn/xa-hoi/202510/kien-tao-khong-gian-dac-trung-lang-van-hoa-du-lich-cho-lach-33703b3/,6,docs/archive/bao_cao_chuyen_sau_dia_diem_le_hoi_van_hoa_vl_tv_bt.md; docs/archive/bao_cao_nghien_cuu_van_hoa_du_lich_vinh_long_tra_vinh_ben_tre_2025_2026.md; docs/research/baovinhlong_du_lich_evidence_matrix_2025_2026.csv; docs/research/baovinhlong_du_lich_urls_2025_2026.csv; docs/research/danh_muc_chuyen_sau_dia_diem_le_hoi_van_hoa_vl_tv_bt.csv; docs/research/nghien_cuu_12_chieu_thu_muc_nguon_mo_rong.csv,research_report; research_corpus,docs/archive/bao_cao_chuyen_sau_dia_diem_le_hoi_van_hoa_vl_tv_bt.md,204,- **Nguồn corpus:** [Báo Vĩnh Long](https://baovinhlong.com.vn/xa-hoi/202510/kien-tao-khong-gian-dac-trung-lang-van-hoa-du-lich-cho-lach-33703b3/); **nguồn bổ sung:** [nguồn chính thống/tham khảo](https://vietnamtourism.gov.vn/post/45347)
https://vietnamtourism.gov.vn/post/45347,5,docs/archive/bao_cao_chuyen_sau_dia_diem_le_hoi_van_hoa_vl_tv_bt.md; docs/research/danh_muc_chuyen_sau_dia_diem_le_hoi_van_hoa_vl_tv_bt.csv; docs/research/nghien_cuu_12_chieu_thu_muc_nguon_mo_rong.csv; docs/research/nghien_cuu_6_tang_thu_muc_nguon.csv,research_report; research_corpus,docs/archive/bao_cao_chuyen_sau_dia_diem_le_hoi_van_hoa_vl_tv_bt.md,204,- **Nguồn corpus:** [Báo Vĩnh Long](https://baovinhlong.com.vn/xa-hoi/202510/kien-tao-khong-gian-dac-trung-lang-van-hoa-du-lich-cho-lach-33703b3/); **nguồn bổ sung:** [nguồn chính thống/tham khảo](https://vietnamtourism.gov.vn/post/45347)
https://baovinhlong.com.vn/kinh-te/thuong-mai-dich-vu/202606/khai-mac-tuan-le-van-hoa-du-lich-am-thuc-banh-dan-gian-nam-bo-vi-ngon-xu-dua-phuong-an-hoi-ce310af/,7,docs/archive/bao_cao_chuyen_sau_dia_diem_le_hoi_van_hoa_vl_tv_bt.md; docs/archive/bao_cao_nghien_cuu_van_hoa_du_lich_vinh_long_tra_vinh_ben_tre_2025_2026.md; docs/research/baovinhlong_du_lich_evidence_matrix_2025_2026.csv; docs/research/baovinhlong_du_lich_urls_2025_2026.csv; docs/research/danh_muc_chuyen_sau_dia_diem_le_hoi_van_hoa_vl_tv_bt.csv; docs/research/nghien_cuu_12_chieu_thu_muc_nguon_mo_rong.csv,research_report; research_corpus,docs/archive/bao_cao_chuyen_sau_dia_diem_le_hoi_van_hoa_vl_tv_bt.md,214,- **Nguồn corpus:** [Báo Vĩnh Long](https://baovinhlong.com.vn/kinh-te/thuong-mai-dich-vu/202606/khai-mac-tuan-le-van-hoa-du-lich-am-thuc-banh-dan-gian-nam-bo-vi-ngon-xu-dua-phuong-an-hoi-ce310af/); **nguồn bổ sung:** [nguồn chính thống/tham khảo](https://vietnamtourism.gov.vn/post/62273)
https://vietnamtourism.gov.vn/post/62273,3,docs/archive/bao_cao_chuyen_sau_dia_diem_le_hoi_van_hoa_vl_tv_bt.md; docs/research/danh_muc_chuyen_sau_dia_diem_le_hoi_van_hoa_vl_tv_bt.csv,research_report; research_corpus,docs/archive/bao_cao_chuyen_sau_dia_diem_le_hoi_van_hoa_vl_tv_bt.md,214,- **Nguồn corpus:** [Báo Vĩnh Long](https://baovinhlong.com.vn/kinh-te/thuong-mai-dich-vu/202606/khai-mac-tuan-le-van-hoa-du-lich-am-thuc-banh-dan-gian-nam-bo-vi-ngon-xu-dua-phuong-an-hoi-ce310af/); **nguồn bổ sung:** [nguồn chính thống/tham khảo](https://vietnamtourism.gov.vn/post/62273)
https://baovinhlong.com.vn/van-hoa-giai-tri/202604/he-soi-dong-voi-canh-dong-dieu-o-ba-tri-242433c/,6,docs/archive/bao_cao_chuyen_sau_dia_diem_le_hoi_van_hoa_vl_tv_bt.md; docs/archive/bao_cao_nghien_cuu_van_hoa_du_lich_vinh_long_tra_vinh_ben_tre_2025_2026.md; docs/research/baovinhlong_du_lich_evidence_matrix_2025_2026.csv; docs/research/baovinhlong_du_lich_urls_2025_2026.csv; docs/research/danh_muc_chuyen_sau_dia_diem_le_hoi_van_hoa_vl_tv_bt.csv; docs/research/nghien_cuu_12_chieu_thu_muc_nguon_mo_rong.csv,research_report; research_corpus,docs/archive/bao_cao_chuyen_sau_dia_diem_le_hoi_van_hoa_vl_tv_bt.md,224,- **Nguồn corpus:** [Báo Vĩnh Long](https://baovinhlong.com.vn/van-hoa-giai-tri/202604/he-soi-dong-voi-canh-dong-dieu-o-ba-tri-242433c/)
https://baovinhlong.com.vn/van-hoa-giai-tri/202512/50-hoc-vien-du-tap-huan-bao-ton-phat-huy-gia-tri-nghe-thuat-mua-ro-bam-gan-voi-phat-trien-du-lich-f4b2c97/,6,docs/archive/bao_cao_chuyen_sau_dia_diem_le_hoi_van_hoa_vl_tv_bt.md; docs/archive/bao_cao_nghien_cuu_van_hoa_du_lich_vinh_long_tra_vinh_ben_tre_2025_2026.md; docs/research/baovinhlong_du_lich_evidence_matrix_2025_2026.csv; docs/research/baovinhlong_du_lich_urls_2025_2026.csv; docs/research/danh_muc_chuyen_sau_dia_diem_le_hoi_van_hoa_vl_tv_bt.csv; docs/research/nghien_cuu_12_chieu_thu_muc_nguon_mo_rong.csv,research_report; research_corpus,docs/archive/bao_cao_chuyen_sau_dia_diem_le_hoi_van_hoa_vl_tv_bt.md,244,- **Nguồn corpus:** [Báo Vĩnh Long](https://baovinhlong.com.vn/van-hoa-giai-tri/202512/50-hoc-vien-du-tap-huan-bao-ton-phat-huy-gia-tri-nghe-thuat-mua-ro-bam-gan-voi-phat-trien-du-lich-f4b2c97/); **nguồn bổ sung:** [nguồn chính thống/tham khảo](https://vinhlong.gov.vn/du-khach/le-hoi-truyen-thong)
https://vinhlong.gov.vn/du-khach/le-hoi-truyen-thong,6,docs/archive/bao_cao_chuyen_sau_dia_diem_le_hoi_van_hoa_vl_tv_bt.md; docs/archive/bao_cao_nghien_cuu_da_nguon_6_tang_vl_tv_bt.md; docs/research/danh_muc_chuyen_sau_dia_diem_le_hoi_van_hoa_vl_tv_bt.csv; docs/research/nghien_cuu_12_chieu_thu_muc_nguon_mo_rong.csv; docs/research/nghien_cuu_6_tang_thu_muc_nguon.csv,research_report; research_corpus,docs/archive/bao_cao_chuyen_sau_dia_diem_le_hoi_van_hoa_vl_tv_bt.md,244,- **Nguồn corpus:** [Báo Vĩnh Long](https://baovinhlong.com.vn/van-hoa-giai-tri/202512/50-hoc-vien-du-tap-huan-bao-ton-phat-huy-gia-tri-nghe-thuat-mua-ro-bam-gan-voi-phat-trien-du-lich-f4b2c97/); **nguồn bổ sung:** [nguồn chính thống/tham khảo](https://vinhlong.gov.vn/du-khach/le-hoi-truyen-thong)
https://baovinhlong.com.vn/van-hoa-giai-tri/202602/sac-mau-ban-do-am-thuc-vinh-long-c4f07a9/,6,docs/archive/bao_cao_chuyen_sau_dia_diem_le_hoi_van_hoa_vl_tv_bt.md; docs/archive/bao_cao_nghien_cuu_van_hoa_du_lich_vinh_long_tra_vinh_ben_tre_2025_2026.md; docs/research/baovinhlong_du_lich_evidence_matrix_2025_2026.csv; docs/research/baovinhlong_du_lich_urls_2025_2026.csv; docs/research/danh_muc_chuyen_sau_dia_diem_le_hoi_van_hoa_vl_tv_bt.csv; docs/research/nghien_cuu_12_chieu_thu_muc_nguon_mo_rong.csv,research_report; research_corpus,docs/archive/bao_cao_chuyen_sau_dia_diem_le_hoi_van_hoa_vl_tv_bt.md,254,- **Nguồn corpus:** [Báo Vĩnh Long](https://baovinhlong.com.vn/van-hoa-giai-tri/202602/sac-mau-ban-do-am-thuc-vinh-long-c4f07a9/)
https://baovinhlong.com.vn/xa-hoi/du-lich/202604/vinh-long-ban-hanh-bo-tieu-chi-du-lich-xanh-ae52034/,6,docs/archive/bao_cao_chuyen_sau_dia_diem_le_hoi_van_hoa_vl_tv_bt.md; docs/archive/bao_cao_nghien_cuu_van_hoa_du_lich_vinh_long_tra_vinh_ben_tre_2025_2026.md; docs/research/baovinhlong_du_lich_evidence_matrix_2025_2026.csv; docs/research/baovinhlong_du_lich_urls_2025_2026.csv; docs/research/nghien_cuu_12_chieu_thu_muc_nguon_mo_rong.csv,research_report; research_corpus,docs/archive/bao_cao_chuyen_sau_dia_diem_le_hoi_van_hoa_vl_tv_bt.md,377,- [Vĩnh Long ban hành Bộ tiêu chí du lịch xanh](https://baovinhlong.com.vn/xa-hoi/du-lich/202604/vinh-long-ban-hanh-bo-tieu-chi-du-lich-xanh-ae52034/)
https://baovinhlong.com.vn/xa-hoi/du-lich/202501/to-chuc-lai-khong-gian-phat-trien-du-lich-939670e/,5,docs/archive/bao_cao_chuyen_sau_dia_diem_le_hoi_van_hoa_vl_tv_bt.md; docs/archive/bao_cao_nghien_cuu_van_hoa_du_lich_vinh_long_tra_vinh_ben_tre_2025_2026.md; docs/research/baovinhlong_du_lich_evidence_matrix_2025_2026.csv; docs/research/baovinhlong_du_lich_urls_2025_2026.csv; docs/research/nghien_cuu_12_chieu_thu_muc_nguon_mo_rong.csv,research_report; research_corpus,docs/archive/bao_cao_chuyen_sau_dia_diem_le_hoi_van_hoa_vl_tv_bt.md,378,- [Tổ chức lại không gian phát triển du lịch](https://baovinhlong.com.vn/xa-hoi/du-lich/202501/to-chuc-lai-khong-gian-phat-trien-du-lich-939670e/)
https://baovinhlong.com.vn/xa-hoi/du-lich/202602/tren-16000-luot-khach-den-khu-du-lich-bien-ba-dong-dip-tet-0620e93/,5,docs/archive/bao_cao_chuyen_sau_dia_diem_le_hoi_van_hoa_vl_tv_bt.md; docs/archive/bao_cao_nghien_cuu_van_hoa_du_lich_vinh_long_tra_vinh_ben_tre_2025_2026.md; docs/research/baovinhlong_du_lich_evidence_matrix_2025_2026.csv; docs/research/baovinhlong_du_lich_urls_2025_2026.csv; docs/research/nghien_cuu_12_chieu_thu_muc_nguon_mo_rong.csv,research_report; research_corpus,docs/archive/bao_cao_chuyen_sau_dia_diem_le_hoi_van_hoa_vl_tv_bt.md,384,- [Trên 16.000 lượt khách đến Khu du lịch Biển Ba Động dịp Tết](https://baovinhlong.com.vn/xa-hoi/du-lich/202602/tren-16000-luot-khach-den-khu-du-lich-bien-ba-dong-dip-tet-0620e93/)
https://baovinhlong.com.vn/van-hoa-giai-tri/202605/ket-noi-gap-go-gan-40-doanh-nghiep-hoi-vien-du-lich-khu-vuc-tra-vinh-c3f3c46/,5,docs/archive/bao_cao_chuyen_sau_dia_diem_le_hoi_van_hoa_vl_tv_bt.md; docs/archive/bao_cao_nghien_cuu_van_hoa_du_lich_vinh_long_tra_vinh_ben_tre_2025_2026.md; docs/research/baovinhlong_du_lich_evidence_matrix_2025_2026.csv; docs/research/baovinhlong_du_lich_urls_2025_2026.csv; docs/research/nghien_cuu_12_chieu_thu_muc_nguon_mo_rong.csv,research_report; research_corpus,docs/archive/bao_cao_chuyen_sau_dia_diem_le_hoi_van_hoa_vl_tv_bt.md,386,"- [Kết nối, gặp gỡ gần 40 doanh nghiệp, hội viên du lịch khu vực Trà Vinh](https://baovinhlong.com.vn/van-hoa-giai-tri/202605/ket-noi-gap-go-gan-40-doanh-nghiep-hoi-vien-du-lich-khu-vuc-tra-vinh-c3f3c46/)"
https://baovinhlong.com.vn/xa-hoi/du-lich/202509/tuan-le-vu-lan-thang-hoi-dien-ra-tu-ngay-13-199-7fe1191/,5,docs/archive/bao_cao_chuyen_sau_dia_diem_le_hoi_van_hoa_vl_tv_bt.md; docs/archive/bao_cao_nghien_cuu_van_hoa_du_lich_vinh_long_tra_vinh_ben_tre_2025_2026.md; docs/research/baovinhlong_du_lich_evidence_matrix_2025_2026.csv; docs/research/baovinhlong_du_lich_urls_2025_2026.csv; docs/research/nghien_cuu_12_chieu_thu_muc_nguon_mo_rong.csv,research_report; research_corpus,docs/archive/bao_cao_chuyen_sau_dia_diem_le_hoi_van_hoa_vl_tv_bt.md,387,- [Tuần lễ Vu lan Thắng hội diễn ra từ ngày 13-19/9](https://baovinhlong.com.vn/xa-hoi/du-lich/202509/tuan-le-vu-lan-thang-hoi-dien-ra-tu-ngay-13-199-7fe1191/)
https://baovinhlong.com.vn/kinh-te/202510/cho-lach-tap-trung-phat-trien-cac-lang-nghe-truyen-thong-gan-voi-du-lich-dec2d84/,5,docs/archive/bao_cao_chuyen_sau_dia_diem_le_hoi_van_hoa_vl_tv_bt.md; docs/archive/bao_cao_nghien_cuu_van_hoa_du_lich_vinh_long_tra_vinh_ben_tre_2025_2026.md; docs/research/baovinhlong_du_lich_evidence_matrix_2025_2026.csv; docs/research/baovinhlong_du_lich_urls_2025_2026.csv; docs/research/nghien_cuu_12_chieu_thu_muc_nguon_mo_rong.csv,research_report; research_corpus,docs/archive/bao_cao_chuyen_sau_dia_diem_le_hoi_van_hoa_vl_tv_bt.md,395,- [Chợ Lách tập trung phát triển các làng nghề truyền thống gắn với du lịch](https://baovinhlong.com.vn/kinh-te/202510/cho-lach-tap-trung-phat-trien-cac-lang-nghe-truyen-thong-gan-voi-du-lich-dec2d84/)
https://dsvh.gov.vn/nghe-thuat-ro-bam-cua-nguoi-khmer-o-soc-trang-3123,3,docs/archive/bao_cao_nghien_cuu_da_nguon_6_tang_vl_tv_bt.md; docs/research/nghien_cuu_12_chieu_thu_muc_nguon_mo_rong.csv; docs/research/nghien_cuu_6_tang_thu_muc_nguon.csv,research_report; research_corpus,docs/archive/bao_cao_nghien_cuu_da_nguon_6_tang_vl_tv_bt.md,44,- Cục Di sản xác nhận Rô-băm ở Sóc Trăng và Trà Vinh là loại hình sân khấu Khmer bản địa hóa trong môi trường Nam Bộ. Nguồn: https://dsvh.gov.vn/nghe-thuat-ro-bam-cua-nguoi-khmer-o-soc-trang-3123
https://www.vietnamplus.vn/mang-thit-tu-lang-nghe-tram-nam-toi-diem-den-du-lich-doc-dao-post1100389.vnp,3,docs/archive/bao_cao_nghien_cuu_da_nguon_6_tang_vl_tv_bt.md; docs/research/nghien_cuu_12_chieu_thu_muc_nguon_mo_rong.csv; docs/research/nghien_cuu_6_tang_thu_muc_nguon.csv,research_report; research_corpus,docs/archive/bao_cao_nghien_cuu_da_nguon_6_tang_vl_tv_bt.md,54,"- Mang Thít được nhắc lặp lại như “vương quốc gạch gốm”, từ làng nghề trăm năm chuyển sang điểm đến văn hóa - du lịch. VietnamPlus và VOV đều có bài riêng về hướng hồi sinh/du lịch hóa. Nguồn: https://www.vietnamplus.vn/mang-thit-tu-lang-nghe-tram-nam-toi-diem-den-du-lich-doc-dao-post1100389.vnp và https://vov.vn/du-lich/lo-gach-mang-thit-vuong-quoc-gach-gom-hoi-sinh-thanh-diem-du-lich-hap-dan-post1228814.vov"
https://vov.vn/du-lich/lo-gach-mang-thit-vuong-quoc-gach-gom-hoi-sinh-thanh-diem-du-lich-hap-dan-post1228814.vov,3,docs/archive/bao_cao_nghien_cuu_da_nguon_6_tang_vl_tv_bt.md; docs/research/nghien_cuu_12_chieu_thu_muc_nguon_mo_rong.csv; docs/research/nghien_cuu_6_tang_thu_muc_nguon.csv,research_report; research_corpus,docs/archive/bao_cao_nghien_cuu_da_nguon_6_tang_vl_tv_bt.md,54,"- Mang Thít được nhắc lặp lại như “vương quốc gạch gốm”, từ làng nghề trăm năm chuyển sang điểm đến văn hóa - du lịch. VietnamPlus và VOV đều có bài riêng về hướng hồi sinh/du lịch hóa. Nguồn: https://www.vietnamplus.vn/mang-thit-tu-lang-nghe-tram-nam-toi-diem-den-du-lich-doc-dao-post1100389.vnp và https://vov.vn/du-lich/lo-gach-mang-thit-vuong-quoc-gach-gom-hoi-sinh-thanh-diem-du-lich-hap-dan-post1228814.vov"
https://www.vietnamplus.vn/tra-vinh-dac-sac-dem-le-hoi-ok-om-bok-cua-dong-bao-khmer-post993712.vnp,3,docs/archive/bao_cao_nghien_cuu_da_nguon_6_tang_vl_tv_bt.md; docs/research/nghien_cuu_12_chieu_thu_muc_nguon_mo_rong.csv; docs/research/nghien_cuu_6_tang_thu_muc_nguon.csv,research_report; research_corpus,docs/archive/bao_cao_nghien_cuu_da_nguon_6_tang_vl_tv_bt.md,55,"- Ok Om Bok không chỉ là lễ hội, mà đã được tổ chức như tuần lễ văn hóa - du lịch - ẩm thực - OCOP. Nguồn: https://www.vietnamplus.vn/tra-vinh-dac-sac-dem-le-hoi-ok-om-bok-cua-dong-bao-khmer-post993712.vnp"
https://www.vietnamplus.vn/du-lich-ben-tre-nhieu-tin-hieu-tich-cuc-trong-nua-dau-nam-2024-post964743.vnp,3,docs/archive/bao_cao_nghien_cuu_da_nguon_6_tang_vl_tv_bt.md; docs/research/nghien_cuu_12_chieu_thu_muc_nguon_mo_rong.csv; docs/research/nghien_cuu_6_tang_thu_muc_nguon.csv,research_report; research_corpus,docs/archive/bao_cao_nghien_cuu_da_nguon_6_tang_vl_tv_bt.md,56,"- Bến Tre được báo chí mô tả qua trải nghiệm sông nước, kẹo dừa, dệt chiếu, Chợ Lách và famtrip quốc tế. Nguồn: https://www.vietnamplus.vn/du-lich-ben-tre-nhieu-tin-hieu-tich-cuc-trong-nua-dau-nam-2024-post964743.vnp"
https://www.vietnamplus.vn/ben-tre-thu-hut-du-khach-den-voi-vung-dat-4-mua-sung-tuc-dat-lanh-chim-dau-post965002.vnp,3,docs/archive/bao_cao_nghien_cuu_da_nguon_6_tang_vl_tv_bt.md; docs/research/nghien_cuu_12_chieu_thu_muc_nguon_mo_rong.csv; docs/research/nghien_cuu_6_tang_thu_muc_nguon.csv,research_report; research_corpus,docs/archive/bao_cao_nghien_cuu_da_nguon_6_tang_vl_tv_bt.md,57,"- Chợ Lách đã có bộ nhận diện Làng Văn hóa Du lịch, gắn 4 xã và diện tích gần 1.500 ha trong bài VietnamPlus. Nguồn: https://www.vietnamplus.vn/ben-tre-thu-hut-du-khach-den-voi-vung-dat-4-mua-sung-tuc-dat-lanh-chim-dau-post965002.vnp"
https://ojs.tapchicongthuong.vn/vi/ojs-post/le-hoi-ok-om-bok-cua-nguoi-khmer--tinh-tra-vinh--trong-phat-trien-du-lich-72737.htm,3,docs/archive/bao_cao_nghien_cuu_da_nguon_6_tang_vl_tv_bt.md; docs/research/nghien_cuu_12_chieu_thu_muc_nguon_mo_rong.csv; docs/research/nghien_cuu_6_tang_thu_muc_nguon.csv,research_report; research_corpus,docs/archive/bao_cao_nghien_cuu_da_nguon_6_tang_vl_tv_bt.md,67,"- Ok Om Bok có giá trị tâm linh và du lịch, nhưng để khai thác cần cải thiện sản phẩm, kênh quảng bá và hoạt động du lịch tại lễ hội. Nguồn: https://ojs.tapchicongthuong.vn/vi/ojs-post/le-hoi-ok-om-bok-cua-nguoi-khmer--tinh-tra-vinh--trong-phat-trien-du-lich-72737.htm"
https://tapchicongthuong.vn/du-lich-va-cong-tac-bao-ton-di-san-van-hoa-khmer-nam-bo-tai-tra-vinh-bai-hoc-kinh-nghiem-tu-cac-quoc-gia-76425.htm,3,docs/archive/bao_cao_nghien_cuu_da_nguon_6_tang_vl_tv_bt.md; docs/research/nghien_cuu_12_chieu_thu_muc_nguon_mo_rong.csv; docs/research/nghien_cuu_6_tang_thu_muc_nguon.csv,research_report; research_corpus,docs/archive/bao_cao_nghien_cuu_da_nguon_6_tang_vl_tv_bt.md,68,- Bảo tồn văn hóa Khmer cần đóng gói theo combo sản phẩm thay vì các điểm rời rạc. Nguồn: https://tapchicongthuong.vn/du-lich-va-cong-tac-bao-ton-di-san-van-hoa-khmer-nam-bo-tai-tra-vinh-bai-hoc-kinh-nghiem-tu-cac-quoc-gia-76425.htm
https://tapchicongthuong.vn/giai-phap-phat-trien-du-lich-trai-nghiem-tai-cu-lao-an-binh--tinh-vinh-long-89488.htm,3,docs/archive/bao_cao_nghien_cuu_da_nguon_6_tang_vl_tv_bt.md; docs/research/nghien_cuu_12_chieu_thu_muc_nguon_mo_rong.csv; docs/research/nghien_cuu_6_tang_thu_muc_nguon.csv,research_report; research_corpus,docs/archive/bao_cao_nghien_cuu_da_nguon_6_tang_vl_tv_bt.md,69,"- Cù lao An Bình có nền tảng nghiên cứu về du lịch trải nghiệm và du lịch sinh thái, xác nhận đây không chỉ là điểm tham quan vườn mà có thể phát triển dựa trên trải nghiệm sống chậm, sông nước, homestay, nhà vườn. Nguồn: https://tapchicongthuong.vn/giai-phap-phat-trien-du-lich-trai-nghiem-tai-cu-lao-an-binh--tinh-vinh-long-89488.htm và https://journal.hcmue.edu.vn/index.php/hcmuejos/article/view/3250"
https://journal.hcmue.edu.vn/index.php/hcmuejos/article/view/3250,3,docs/archive/bao_cao_nghien_cuu_da_nguon_6_tang_vl_tv_bt.md; docs/research/nghien_cuu_12_chieu_thu_muc_nguon_mo_rong.csv; docs/research/nghien_cuu_6_tang_thu_muc_nguon.csv,research_report; research_corpus,docs/archive/bao_cao_nghien_cuu_da_nguon_6_tang_vl_tv_bt.md,69,"- Cù lao An Bình có nền tảng nghiên cứu về du lịch trải nghiệm và du lịch sinh thái, xác nhận đây không chỉ là điểm tham quan vườn mà có thể phát triển dựa trên trải nghiệm sống chậm, sông nước, homestay, nhà vườn. Nguồn: https://tapchicongthuong.vn/giai-phap-phat-trien-du-lich-trai-nghiem-tai-cu-lao-an-binh--tinh-vinh-long-89488.htm và https://journal.hcmue.edu.vn/index.php/hcmuejos/article/view/3250"
https://www.researchgate.net/publication/395950672_Lang_nghe_gach_gom_Mang_Thit_tu_Di_san_Van_hoa_den_San_pham_Du_lich_dac_thu,3,docs/archive/bao_cao_nghien_cuu_da_nguon_6_tang_vl_tv_bt.md; docs/research/nghien_cuu_12_chieu_thu_muc_nguon_mo_rong.csv; docs/research/nghien_cuu_6_tang_thu_muc_nguon.csv,research_report; research_corpus,docs/archive/bao_cao_nghien_cuu_da_nguon_6_tang_vl_tv_bt.md,70,"- Mang Thít nên phát triển theo mô hình tích hợp bảo tồn di sản, cộng đồng và sáng tạo sản phẩm mới, không chỉ chụp ảnh lò gạch. Nguồn: https://www.researchgate.net/publication/395950672_Lang_nghe_gach_gom_Mang_Thit_tu_Di_san_Van_hoa_den_San_pham_Du_lich_dac_thu"
https://saigontourist.net/services/tour-1-ngay-ve-mien-dat-cu-lao-kham-pha-con-thoi-son-con-phung-3132,3,docs/archive/bao_cao_nghien_cuu_da_nguon_6_tang_vl_tv_bt.md; docs/research/nghien_cuu_12_chieu_thu_muc_nguon_mo_rong.csv; docs/research/nghien_cuu_6_tang_thu_muc_nguon.csv,research_report; research_corpus,docs/archive/bao_cao_nghien_cuu_da_nguon_6_tang_vl_tv_bt.md,80,"- Saigontourist có tour 1 ngày Thới Sơn - Cồn Phụng, có giá và dịch vụ bao gồm: đò, xuồng chèo, nước dừa, bữa trưa, trái cây, trà mật ong, đờn ca tài tử, hướng dẫn viên. Nguồn: https://saigontourist.net/services/tour-1-ngay-ve-mien-dat-cu-lao-kham-pha-con-thoi-son-con-phung-3132"
https://www.saigontourist.net/tour/ben-tre-tra-vinh-vinh-long-dong-thap-tien-giang-2369,3,docs/archive/bao_cao_nghien_cuu_da_nguon_6_tang_vl_tv_bt.md; docs/research/nghien_cuu_12_chieu_thu_muc_nguon_mo_rong.csv; docs/research/nghien_cuu_6_tang_thu_muc_nguon.csv,research_report; research_corpus,docs/archive/bao_cao_nghien_cuu_da_nguon_6_tang_vl_tv_bt.md,81,"- Saigontourist cũng có tour liên vùng Bến Tre - Trà Vinh - Vĩnh Long - Đồng Tháp - Tiền Giang, trong đó có Bảo tàng Dừa sáp Trà Vinh, Ao Bà Om, chùa Âng, Mang Thít. Nguồn: https://www.saigontourist.net/tour/ben-tre-tra-vinh-vinh-long-dong-thap-tien-giang-2369"
https://travel.com.vn/du-lich-con-phung,3,docs/archive/bao_cao_nghien_cuu_da_nguon_6_tang_vl_tv_bt.md; docs/research/nghien_cuu_12_chieu_thu_muc_nguon_mo_rong.csv; docs/research/nghien_cuu_6_tang_thu_muc_nguon.csv,research_report; research_corpus,docs/archive/bao_cao_nghien_cuu_da_nguon_6_tang_vl_tv_bt.md,82,"- Vietravel có các trang/tour về Cồn Phụng, Bến Tre và Cù lao An Bình, cho thấy thông điệp “sông nước - sinh thái - làng nghề” đã quen thuộc với thị trường. Nguồn: https://travel.com.vn/du-lich-con-phung và https://travel.com.vn/du-lich-cu-lao-an-binh"
https://travel.com.vn/du-lich-cu-lao-an-binh,3,docs/archive/bao_cao_nghien_cuu_da_nguon_6_tang_vl_tv_bt.md; docs/research/nghien_cuu_12_chieu_thu_muc_nguon_mo_rong.csv; docs/research/nghien_cuu_6_tang_thu_muc_nguon.csv,research_report; research_corpus,docs/archive/bao_cao_nghien_cuu_da_nguon_6_tang_vl_tv_bt.md,82,"- Vietravel có các trang/tour về Cồn Phụng, Bến Tre và Cù lao An Bình, cho thấy thông điệp “sông nước - sinh thái - làng nghề” đã quen thuộc với thị trường. Nguồn: https://travel.com.vn/du-lich-con-phung và https://travel.com.vn/du-lich-cu-lao-an-binh"
https://www.klook.com/en-US/destination/p50293803-c%E1%BB%93n-ph%E1%BB%A5ng/,3,docs/archive/bao_cao_nghien_cuu_da_nguon_6_tang_vl_tv_bt.md; docs/research/nghien_cuu_12_chieu_thu_muc_nguon_mo_rong.csv; docs/research/nghien_cuu_6_tang_thu_muc_nguon.csv,research_report; research_corpus,docs/archive/bao_cao_nghien_cuu_da_nguon_6_tang_vl_tv_bt.md,83,"- Klook phản ánh nhu cầu khách quốc tế với tour Mekong/coconut village; review nhấn mạnh trải nghiệm kẹo dừa, cộng đồng địa phương và vận hành tour. Nguồn: https://www.klook.com/en-US/destination/p50293803-c%E1%BB%93n-ph%E1%BB%A5ng/"
https://baovinhlong.com.vn/xa-hoi/du-lich/202502/tam-giacket-noi-tour-du-lich-ben-tre-tra-vinh-vinh-long-1ca37b2/,5,docs/archive/bao_cao_nghien_cuu_van_hoa_du_lich_vinh_long_tra_vinh_ben_tre_2025_2026.md; docs/research/baovinhlong_du_lich_evidence_matrix_2025_2026.csv; docs/research/baovinhlong_du_lich_urls_2025_2026.csv; docs/research/nghien_cuu_12_chieu_thu_muc_nguon_mo_rong.csv,research_report; research_corpus,docs/archive/bao_cao_nghien_cuu_van_hoa_du_lich_vinh_long_tra_vinh_ben_tre_2025_2026.md,57,"Các bài như [“Tam giác” kết nối tour du lịch Bến Tre- Trà Vinh - Vĩnh Long](https://baovinhlong.com.vn/xa-hoi/du-lich/202502/tam-giacket-noi-tour-du-lich-ben-tre-tra-vinh-vinh-long-1ca37b2/), [Điểm nhấn hấp dẫn du lịch đường thủy](https://baovinhlong.com.vn/xa-hoi/du-lich/202603/diem-nhan-hap-dan-du-lich-duong-thuy-28331ea/), [Phát huy tiềm năng, lợi thế đưa du lịch tỉnh phát triển](https://baovinhlong.com.vn/xa-hoi/du-lich/202604/phat-huy-tiem-nang-loi-the-dua-du-lich-tinh-phat-trien-34f44d2/) "
https://baovinhlong.com.vn/xa-hoi/du-lich/202604/phat-huy-tiem-nang-loi-the-dua-du-lich-tinh-phat-trien-34f44d2/,5,docs/archive/bao_cao_nghien_cuu_van_hoa_du_lich_vinh_long_tra_vinh_ben_tre_2025_2026.md; docs/research/baovinhlong_du_lich_evidence_matrix_2025_2026.csv; docs/research/baovinhlong_du_lich_urls_2025_2026.csv; docs/research/nghien_cuu_12_chieu_thu_muc_nguon_mo_rong.csv,research_report; research_corpus,docs/archive/bao_cao_nghien_cuu_van_hoa_du_lich_vinh_long_tra_vinh_ben_tre_2025_2026.md,57,"Các bài như [“Tam giác” kết nối tour du lịch Bến Tre- Trà Vinh - Vĩnh Long](https://baovinhlong.com.vn/xa-hoi/du-lich/202502/tam-giacket-noi-tour-du-lich-ben-tre-tra-vinh-vinh-long-1ca37b2/), [Điểm nhấn hấp dẫn du lịch đường thủy](https://baovinhlong.com.vn/xa-hoi/du-lich/202603/diem-nhan-hap-dan-du-lich-duong-thuy-28331ea/), [Phát huy tiềm năng, lợi thế đưa du lịch tỉnh phát triển](https://baovinhlong.com.vn/xa-hoi/du-lich/202604/phat-huy-tiem-nang-loi-the-dua-du-lich-tinh-phat-trien-34f44d2/) "
https://baovinhlong.com.vn/xa-hoi/du-lich/202511/day-manh-lien-ket-trong-phat-trien-du-lich-f2c40b6/,5,docs/archive/bao_cao_nghien_cuu_van_hoa_du_lich_vinh_long_tra_vinh_ben_tre_2025_2026.md; docs/research/baovinhlong_du_lich_evidence_matrix_2025_2026.csv; docs/research/baovinhlong_du_lich_urls_2025_2026.csv; docs/research/nghien_cuu_12_chieu_thu_muc_nguon_mo_rong.csv,research_report; research_corpus,docs/archive/bao_cao_nghien_cuu_van_hoa_du_lich_vinh_long_tra_vinh_ben_tre_2025_2026.md,57,"Các bài như [“Tam giác” kết nối tour du lịch Bến Tre- Trà Vinh - Vĩnh Long](https://baovinhlong.com.vn/xa-hoi/du-lich/202502/tam-giacket-noi-tour-du-lich-ben-tre-tra-vinh-vinh-long-1ca37b2/), [Điểm nhấn hấp dẫn du lịch đường thủy](https://baovinhlong.com.vn/xa-hoi/du-lich/202603/diem-nhan-hap-dan-du-lich-duong-thuy-28331ea/), [Phát huy tiềm năng, lợi thế đưa du lịch tỉnh phát triển](https://baovinhlong.com.vn/xa-hoi/du-lich/202604/phat-huy-tiem-nang-loi-the-dua-du-lich-tinh-phat-trien-34f44d2/) "
https://baovinhlong.com.vn/xa-hoi/du-lich/202604/pho-bi-thu-tinh-uy-chu-tich-ubnd-tinh-tran-tri-quang-khao-sat-thuc-te-khu-lo-gach-gom-mang-thit-va-cac-diem-du-lich-3524beb/,5,docs/archive/bao_cao_nghien_cuu_van_hoa_du_lich_vinh_long_tra_vinh_ben_tre_2025_2026.md; docs/research/baovinhlong_du_lich_evidence_matrix_2025_2026.csv; docs/research/baovinhlong_du_lich_urls_2025_2026.csv; docs/research/nghien_cuu_12_chieu_thu_muc_nguon_mo_rong.csv,research_report; research_corpus,docs/archive/bao_cao_nghien_cuu_van_hoa_du_lich_vinh_long_tra_vinh_ben_tre_2025_2026.md,87,"- **Khu lò gạch, gốm Mang Thít:** là tài sản có khả năng chuyển hóa từ sản xuất truyền thống thành không gian di sản đương đại. Các bài [Phát triển sản phẩm du lịch đặc thù từ làng nghề gạch, gốm](https://baovinhlong.com.vn/phong-su-ky-su/202604/phat-trien-san-pham-du-lich-dac-thu-tu-lang-nghe-gach-gom-7f54c8b/), [Khảo sát thực tế Khu lò gạch, gốm Mang Thít và các điểm du lịch](https://baovinhlong.com.vn/xa-hoi/du-lich/202604/pho-bi-thu-tinh-uy-chu-tich-ubnd-tinh-tran-tri-quang-khao-sat-thuc-te-"
https://baovinhlong.com.vn/nhip-song-dong-bang/202508/suc-song-moi-tu-nhung-lo-gach-cu-be712da/,5,docs/archive/bao_cao_nghien_cuu_van_hoa_du_lich_vinh_long_tra_vinh_ben_tre_2025_2026.md; docs/research/baovinhlong_du_lich_evidence_matrix_2025_2026.csv; docs/research/baovinhlong_du_lich_urls_2025_2026.csv; docs/research/nghien_cuu_12_chieu_thu_muc_nguon_mo_rong.csv,research_report; research_corpus,docs/archive/bao_cao_nghien_cuu_van_hoa_du_lich_vinh_long_tra_vinh_ben_tre_2025_2026.md,87,"- **Khu lò gạch, gốm Mang Thít:** là tài sản có khả năng chuyển hóa từ sản xuất truyền thống thành không gian di sản đương đại. Các bài [Phát triển sản phẩm du lịch đặc thù từ làng nghề gạch, gốm](https://baovinhlong.com.vn/phong-su-ky-su/202604/phat-trien-san-pham-du-lich-dac-thu-tu-lang-nghe-gach-gom-7f54c8b/), [Khảo sát thực tế Khu lò gạch, gốm Mang Thít và các điểm du lịch](https://baovinhlong.com.vn/xa-hoi/du-lich/202604/pho-bi-thu-tinh-uy-chu-tich-ubnd-tinh-tran-tri-quang-khao-sat-thuc-te-"
https://baovinhlong.com.vn/phong-su-anh/202512/tram-am-duong-gom-do-ve-dem-1345515/,5,docs/archive/bao_cao_nghien_cuu_van_hoa_du_lich_vinh_long_tra_vinh_ben_tre_2025_2026.md; docs/research/baovinhlong_du_lich_evidence_matrix_2025_2026.csv; docs/research/baovinhlong_du_lich_urls_2025_2026.csv; docs/research/nghien_cuu_12_chieu_thu_muc_nguon_mo_rong.csv,research_report; research_corpus,docs/archive/bao_cao_nghien_cuu_van_hoa_du_lich_vinh_long_tra_vinh_ben_tre_2025_2026.md,87,"- **Khu lò gạch, gốm Mang Thít:** là tài sản có khả năng chuyển hóa từ sản xuất truyền thống thành không gian di sản đương đại. Các bài [Phát triển sản phẩm du lịch đặc thù từ làng nghề gạch, gốm](https://baovinhlong.com.vn/phong-su-ky-su/202604/phat-trien-san-pham-du-lich-dac-thu-tu-lang-nghe-gach-gom-7f54c8b/), [Khảo sát thực tế Khu lò gạch, gốm Mang Thít và các điểm du lịch](https://baovinhlong.com.vn/xa-hoi/du-lich/202604/pho-bi-thu-tinh-uy-chu-tich-ubnd-tinh-tran-tri-quang-khao-sat-thuc-te-"
https://baovinhlong.com.vn/kinh-te/202606/truong-long-hoa-phat-huy-loi-the-phat-trien-kinh-te-bien-62d49fc/,4,docs/archive/bao_cao_nghien_cuu_van_hoa_du_lich_vinh_long_tra_vinh_ben_tre_2025_2026.md; docs/research/baovinhlong_du_lich_evidence_matrix_2025_2026.csv; docs/research/baovinhlong_du_lich_urls_2025_2026.csv; docs/research/nghien_cuu_12_chieu_thu_muc_nguon_mo_rong.csv,research_report; research_corpus,docs/archive/bao_cao_nghien_cuu_van_hoa_du_lich_vinh_long_tra_vinh_ben_tre_2025_2026.md,327,001. 2026-06-15 | Trà Vinh | Trường Long Hòa phát huy lợi thế phát triển kinh tế biển | https://baovinhlong.com.vn/kinh-te/202606/truong-long-hoa-phat-huy-loi-the-phat-trien-kinh-te-bien-62d49fc/
https://baovinhlong.com.vn/nhip-song-dong-bang/202606/khai-mac-tuan-le-van-hoa-am-thuc-ben-tre-tet-doan-ngo-xu-dua-nam-2026-78c0d4f/,4,docs/archive/bao_cao_nghien_cuu_van_hoa_du_lich_vinh_long_tra_vinh_ben_tre_2025_2026.md; docs/research/baovinhlong_du_lich_evidence_matrix_2025_2026.csv; docs/research/baovinhlong_du_lich_urls_2025_2026.csv; docs/research/nghien_cuu_12_chieu_thu_muc_nguon_mo_rong.csv,research_report; research_corpus,docs/archive/bao_cao_nghien_cuu_van_hoa_du_lich_vinh_long_tra_vinh_ben_tre_2025_2026.md,329,003. 2026-06-13 | Vĩnh Long; Bến Tre | Khai mạc Tuần lễ Văn hóa - Ẩm thực “Bến Tre Tết Đoan Ngọ xứ Dừa” năm 2026 | https://baovinhlong.com.vn/nhip-song-dong-bang/202606/khai-mac-tuan-le-van-hoa-am-thuc-ben-tre-tet-doan-ngo-xu-dua-nam-2026-78c0d4f/
https://baovinhlong.com.vn/xa-hoi/du-lich/202606/khai-truong-vietravel-chi-nhanh-vinh-long-9661c6a/,4,docs/archive/bao_cao_nghien_cuu_van_hoa_du_lich_vinh_long_tra_vinh_ben_tre_2025_2026.md; docs/research/baovinhlong_du_lich_evidence_matrix_2025_2026.csv; docs/research/baovinhlong_du_lich_urls_2025_2026.csv; docs/research/nghien_cuu_12_chieu_thu_muc_nguon_mo_rong.csv,research_report; research_corpus,docs/archive/bao_cao_nghien_cuu_van_hoa_du_lich_vinh_long_tra_vinh_ben_tre_2025_2026.md,330,004. 2026-06-12 | Vĩnh Long | Khai trương Vietravel chi nhánh Vĩnh Long | https://baovinhlong.com.vn/xa-hoi/du-lich/202606/khai-truong-vietravel-chi-nhanh-vinh-long-9661c6a/
https://baovinhlong.com.vn/van-hoa-giai-tri/202606/ron-rang-le-hoi-ha-dien-ky-yen-40a25b5/,4,docs/archive/bao_cao_nghien_cuu_van_hoa_du_lich_vinh_long_tra_vinh_ben_tre_2025_2026.md; docs/research/baovinhlong_du_lich_evidence_matrix_2025_2026.csv; docs/research/baovinhlong_du_lich_urls_2025_2026.csv; docs/research/nghien_cuu_12_chieu_thu_muc_nguon_mo_rong.csv,research_report; research_corpus,docs/archive/bao_cao_nghien_cuu_van_hoa_du_lich_vinh_long_tra_vinh_ben_tre_2025_2026.md,332,006. 2026-06-01 | Vĩnh Long | Rộn ràng lễ hội Hạ Điền – Kỳ Yên | https://baovinhlong.com.vn/van-hoa-giai-tri/202606/ron-rang-le-hoi-ha-dien-ky-yen-40a25b5/
https://baovinhlong.com.vn/xa-hoi/du-lich/202605/tao-nen-tang-so-phat-trien-van-hoa-the-thao-va-du-lich-2cb4abd/,4,docs/archive/bao_cao_nghien_cuu_van_hoa_du_lich_vinh_long_tra_vinh_ben_tre_2025_2026.md; docs/research/baovinhlong_du_lich_evidence_matrix_2025_2026.csv; docs/research/baovinhlong_du_lich_urls_2025_2026.csv; docs/research/nghien_cuu_12_chieu_thu_muc_nguon_mo_rong.csv,research_report; research_corpus,docs/archive/bao_cao_nghien_cuu_van_hoa_du_lich_vinh_long_tra_vinh_ben_tre_2025_2026.md,333,"007. 2026-05-28 | Vĩnh Long | Tạo nền tảng số phát triển văn hóa, thể thao và du lịch | https://baovinhlong.com.vn/xa-hoi/du-lich/202605/tao-nen-tang-so-phat-trien-van-hoa-the-thao-va-du-lich-2cb4abd/"
https://baovinhlong.com.vn/xa-hoi/du-lich/202605/lien-ket-khai-thac-tiem-nang-tao-da-phat-trien-du-lich-53f40ac/,4,docs/archive/bao_cao_nghien_cuu_van_hoa_du_lich_vinh_long_tra_vinh_ben_tre_2025_2026.md; docs/research/baovinhlong_du_lich_evidence_matrix_2025_2026.csv; docs/research/baovinhlong_du_lich_urls_2025_2026.csv; docs/research/nghien_cuu_12_chieu_thu_muc_nguon_mo_rong.csv,research_report; research_corpus,docs/archive/bao_cao_nghien_cuu_van_hoa_du_lich_vinh_long_tra_vinh_ben_tre_2025_2026.md,334,"008. 2026-05-24 | Bến Tre | Liên kết khai thác tiềm năng, tạo đà phát triển du lịch | https://baovinhlong.com.vn/xa-hoi/du-lich/202605/lien-ket-khai-thac-tiem-nang-tao-da-phat-trien-du-lich-53f40ac/"
https://baovinhlong.com.vn/multimedia/202605/binh-minh-ba-dong-ban-giao-huong-anh-sang-cua-bien-mien-tay-8433735/,4,docs/archive/bao_cao_nghien_cuu_van_hoa_du_lich_vinh_long_tra_vinh_ben_tre_2025_2026.md; docs/research/baovinhlong_du_lich_evidence_matrix_2025_2026.csv; docs/research/baovinhlong_du_lich_urls_2025_2026.csv; docs/research/nghien_cuu_12_chieu_thu_muc_nguon_mo_rong.csv,research_report; research_corpus,docs/archive/bao_cao_nghien_cuu_van_hoa_du_lich_vinh_long_tra_vinh_ben_tre_2025_2026.md,335,009. 2026-05-22 | Trà Vinh | Bình minh Ba Động- Bản giao hưởng ánh sáng của biển miền Tây | https://baovinhlong.com.vn/multimedia/202605/binh-minh-ba-dong-ban-giao-huong-anh-sang-cua-bien-mien-tay-8433735/
https://baovinhlong.com.vn/van-hoa-giai-tri/202605/khai-mo-tiem-nang-phat-trien-cong-nghiep-van-hoa-ky-3-lang-nghe-thuc-giac-ben-nhung-dong-song-6526ce6/,4,docs/archive/bao_cao_nghien_cuu_van_hoa_du_lich_vinh_long_tra_vinh_ben_tre_2025_2026.md; docs/research/baovinhlong_du_lich_evidence_matrix_2025_2026.csv; docs/research/baovinhlong_du_lich_urls_2025_2026.csv; docs/research/nghien_cuu_12_chieu_thu_muc_nguon_mo_rong.csv,research_report; research_corpus,docs/archive/bao_cao_nghien_cuu_van_hoa_du_lich_vinh_long_tra_vinh_ben_tre_2025_2026.md,336,010. 2026-05-17 | Vĩnh Long | Kỳ 3: Làng nghề “thức giấc” bên những dòng sông | https://baovinhlong.com.vn/van-hoa-giai-tri/202605/khai-mo-tiem-nang-phat-trien-cong-nghiep-van-hoa-ky-3-lang-nghe-thuc-giac-ben-nhung-dong-song-6526ce6/
https://baovinhlong.com.vn/van-hoa-giai-tri/202605/khai-mo-tiem-nang-phat-trien-cong-nghiep-van-hoa-ky-2-phat-trien-du-lich-gan-voi-giu-gin-ban-sac-dia-phuong-3f609a6/,4,docs/archive/bao_cao_nghien_cuu_van_hoa_du_lich_vinh_long_tra_vinh_ben_tre_2025_2026.md; docs/research/baovinhlong_du_lich_evidence_matrix_2025_2026.csv; docs/research/baovinhlong_du_lich_urls_2025_2026.csv; docs/research/nghien_cuu_12_chieu_thu_muc_nguon_mo_rong.csv,research_report; research_corpus,docs/archive/bao_cao_nghien_cuu_van_hoa_du_lich_vinh_long_tra_vinh_ben_tre_2025_2026.md,337,011. 2026-05-15 | Vĩnh Long | Kỳ 2: Phát triển du lịch gắn với giữ gìn bản sắc địa phương | https://baovinhlong.com.vn/van-hoa-giai-tri/202605/khai-mo-tiem-nang-phat-trien-cong-nghiep-van-hoa-ky-2-phat-trien-du-lich-gan-voi-giu-gin-ban-sac-dia-phuong-3f609a6/
https://baovinhlong.com.vn/xa-hoi/du-lich/202605/ra-mat-chi-hoi-du-lich-binh-dai-5ac5d6b/,4,docs/archive/bao_cao_nghien_cuu_van_hoa_du_lich_vinh_long_tra_vinh_ben_tre_2025_2026.md; docs/research/baovinhlong_du_lich_evidence_matrix_2025_2026.csv; docs/research/baovinhlong_du_lich_urls_2025_2026.csv; docs/research/nghien_cuu_12_chieu_thu_muc_nguon_mo_rong.csv,research_report; research_corpus,docs/archive/bao_cao_nghien_cuu_van_hoa_du_lich_vinh_long_tra_vinh_ben_tre_2025_2026.md,338,012. 2026-05-15 | Vĩnh Long; Bến Tre | Ra mắt Chi hội du lịch Bình Đại | https://baovinhlong.com.vn/xa-hoi/du-lich/202605/ra-mat-chi-hoi-du-lich-binh-dai-5ac5d6b/
https://baovinhlong.com.vn/kinh-te/202605/truong-long-hoa-tap-trung-khai-thac-tiem-nang-du-lich-va-kinh-te-bien-108088d/,4,docs/archive/bao_cao_nghien_cuu_van_hoa_du_lich_vinh_long_tra_vinh_ben_tre_2025_2026.md; docs/research/baovinhlong_du_lich_evidence_matrix_2025_2026.csv; docs/research/baovinhlong_du_lich_urls_2025_2026.csv; docs/research/nghien_cuu_12_chieu_thu_muc_nguon_mo_rong.csv,research_report; research_corpus,docs/archive/bao_cao_nghien_cuu_van_hoa_du_lich_vinh_long_tra_vinh_ben_tre_2025_2026.md,339,013. 2026-05-14 | Vĩnh Long; Trà Vinh | Trường Long Hòa tập trung khai thác tiềm năng du lịch và kinh tế biển | https://baovinhlong.com.vn/kinh-te/202605/truong-long-hoa-tap-trung-khai-thac-tiem-nang-du-lich-va-kinh-te-bien-108088d/
https://baovinhlong.com.vn/van-hoa-giai-tri/202605/mot-ngay-o-thu-phu-dua-sap-cau-ke-5a63907/,4,docs/archive/bao_cao_nghien_cuu_van_hoa_du_lich_vinh_long_tra_vinh_ben_tre_2025_2026.md; docs/research/baovinhlong_du_lich_evidence_matrix_2025_2026.csv; docs/research/baovinhlong_du_lich_urls_2025_2026.csv; docs/research/nghien_cuu_12_chieu_thu_muc_nguon_mo_rong.csv,research_report; research_corpus,docs/archive/bao_cao_nghien_cuu_van_hoa_du_lich_vinh_long_tra_vinh_ben_tre_2025_2026.md,340,014. 2026-05-10 | Vĩnh Long; Trà Vinh | Một ngày ở “thủ phủ” dừa sáp Cầu Kè | https://baovinhlong.com.vn/van-hoa-giai-tri/202605/mot-ngay-o-thu-phu-dua-sap-cau-ke-5a63907/
https://baovinhlong.com.vn/xa-hoi/du-lich/202605/diem-den-an-toan-than-thien-chat-luong-9c8410c/,4,docs/archive/bao_cao_nghien_cuu_van_hoa_du_lich_vinh_long_tra_vinh_ben_tre_2025_2026.md; docs/research/baovinhlong_du_lich_evidence_matrix_2025_2026.csv; docs/research/baovinhlong_du_lich_urls_2025_2026.csv; docs/research/nghien_cuu_12_chieu_thu_muc_nguon_mo_rong.csv,research_report; research_corpus,docs/archive/bao_cao_nghien_cuu_van_hoa_du_lich_vinh_long_tra_vinh_ben_tre_2025_2026.md,343,017. 2026-05-05 | Vĩnh Long; Trà Vinh; Bến Tre | Điểm đến “An toàn- thân thiện- chất lượng” | https://baovinhlong.com.vn/xa-hoi/du-lich/202605/diem-den-an-toan-than-thien-chat-luong-9c8410c/
https://baovinhlong.com.vn/xa-hoi/du-lich/202605/phuong-ben-tre-be-mac-tuan-le-van-hoa-am-thuc-nam-2026-0090994/,4,docs/archive/bao_cao_nghien_cuu_van_hoa_du_lich_vinh_long_tra_vinh_ben_tre_2025_2026.md; docs/research/baovinhlong_du_lich_evidence_matrix_2025_2026.csv; docs/research/baovinhlong_du_lich_urls_2025_2026.csv; docs/research/nghien_cuu_12_chieu_thu_muc_nguon_mo_rong.csv,research_report; research_corpus,docs/archive/bao_cao_nghien_cuu_van_hoa_du_lich_vinh_long_tra_vinh_ben_tre_2025_2026.md,344,018. 2026-05-04 | Vĩnh Long; Trà Vinh; Bến Tre | Phường Bến Tre bế mạc Tuần lễ Văn hóa - Ẩm thực năm 2026 | https://baovinhlong.com.vn/xa-hoi/du-lich/202605/phuong-ben-tre-be-mac-tuan-le-van-hoa-am-thuc-nam-2026-0090994/
https://baovinhlong.com.vn/xa-hoi/du-lich/202605/bao-dam-an-toan-nang-cao-chat-luong-phuc-vu-du-lich-59d3a28/,4,docs/archive/bao_cao_nghien_cuu_van_hoa_du_lich_vinh_long_tra_vinh_ben_tre_2025_2026.md; docs/research/baovinhlong_du_lich_evidence_matrix_2025_2026.csv; docs/research/baovinhlong_du_lich_urls_2025_2026.csv; docs/research/nghien_cuu_12_chieu_thu_muc_nguon_mo_rong.csv,research_report; research_corpus,docs/archive/bao_cao_nghien_cuu_van_hoa_du_lich_vinh_long_tra_vinh_ben_tre_2025_2026.md,345,"019. 2026-05-01 | Vĩnh Long | Bảo đảm an toàn, nâng cao chất lượng phục vụ du lịch | https://baovinhlong.com.vn/xa-hoi/du-lich/202605/bao-dam-an-toan-nang-cao-chat-luong-phuc-vu-du-lich-59d3a28/"
https://baovinhlong.com.vn/xa-hoi/du-lich/202604/dua-am-thuc-tro-thanh-san-pham-du-lich-dac-trung-83f421e/,4,docs/archive/bao_cao_nghien_cuu_van_hoa_du_lich_vinh_long_tra_vinh_ben_tre_2025_2026.md; docs/research/baovinhlong_du_lich_evidence_matrix_2025_2026.csv; docs/research/baovinhlong_du_lich_urls_2025_2026.csv; docs/research/nghien_cuu_12_chieu_thu_muc_nguon_mo_rong.csv,research_report; research_corpus,docs/archive/bao_cao_nghien_cuu_van_hoa_du_lich_vinh_long_tra_vinh_ben_tre_2025_2026.md,346,020. 2026-04-30 | Vĩnh Long; Trà Vinh; Bến Tre | Đưa ẩm thực trở thành sản phẩm du lịch đặc trưng | https://baovinhlong.com.vn/xa-hoi/du-lich/202604/dua-am-thuc-tro-thanh-san-pham-du-lich-dac-trung-83f421e/
https://baovinhlong.com.vn/xa-hoi/du-lich/202604/vinh-danh-29-nghe-nhan-nghe-bep-nghe-banh-nghe-dieu-khac-cu-qua-98a0e9c/,4,docs/archive/bao_cao_nghien_cuu_van_hoa_du_lich_vinh_long_tra_vinh_ben_tre_2025_2026.md; docs/research/baovinhlong_du_lich_evidence_matrix_2025_2026.csv; docs/research/baovinhlong_du_lich_urls_2025_2026.csv; docs/research/nghien_cuu_12_chieu_thu_muc_nguon_mo_rong.csv,research_report; research_corpus,docs/archive/bao_cao_nghien_cuu_van_hoa_du_lich_vinh_long_tra_vinh_ben_tre_2025_2026.md,348,"022. 2026-04-27 | Vĩnh Long; Bến Tre | Vinh danh 29 nghệ nhân nghề bếp, nghề bánh, nghề điêu khắc củ, quả | https://baovinhlong.com.vn/xa-hoi/du-lich/202604/vinh-danh-29-nghe-nhan-nghe-bep-nghe-banh-nghe-dieu-khac-cu-qua-98a0e9c/"
https://baovinhlong.com.vn/van-hoa-giai-tri/202604/vinh-long-tham-gia-ngay-van-hoa-cac-dan-toc-viet-nam-194-nam-2026-80320dc/,4,docs/archive/bao_cao_nghien_cuu_van_hoa_du_lich_vinh_long_tra_vinh_ben_tre_2025_2026.md; docs/research/baovinhlong_du_lich_evidence_matrix_2025_2026.csv; docs/research/baovinhlong_du_lich_urls_2025_2026.csv; docs/research/nghien_cuu_12_chieu_thu_muc_nguon_mo_rong.csv,research_report; research_corpus,docs/archive/bao_cao_nghien_cuu_van_hoa_du_lich_vinh_long_tra_vinh_ben_tre_2025_2026.md,352,026. 2026-04-19 | Vĩnh Long | Vĩnh Long tham gia “Ngày Văn hóa các dân tộc Việt Nam 19/4 năm 2026” | https://baovinhlong.com.vn/van-hoa-giai-tri/202604/vinh-long-tham-gia-ngay-van-hoa-cac-dan-toc-viet-nam-194-nam-2026-80320dc/
https://baovinhlong.com.vn/thoi-su/202604/nam-2026-nganh-du-lich-tinh-dung-truoc-nhieu-co-hoi-va-thach-thuc-10c2093/,4,docs/archive/bao_cao_nghien_cuu_van_hoa_du_lich_vinh_long_tra_vinh_ben_tre_2025_2026.md; docs/research/baovinhlong_du_lich_evidence_matrix_2025_2026.csv; docs/research/baovinhlong_du_lich_urls_2025_2026.csv; docs/research/nghien_cuu_12_chieu_thu_muc_nguon_mo_rong.csv,research_report; research_corpus,docs/archive/bao_cao_nghien_cuu_van_hoa_du_lich_vinh_long_tra_vinh_ben_tre_2025_2026.md,353,027. 2026-04-18 | Vĩnh Long; Bến Tre | Họp mặt doanh nghiệp du lịch năm 2026 | https://baovinhlong.com.vn/thoi-su/202604/nam-2026-nganh-du-lich-tinh-dung-truoc-nhieu-co-hoi-va-thach-thuc-10c2093/
https://baovinhlong.com.vn/xa-hoi/du-lich/202604/but-pha-tu-cac-nganh-dich-vu-tao-dong-luc-tang-truong-62b4453/,4,docs/archive/bao_cao_nghien_cuu_van_hoa_du_lich_vinh_long_tra_vinh_ben_tre_2025_2026.md; docs/research/baovinhlong_du_lich_evidence_matrix_2025_2026.csv; docs/research/baovinhlong_du_lich_urls_2025_2026.csv; docs/research/nghien_cuu_12_chieu_thu_muc_nguon_mo_rong.csv,research_report; research_corpus,docs/archive/bao_cao_nghien_cuu_van_hoa_du_lich_vinh_long_tra_vinh_ben_tre_2025_2026.md,357,"031. 2026-04-11 | Vĩnh Long; Bến Tre | Bứt phá từ các ngành dịch vụ, tạo động lực tăng trưởng | https://baovinhlong.com.vn/xa-hoi/du-lich/202604/but-pha-tu-cac-nganh-dich-vu-tao-dong-luc-tang-truong-62b4453/"
https://baovinhlong.com.vn/xa-hoi/du-lich/202604/ket-noi-du-lich-dbscl-voi-ha-noi-va-cac-tinh-phia-bac-c7445aa/,4,docs/archive/bao_cao_nghien_cuu_van_hoa_du_lich_vinh_long_tra_vinh_ben_tre_2025_2026.md; docs/research/baovinhlong_du_lich_evidence_matrix_2025_2026.csv; docs/research/baovinhlong_du_lich_urls_2025_2026.csv; docs/research/nghien_cuu_12_chieu_thu_muc_nguon_mo_rong.csv,research_report; research_corpus,docs/archive/bao_cao_nghien_cuu_van_hoa_du_lich_vinh_long_tra_vinh_ben_tre_2025_2026.md,358,032. 2026-04-10 | Vĩnh Long | Kết nối du lịch ĐBSCL với Hà Nội và các tỉnh phía Bắc | https://baovinhlong.com.vn/xa-hoi/du-lich/202604/ket-noi-du-lich-dbscl-voi-ha-noi-va-cac-tinh-phia-bac-c7445aa/
https://baovinhlong.com.vn/kinh-te/202604/quang-ba-du-lich-vinh-long-tai-hoi-cho-du-lich-quoc-te-viet-nam-72914bd/,4,docs/archive/bao_cao_nghien_cuu_van_hoa_du_lich_vinh_long_tra_vinh_ben_tre_2025_2026.md; docs/research/baovinhlong_du_lich_evidence_matrix_2025_2026.csv; docs/research/baovinhlong_du_lich_urls_2025_2026.csv; docs/research/nghien_cuu_12_chieu_thu_muc_nguon_mo_rong.csv,research_report; research_corpus,docs/archive/bao_cao_nghien_cuu_van_hoa_du_lich_vinh_long_tra_vinh_ben_tre_2025_2026.md,359,033. 2026-04-10 | Vĩnh Long | Quảng bá du lịch Vĩnh Long tại Hội chợ Du lịch Quốc tế Việt Nam | https://baovinhlong.com.vn/kinh-te/202604/quang-ba-du-lich-vinh-long-tai-hoi-cho-du-lich-quoc-te-viet-nam-72914bd/
https://baovinhlong.com.vn/xa-hoi/du-lich/202604/day-manh-lien-ket-kien-tao-hanh-trinh-du-lich-chat-luong-65d07fa/,4,docs/archive/bao_cao_nghien_cuu_van_hoa_du_lich_vinh_long_tra_vinh_ben_tre_2025_2026.md; docs/research/baovinhlong_du_lich_evidence_matrix_2025_2026.csv; docs/research/baovinhlong_du_lich_urls_2025_2026.csv; docs/research/nghien_cuu_12_chieu_thu_muc_nguon_mo_rong.csv,research_report; research_corpus,docs/archive/bao_cao_nghien_cuu_van_hoa_du_lich_vinh_long_tra_vinh_ben_tre_2025_2026.md,360,"034. 2026-04-08 | Vĩnh Long; Trà Vinh; Bến Tre | Đẩy mạnh liên kết, kiến tạo hành trình du lịch chất lượng | https://baovinhlong.com.vn/xa-hoi/du-lich/202604/day-manh-lien-ket-kien-tao-hanh-trinh-du-lich-chat-luong-65d07fa/"
https://baovinhlong.com.vn/van-hoa-giai-tri/202604/vinh-long-mang-sac-mau-van-hoa-nam-bo-ra-thu-do-ha-noi-f2e3866/,4,docs/archive/bao_cao_nghien_cuu_van_hoa_du_lich_vinh_long_tra_vinh_ben_tre_2025_2026.md; docs/research/baovinhlong_du_lich_evidence_matrix_2025_2026.csv; docs/research/baovinhlong_du_lich_urls_2025_2026.csv; docs/research/nghien_cuu_12_chieu_thu_muc_nguon_mo_rong.csv,research_report; research_corpus,docs/archive/bao_cao_nghien_cuu_van_hoa_du_lich_vinh_long_tra_vinh_ben_tre_2025_2026.md,361,035. 2026-04-08 | Vĩnh Long | Vĩnh Long mang sắc màu văn hóa Nam Bộ ra Thủ đô Hà Nội | https://baovinhlong.com.vn/van-hoa-giai-tri/202604/vinh-long-mang-sac-mau-van-hoa-nam-bo-ra-thu-do-ha-noi-f2e3866/
https://baovinhlong.com.vn/kinh-te/202604/trung-bay-gioi-thieu-hon-1-ngan-an-pham-cua-tinh-tai-ngay-hoi-du-lich-tp-ho-chi-minh-2e60821/,4,docs/archive/bao_cao_nghien_cuu_van_hoa_du_lich_vinh_long_tra_vinh_ben_tre_2025_2026.md; docs/research/baovinhlong_du_lich_evidence_matrix_2025_2026.csv; docs/research/baovinhlong_du_lich_urls_2025_2026.csv; docs/research/nghien_cuu_12_chieu_thu_muc_nguon_mo_rong.csv,research_report; research_corpus,docs/archive/bao_cao_nghien_cuu_van_hoa_du_lich_vinh_long_tra_vinh_ben_tre_2025_2026.md,363,"037. 2026-04-05 | Vĩnh Long | Trưng bày, giới thiệu hơn 1 ngàn ấn phẩm của tỉnh tại Ngày hội Du lịch TP Hồ Chí Minh | https://baovinhlong.com.vn/kinh-te/202604/trung-bay-gioi-thieu-hon-1-ngan-an-pham-cua-tinh-tai-ngay-hoi-du-lich-tp-ho-chi-minh-2e60821/"
https://baovinhlong.com.vn/xa-hoi/du-lich/202603/toa-dam-lien-ket-hop-tac-phat-trien-tour-tuyen-san-pham-du-lich-tai-vinh-long-1d91728/,4,docs/archive/bao_cao_nghien_cuu_van_hoa_du_lich_vinh_long_tra_vinh_ben_tre_2025_2026.md; docs/research/baovinhlong_du_lich_evidence_matrix_2025_2026.csv; docs/research/baovinhlong_du_lich_urls_2025_2026.csv; docs/research/nghien_cuu_12_chieu_thu_muc_nguon_mo_rong.csv,research_report; research_corpus,docs/archive/bao_cao_nghien_cuu_van_hoa_du_lich_vinh_long_tra_vinh_ben_tre_2025_2026.md,364,"038. 2026-03-31 | Vĩnh Long; Bến Tre | Tọa đàm “Liên kết, hợp tác phát triển tour - tuyến, sản phẩm du lịch tại Vĩnh Long” | https://baovinhlong.com.vn/xa-hoi/du-lich/202603/toa-dam-lien-ket-hop-tac-phat-trien-tour-tuyen-san-pham-du-lich-tai-vinh-long-1d91728/"
https://baovinhlong.com.vn/xa-hoi/du-lich/202603/tang-cuong-ket-noi-quang-ba-van-hoa-du-lich-9ca1091/,4,docs/archive/bao_cao_nghien_cuu_van_hoa_du_lich_vinh_long_tra_vinh_ben_tre_2025_2026.md; docs/research/baovinhlong_du_lich_evidence_matrix_2025_2026.csv; docs/research/baovinhlong_du_lich_urls_2025_2026.csv; docs/research/nghien_cuu_12_chieu_thu_muc_nguon_mo_rong.csv,research_report; research_corpus,docs/archive/bao_cao_nghien_cuu_van_hoa_du_lich_vinh_long_tra_vinh_ben_tre_2025_2026.md,365,"039. 2026-03-28 | Vĩnh Long; Trà Vinh | Tăng cường kết nối quảng bá văn hóa, du lịch | https://baovinhlong.com.vn/xa-hoi/du-lich/202603/tang-cuong-ket-noi-quang-ba-van-hoa-du-lich-9ca1091/"
https://baovinhlong.com.vn/xa-hoi/202603/boi-duong-nghiep-vu-du-lich-cho-cong-chuc-xa-phuong-khu-vuc-ben-tre-0301103/,4,docs/archive/bao_cao_nghien_cuu_van_hoa_du_lich_vinh_long_tra_vinh_ben_tre_2025_2026.md; docs/research/baovinhlong_du_lich_evidence_matrix_2025_2026.csv; docs/research/baovinhlong_du_lich_urls_2025_2026.csv; docs/research/nghien_cuu_12_chieu_thu_muc_nguon_mo_rong.csv,research_report; research_corpus,docs/archive/bao_cao_nghien_cuu_van_hoa_du_lich_vinh_long_tra_vinh_ben_tre_2025_2026.md,367,"041. 2026-03-20 | Bến Tre | Bồi dưỡng nghiệp vụ du lịch cho công chức xã, phường khu vực Bến Tre | https://baovinhlong.com.vn/xa-hoi/202603/boi-duong-nghiep-vu-du-lich-cho-cong-chuc-xa-phuong-khu-vuc-ben-tre-0301103/"
https://baovinhlong.com.vn/van-hoa-giai-tri/202603/phong-phu-cac-hoat-dong-tuan-le-van-hoa-xa-dai-an-c780fe2/,4,docs/archive/bao_cao_nghien_cuu_van_hoa_du_lich_vinh_long_tra_vinh_ben_tre_2025_2026.md; docs/research/baovinhlong_du_lich_evidence_matrix_2025_2026.csv; docs/research/baovinhlong_du_lich_urls_2025_2026.csv; docs/research/nghien_cuu_12_chieu_thu_muc_nguon_mo_rong.csv,research_report; research_corpus,docs/archive/bao_cao_nghien_cuu_van_hoa_du_lich_vinh_long_tra_vinh_ben_tre_2025_2026.md,370,044. 2026-03-04 | Trà Vinh | Phong phú các hoạt động tuần lễ văn hóa xã Đại An | https://baovinhlong.com.vn/van-hoa-giai-tri/202603/phong-phu-cac-hoat-dong-tuan-le-van-hoa-xa-dai-an-c780fe2/
https://baovinhlong.com.vn/van-hoa-giai-tri/202603/cong-bo-quyet-dinh-dua-le-hoi-nguyen-tieu-o-tra-cu-vao-danh-muc-di-san-van-hoa-phi-vat-the-quoc-gia-ba52ad3/,4,docs/archive/bao_cao_nghien_cuu_van_hoa_du_lich_vinh_long_tra_vinh_ben_tre_2025_2026.md; docs/research/baovinhlong_du_lich_evidence_matrix_2025_2026.csv; docs/research/baovinhlong_du_lich_urls_2025_2026.csv; docs/research/nghien_cuu_12_chieu_thu_muc_nguon_mo_rong.csv,research_report; research_corpus,docs/archive/bao_cao_nghien_cuu_van_hoa_du_lich_vinh_long_tra_vinh_ben_tre_2025_2026.md,371,045. 2026-03-03 | Vĩnh Long; Trà Vinh | Công bố quyết định đưa “Lễ hội Nguyên Tiêu ở Trà Cú” vào danh mục di sản văn hóa phi vật thể quốc gia | https://baovinhlong.com.vn/van-hoa-giai-tri/202603/cong-bo-quyet-dinh-dua-le-hoi-nguyen-tieu-o-tra-cu-vao-danh-muc-di-san-van-hoa-phi-vat-the-quoc-gia-ba52ad3/
https://baovinhlong.com.vn/xa-hoi/du-lich/202603/day-manh-hoat-dong-quang-ba-xuc-tien-du-lich-nam-2026-9ba3f28/,4,docs/archive/bao_cao_nghien_cuu_van_hoa_du_lich_vinh_long_tra_vinh_ben_tre_2025_2026.md; docs/research/baovinhlong_du_lich_evidence_matrix_2025_2026.csv; docs/research/baovinhlong_du_lich_urls_2025_2026.csv; docs/research/nghien_cuu_12_chieu_thu_muc_nguon_mo_rong.csv,research_report; research_corpus,docs/archive/bao_cao_nghien_cuu_van_hoa_du_lich_vinh_long_tra_vinh_ben_tre_2025_2026.md,372,"046. 2026-03-01 | Vĩnh Long | Đẩy mạnh hoạt động quảng bá, xúc tiến du lịch năm 2026 | https://baovinhlong.com.vn/xa-hoi/du-lich/202603/day-manh-hoat-dong-quang-ba-xuc-tien-du-lich-nam-2026-9ba3f28/"
https://baovinhlong.com.vn/van-hoa-giai-tri/202602/khai-mac-tuan-le-van-hoa-the-thao-va-du-lich-xa-dai-an-f3a077d/,4,docs/archive/bao_cao_nghien_cuu_van_hoa_du_lich_vinh_long_tra_vinh_ben_tre_2025_2026.md; docs/research/baovinhlong_du_lich_evidence_matrix_2025_2026.csv; docs/research/baovinhlong_du_lich_urls_2025_2026.csv; docs/research/nghien_cuu_12_chieu_thu_muc_nguon_mo_rong.csv,research_report; research_corpus,docs/archive/bao_cao_nghien_cuu_van_hoa_du_lich_vinh_long_tra_vinh_ben_tre_2025_2026.md,373,"047. 2026-02-26 | Vĩnh Long; Trà Vinh | Khai mạc Tuần lễ Văn hóa, Thể thao và Du lịch xã Đại An | https://baovinhlong.com.vn/van-hoa-giai-tri/202602/khai-mac-tuan-le-van-hoa-the-thao-va-du-lich-xa-dai-an-f3a077d/"
https://baovinhlong.com.vn/van-hoa-giai-tri/202602/dai-an-san-sang-vao-mua-le-hoi-nguyen-tieu-91e0433/,4,docs/archive/bao_cao_nghien_cuu_van_hoa_du_lich_vinh_long_tra_vinh_ben_tre_2025_2026.md; docs/research/baovinhlong_du_lich_evidence_matrix_2025_2026.csv; docs/research/baovinhlong_du_lich_urls_2025_2026.csv; docs/research/nghien_cuu_12_chieu_thu_muc_nguon_mo_rong.csv,research_report; research_corpus,docs/archive/bao_cao_nghien_cuu_van_hoa_du_lich_vinh_long_tra_vinh_ben_tre_2025_2026.md,374,048. 2026-02-25 | Trà Vinh | Đại An sẵn sàng vào mùa Lễ hội Nguyên tiêu | https://baovinhlong.com.vn/van-hoa-giai-tri/202602/dai-an-san-sang-vao-mua-le-hoi-nguyen-tieu-91e0433/
https://baovinhlong.com.vn/van-hoa-giai-tri/202602/doc-dao-le-hoi-nguyen-tieu-fd103c9/,4,docs/archive/bao_cao_nghien_cuu_van_hoa_du_lich_vinh_long_tra_vinh_ben_tre_2025_2026.md; docs/research/baovinhlong_du_lich_evidence_matrix_2025_2026.csv; docs/research/baovinhlong_du_lich_urls_2025_2026.csv; docs/research/nghien_cuu_12_chieu_thu_muc_nguon_mo_rong.csv,research_report; research_corpus,docs/archive/bao_cao_nghien_cuu_van_hoa_du_lich_vinh_long_tra_vinh_ben_tre_2025_2026.md,375,049. 2026-02-25 | Trà Vinh | Độc đáo Lễ hội Nguyên tiêu | https://baovinhlong.com.vn/van-hoa-giai-tri/202602/doc-dao-le-hoi-nguyen-tieu-fd103c9/
https://baovinhlong.com.vn/thoi-su/202602/le-hoi-nguyen-tieu-gan-voi-tuan-le-van-hoa-the-thao-va-du-lich-xa-dai-an-dien-ra-tu-ngay-252-33-5ad0467/,4,docs/archive/bao_cao_nghien_cuu_van_hoa_du_lich_vinh_long_tra_vinh_ben_tre_2025_2026.md; docs/research/baovinhlong_du_lich_evidence_matrix_2025_2026.csv; docs/research/baovinhlong_du_lich_urls_2025_2026.csv; docs/research/nghien_cuu_12_chieu_thu_muc_nguon_mo_rong.csv,research_report; research_corpus,docs/archive/bao_cao_nghien_cuu_van_hoa_du_lich_vinh_long_tra_vinh_ben_tre_2025_2026.md,376,"050. 2026-02-23 | Trà Vinh | Lễ hội Nguyên tiêu gắn với Tuần lễ Văn hóa, Thể thao và Du lịch xã Đại An diễn ra từ ngày 25/2- 3/3 | https://baovinhlong.com.vn/thoi-su/202602/le-hoi-nguyen-tieu-gan-voi-tuan-le-van-hoa-the-thao-va-du-lich-xa-dai-an-dien-ra-tu-ngay-252-33-5ad0467/"
https://baovinhlong.com.vn/xa-hoi/du-lich/202602/cac-khu-di-tich-don-tiep-gan-50000-luot-khachdip-tet-nguyen-dan-0c0071f/,4,docs/archive/bao_cao_nghien_cuu_van_hoa_du_lich_vinh_long_tra_vinh_ben_tre_2025_2026.md; docs/research/baovinhlong_du_lich_evidence_matrix_2025_2026.csv; docs/research/baovinhlong_du_lich_urls_2025_2026.csv; docs/research/nghien_cuu_12_chieu_thu_muc_nguon_mo_rong.csv,research_report; research_corpus,docs/archive/bao_cao_nghien_cuu_van_hoa_du_lich_vinh_long_tra_vinh_ben_tre_2025_2026.md,377,051. 2026-02-21 | Vĩnh Long; Trà Vinh; Bến Tre | Các khu di tích đón gần 50.000 lượt khách dịp Tết Nguyên đán | https://baovinhlong.com.vn/xa-hoi/du-lich/202602/cac-khu-di-tich-don-tiep-gan-50000-luot-khachdip-tet-nguyen-dan-0c0071f/
https://baovinhlong.com.vn/xa-hoi/du-lich/202602/du-lich-tang-toc-buc-pha-voi-khong-gian-moi-3d90216/,4,docs/archive/bao_cao_nghien_cuu_van_hoa_du_lich_vinh_long_tra_vinh_ben_tre_2025_2026.md; docs/research/baovinhlong_du_lich_evidence_matrix_2025_2026.csv; docs/research/baovinhlong_du_lich_urls_2025_2026.csv; docs/research/nghien_cuu_12_chieu_thu_muc_nguon_mo_rong.csv,research_report; research_corpus,docs/archive/bao_cao_nghien_cuu_van_hoa_du_lich_vinh_long_tra_vinh_ben_tre_2025_2026.md,382,056. 2026-02-16 | Vĩnh Long; Trà Vinh | Du lịch tăng tốc bứt phá với không gian mới | https://baovinhlong.com.vn/xa-hoi/du-lich/202602/du-lich-tang-toc-buc-pha-voi-khong-gian-moi-3d90216/
https://baovinhlong.com.vn/nhip-song-dong-bang/202602/sac-xuan-cho-que-c374322/,4,docs/archive/bao_cao_nghien_cuu_van_hoa_du_lich_vinh_long_tra_vinh_ben_tre_2025_2026.md; docs/research/baovinhlong_du_lich_evidence_matrix_2025_2026.csv; docs/research/baovinhlong_du_lich_urls_2025_2026.csv; docs/research/nghien_cuu_12_chieu_thu_muc_nguon_mo_rong.csv,research_report; research_corpus,docs/archive/bao_cao_nghien_cuu_van_hoa_du_lich_vinh_long_tra_vinh_ben_tre_2025_2026.md,383,057. 2026-02-10 | Trà Vinh | Sắc xuân chợ quê | https://baovinhlong.com.vn/nhip-song-dong-bang/202602/sac-xuan-cho-que-c374322/
https://baovinhlong.com.vn/nhip-song-dong-bang/202602/ngay-hoi-cho-noi-van-hoa-song-nuoc-nam-bo-4642f3e/,4,docs/archive/bao_cao_nghien_cuu_van_hoa_du_lich_vinh_long_tra_vinh_ben_tre_2025_2026.md; docs/research/baovinhlong_du_lich_evidence_matrix_2025_2026.csv; docs/research/baovinhlong_du_lich_urls_2025_2026.csv; docs/research/nghien_cuu_12_chieu_thu_muc_nguon_mo_rong.csv,research_report; research_corpus,docs/archive/bao_cao_nghien_cuu_van_hoa_du_lich_vinh_long_tra_vinh_ben_tre_2025_2026.md,384,058. 2026-02-09 | Bến Tre | Ngày hội “Chợ nổi - Văn hóa sông nước Nam Bộ” | https://baovinhlong.com.vn/nhip-song-dong-bang/202602/ngay-hoi-cho-noi-van-hoa-song-nuoc-nam-bo-4642f3e/
https://baovinhlong.com.vn/phong-su-anh/202601/moi-den-hoi-cho-xuan-xem-livestream-ban-hang-trai-nghiem-goi-banh-tet-tra-cuon-194357b/,4,docs/archive/bao_cao_nghien_cuu_van_hoa_du_lich_vinh_long_tra_vinh_ben_tre_2025_2026.md; docs/research/baovinhlong_du_lich_evidence_matrix_2025_2026.csv; docs/research/baovinhlong_du_lich_urls_2025_2026.csv; docs/research/nghien_cuu_12_chieu_thu_muc_nguon_mo_rong.csv,research_report; research_corpus,docs/archive/bao_cao_nghien_cuu_van_hoa_du_lich_vinh_long_tra_vinh_ben_tre_2025_2026.md,385,"059. 2026-01-30 | Vĩnh Long | Mời đến hội chợ Xuân xem livestream bán hàng, trải nghiệm gói bánh tét Trà Cuôn | https://baovinhlong.com.vn/phong-su-anh/202601/moi-den-hoi-cho-xuan-xem-livestream-ban-hang-trai-nghiem-goi-banh-tet-tra-cuon-194357b/"
https://baovinhlong.com.vn/tieu-diem/202601/khu-du-lich-bien-ba-dong-san-sang-don-khach-6131e1a/,4,docs/archive/bao_cao_nghien_cuu_van_hoa_du_lich_vinh_long_tra_vinh_ben_tre_2025_2026.md; docs/research/baovinhlong_du_lich_evidence_matrix_2025_2026.csv; docs/research/baovinhlong_du_lich_urls_2025_2026.csv; docs/research/nghien_cuu_12_chieu_thu_muc_nguon_mo_rong.csv,research_report; research_corpus,docs/archive/bao_cao_nghien_cuu_van_hoa_du_lich_vinh_long_tra_vinh_ben_tre_2025_2026.md,386,060. 2026-01-25 | Trà Vinh | Khu du lịch biển Ba Động sẵn sàng đón khách | https://baovinhlong.com.vn/tieu-diem/202601/khu-du-lich-bien-ba-dong-san-sang-don-khach-6131e1a/
https://baovinhlong.com.vn/nhip-song-dong-bang/202601/lang-nghe-cuc-mam-xoi-long-thoi-ron-rang-sac-xuan-97e5de6/,4,docs/archive/bao_cao_nghien_cuu_van_hoa_du_lich_vinh_long_tra_vinh_ben_tre_2025_2026.md; docs/research/baovinhlong_du_lich_evidence_matrix_2025_2026.csv; docs/research/baovinhlong_du_lich_urls_2025_2026.csv; docs/research/nghien_cuu_12_chieu_thu_muc_nguon_mo_rong.csv,research_report; research_corpus,docs/archive/bao_cao_nghien_cuu_van_hoa_du_lich_vinh_long_tra_vinh_ben_tre_2025_2026.md,388,062. 2026-01-11 | Bến Tre | Làng nghề cúc mâm xôi Long Thới rộn ràng sắc xuân | https://baovinhlong.com.vn/nhip-song-dong-bang/202601/lang-nghe-cuc-mam-xoi-long-thoi-ron-rang-sac-xuan-97e5de6/
https://baovinhlong.com.vn/xa-hoi/du-lich/202601/du-lich-khoi-dong-nam-2026-voi-ket-qua-tich-cuc-52f005b/,4,docs/archive/bao_cao_nghien_cuu_van_hoa_du_lich_vinh_long_tra_vinh_ben_tre_2025_2026.md; docs/research/baovinhlong_du_lich_evidence_matrix_2025_2026.csv; docs/research/baovinhlong_du_lich_urls_2025_2026.csv; docs/research/nghien_cuu_12_chieu_thu_muc_nguon_mo_rong.csv,research_report; research_corpus,docs/archive/bao_cao_nghien_cuu_van_hoa_du_lich_vinh_long_tra_vinh_ben_tre_2025_2026.md,389,063. 2026-01-06 | Vĩnh Long; Trà Vinh; Bến Tre | Du lịch khởi động năm 2026 với kết quả tích cực | https://baovinhlong.com.vn/xa-hoi/du-lich/202601/du-lich-khoi-dong-nam-2026-voi-ket-qua-tich-cuc-52f005b/
https://baovinhlong.com.vn/xa-hoi/du-lich/202601/nang-chat-san-pham-dich-vu-du-lich-tinh-79835d0/,4,docs/archive/bao_cao_nghien_cuu_van_hoa_du_lich_vinh_long_tra_vinh_ben_tre_2025_2026.md; docs/research/baovinhlong_du_lich_evidence_matrix_2025_2026.csv; docs/research/baovinhlong_du_lich_urls_2025_2026.csv; docs/research/nghien_cuu_12_chieu_thu_muc_nguon_mo_rong.csv,research_report; research_corpus,docs/archive/bao_cao_nghien_cuu_van_hoa_du_lich_vinh_long_tra_vinh_ben_tre_2025_2026.md,390,"064. 2026-01-03 | Vĩnh Long | Nâng chất sản phẩm, dịch vụ du lịch tỉnh | https://baovinhlong.com.vn/xa-hoi/du-lich/202601/nang-chat-san-pham-dich-vu-du-lich-tinh-79835d0/"
https://baovinhlong.com.vn/xa-hoi/du-lich/202601/quang-ba-du-lich-mung-dang-mung-xuan-binh-ngo-nam-2026-b1a1cde/,4,docs/archive/bao_cao_nghien_cuu_van_hoa_du_lich_vinh_long_tra_vinh_ben_tre_2025_2026.md; docs/research/baovinhlong_du_lich_evidence_matrix_2025_2026.csv; docs/research/baovinhlong_du_lich_urls_2025_2026.csv; docs/research/nghien_cuu_12_chieu_thu_muc_nguon_mo_rong.csv,research_report; research_corpus,docs/archive/bao_cao_nghien_cuu_van_hoa_du_lich_vinh_long_tra_vinh_ben_tre_2025_2026.md,391,"065. 2026-01-01 | Vĩnh Long; Bến Tre | Quảng bá du lịch mừng Đảng, mừng Xuân Bính Ngọ năm 2026 | https://baovinhlong.com.vn/xa-hoi/du-lich/202601/quang-ba-du-lich-mung-dang-mung-xuan-binh-ngo-nam-2026-b1a1cde/"
https://baovinhlong.com.vn/video/202512/vinh-long-phat-huy-loi-the-du-lich-gan-voi-lang-nghe-dea046f/,4,docs/archive/bao_cao_nghien_cuu_van_hoa_du_lich_vinh_long_tra_vinh_ben_tre_2025_2026.md; docs/research/baovinhlong_du_lich_evidence_matrix_2025_2026.csv; docs/research/baovinhlong_du_lich_urls_2025_2026.csv; docs/research/nghien_cuu_12_chieu_thu_muc_nguon_mo_rong.csv,research_report; research_corpus,docs/archive/bao_cao_nghien_cuu_van_hoa_du_lich_vinh_long_tra_vinh_ben_tre_2025_2026.md,392,066. 2025-12-31 | Vĩnh Long | Vĩnh Long phát huy lợi thế du lịch gắn với làng nghề | https://baovinhlong.com.vn/video/202512/vinh-long-phat-huy-loi-the-du-lich-gan-voi-lang-nghe-dea046f/
https://baovinhlong.com.vn/xa-hoi/du-lich/202512/ra-mat-mo-hinh-du-lich-cong-dong-nhi-hoa-97123f7/,4,docs/archive/bao_cao_nghien_cuu_van_hoa_du_lich_vinh_long_tra_vinh_ben_tre_2025_2026.md; docs/research/baovinhlong_du_lich_evidence_matrix_2025_2026.csv; docs/research/baovinhlong_du_lich_urls_2025_2026.csv; docs/research/nghien_cuu_12_chieu_thu_muc_nguon_mo_rong.csv,research_report; research_corpus,docs/archive/bao_cao_nghien_cuu_van_hoa_du_lich_vinh_long_tra_vinh_ben_tre_2025_2026.md,393,067. 2025-12-30 | Vĩnh Long | Ra mắt mô hình du lịch cộng đồng Nhị Hòa | https://baovinhlong.com.vn/xa-hoi/du-lich/202512/ra-mat-mo-hinh-du-lich-cong-dong-nhi-hoa-97123f7/
https://baovinhlong.com.vn/xa-hoi/du-lich/202512/xay-dung-moi-truong-du-lich-an-toan-chat-luong-4624559/,4,docs/archive/bao_cao_nghien_cuu_van_hoa_du_lich_vinh_long_tra_vinh_ben_tre_2025_2026.md; docs/research/baovinhlong_du_lich_evidence_matrix_2025_2026.csv; docs/research/baovinhlong_du_lich_urls_2025_2026.csv; docs/research/nghien_cuu_12_chieu_thu_muc_nguon_mo_rong.csv,research_report; research_corpus,docs/archive/bao_cao_nghien_cuu_van_hoa_du_lich_vinh_long_tra_vinh_ben_tre_2025_2026.md,394,"068. 2025-12-25 | Vĩnh Long | Xây dựng môi trường du lịch an toàn, chất lượng | https://baovinhlong.com.vn/xa-hoi/du-lich/202512/xay-dung-moi-truong-du-lich-an-toan-chat-luong-4624559/"
https://baovinhlong.com.vn/xa-hoi/du-lich/202512/du-lich-thuc-day-bao-ton-va-phat-huy-gia-tri-lang-nghe-4634462/,4,docs/archive/bao_cao_nghien_cuu_van_hoa_du_lich_vinh_long_tra_vinh_ben_tre_2025_2026.md; docs/research/baovinhlong_du_lich_evidence_matrix_2025_2026.csv; docs/research/baovinhlong_du_lich_urls_2025_2026.csv; docs/research/nghien_cuu_12_chieu_thu_muc_nguon_mo_rong.csv,research_report; research_corpus,docs/archive/bao_cao_nghien_cuu_van_hoa_du_lich_vinh_long_tra_vinh_ben_tre_2025_2026.md,395,069. 2025-12-23 | Vĩnh Long; Trà Vinh; Bến Tre | Du lịch thúc đẩy bảo tồn và phát huy giá trị làng nghề | https://baovinhlong.com.vn/xa-hoi/du-lich/202512/du-lich-thuc-day-bao-ton-va-phat-huy-gia-tri-lang-nghe-4634462/
https://baovinhlong.com.vn/phong-su-ky-su/202512/dua-sap-tro-thanh-nhip-cau-ket-noi-van-hoa-cong-dong-a104188/,4,docs/archive/bao_cao_nghien_cuu_van_hoa_du_lich_vinh_long_tra_vinh_ben_tre_2025_2026.md; docs/research/baovinhlong_du_lich_evidence_matrix_2025_2026.csv; docs/research/baovinhlong_du_lich_urls_2025_2026.csv; docs/research/nghien_cuu_12_chieu_thu_muc_nguon_mo_rong.csv,research_report; research_corpus,docs/archive/bao_cao_nghien_cuu_van_hoa_du_lich_vinh_long_tra_vinh_ben_tre_2025_2026.md,396,070. 2025-12-20 | Trà Vinh | Dừa sáp trở thành nhịp cầu kết nối văn hóa cộng đồng | https://baovinhlong.com.vn/phong-su-ky-su/202512/dua-sap-tro-thanh-nhip-cau-ket-noi-van-hoa-cong-dong-a104188/
https://baovinhlong.com.vn/xa-hoi/202512/nang-cao-nghiep-vu-lam-du-lich-cong-dong-va-du-lich-duong-thuy-7672019/,4,docs/archive/bao_cao_nghien_cuu_van_hoa_du_lich_vinh_long_tra_vinh_ben_tre_2025_2026.md; docs/research/baovinhlong_du_lich_evidence_matrix_2025_2026.csv; docs/research/baovinhlong_du_lich_urls_2025_2026.csv; docs/research/nghien_cuu_12_chieu_thu_muc_nguon_mo_rong.csv,research_report; research_corpus,docs/archive/bao_cao_nghien_cuu_van_hoa_du_lich_vinh_long_tra_vinh_ben_tre_2025_2026.md,397,071. 2025-12-19 | Vĩnh Long | Nâng cao nghiệp vụ làm du lịch cộng đồng và du lịch đường thủy | https://baovinhlong.com.vn/xa-hoi/202512/nang-cao-nghiep-vu-lam-du-lich-cong-dong-va-du-lich-duong-thuy-7672019/
https://baovinhlong.com.vn/xa-hoi/du-lich/202512/ong-tran-ba-sanh-duoc-bau-lam-chu-tich-hiep-hoi-du-lich-tinh-vinh-long-nhiem-ky-20252030-2c7084b/,4,docs/archive/bao_cao_nghien_cuu_van_hoa_du_lich_vinh_long_tra_vinh_ben_tre_2025_2026.md; docs/research/baovinhlong_du_lich_evidence_matrix_2025_2026.csv; docs/research/baovinhlong_du_lich_urls_2025_2026.csv; docs/research/nghien_cuu_12_chieu_thu_muc_nguon_mo_rong.csv,research_report; research_corpus,docs/archive/bao_cao_nghien_cuu_van_hoa_du_lich_vinh_long_tra_vinh_ben_tre_2025_2026.md,398,072. 2025-12-18 | Vĩnh Long; Bến Tre | Ông Trần Bá Sanh được bầu làm Chủ tịch Hiệp hội Du lịch tỉnh Vĩnh Long nhiệm kỳ 2025–2030 | https://baovinhlong.com.vn/xa-hoi/du-lich/202512/ong-tran-ba-sanh-duoc-bau-lam-chu-tich-hiep-hoi-du-lich-tinh-vinh-long-nhiem-ky-20252030-2c7084b/
https://baovinhlong.com.vn/xa-hoi/du-lich/202512/khao-sat-phat-trien-du-lich-lang-nghe-va-du-lich-nong-nghiep-tai-vinh-long-8de34c4/,4,docs/archive/bao_cao_nghien_cuu_van_hoa_du_lich_vinh_long_tra_vinh_ben_tre_2025_2026.md; docs/research/baovinhlong_du_lich_evidence_matrix_2025_2026.csv; docs/research/baovinhlong_du_lich_urls_2025_2026.csv; docs/research/nghien_cuu_12_chieu_thu_muc_nguon_mo_rong.csv,research_report; research_corpus,docs/archive/bao_cao_nghien_cuu_van_hoa_du_lich_vinh_long_tra_vinh_ben_tre_2025_2026.md,401,075. 2025-12-10 | Vĩnh Long; Bến Tre | Khảo sát phát triển du lịch làng nghề và du lịch nông nghiệp tại Vĩnh Long | https://baovinhlong.com.vn/xa-hoi/du-lich/202512/khao-sat-phat-trien-du-lich-lang-nghe-va-du-lich-nong-nghiep-tai-vinh-long-8de34c4/
https://baovinhlong.com.vn/xa-hoi/du-lich/202512/them-co-hoi-cho-nganh-du-lich-tinh-vuon-minh-3130a8c/,4,docs/archive/bao_cao_nghien_cuu_van_hoa_du_lich_vinh_long_tra_vinh_ben_tre_2025_2026.md; docs/research/baovinhlong_du_lich_evidence_matrix_2025_2026.csv; docs/research/baovinhlong_du_lich_urls_2025_2026.csv; docs/research/nghien_cuu_12_chieu_thu_muc_nguon_mo_rong.csv,research_report; research_corpus,docs/archive/bao_cao_nghien_cuu_van_hoa_du_lich_vinh_long_tra_vinh_ben_tre_2025_2026.md,402,076. 2025-12-05 | Vĩnh Long; Trà Vinh | Thêm cơ hội cho ngành du lịch tỉnh vươn mình | https://baovinhlong.com.vn/xa-hoi/du-lich/202512/them-co-hoi-cho-nganh-du-lich-tinh-vuon-minh-3130a8c/
https://baovinhlong.com.vn/xa-hoi/du-lich/202511/dua-du-lich-tinh-vuon-tam-dde44c2/,4,docs/archive/bao_cao_nghien_cuu_van_hoa_du_lich_vinh_long_tra_vinh_ben_tre_2025_2026.md; docs/research/baovinhlong_du_lich_evidence_matrix_2025_2026.csv; docs/research/baovinhlong_du_lich_urls_2025_2026.csv; docs/research/nghien_cuu_12_chieu_thu_muc_nguon_mo_rong.csv,research_report; research_corpus,docs/archive/bao_cao_nghien_cuu_van_hoa_du_lich_vinh_long_tra_vinh_ben_tre_2025_2026.md,404,078. 2025-11-29 | Vĩnh Long; Trà Vinh | Đưa du lịch tỉnh vươn tầm | https://baovinhlong.com.vn/xa-hoi/du-lich/202511/dua-du-lich-tinh-vuon-tam-dde44c2/
https://baovinhlong.com.vn/xa-hoi/du-lich/202511/tren-30-doanh-nghiep-lu-hanh-quoc-te-khao-sat-diem-du-lich-tieu-bieu-tai-vinh-long-a1a3dcc/,4,docs/archive/bao_cao_nghien_cuu_van_hoa_du_lich_vinh_long_tra_vinh_ben_tre_2025_2026.md; docs/research/baovinhlong_du_lich_evidence_matrix_2025_2026.csv; docs/research/baovinhlong_du_lich_urls_2025_2026.csv; docs/research/nghien_cuu_12_chieu_thu_muc_nguon_mo_rong.csv,research_report; research_corpus,docs/archive/bao_cao_nghien_cuu_van_hoa_du_lich_vinh_long_tra_vinh_ben_tre_2025_2026.md,405,079. 2025-11-26 | Vĩnh Long | Trên 30 doanh nghiệp lữ hành quốc tế khảo sát điểm du lịch tiêu biểu tại Vĩnh Long | https://baovinhlong.com.vn/xa-hoi/du-lich/202511/tren-30-doanh-nghiep-lu-hanh-quoc-te-khao-sat-diem-du-lich-tieu-bieu-tai-vinh-long-a1a3dcc/
https://baovinhlong.com.vn/van-hoa-giai-tri/202511/vinh-long-tham-gia-tuan-dai-doan-ket-cac-dan-toc-di-sanvan-hoa-viet-nam-nam-2025-14e25a6/,4,docs/archive/bao_cao_nghien_cuu_van_hoa_du_lich_vinh_long_tra_vinh_ben_tre_2025_2026.md; docs/research/baovinhlong_du_lich_evidence_matrix_2025_2026.csv; docs/research/baovinhlong_du_lich_urls_2025_2026.csv; docs/research/nghien_cuu_12_chieu_thu_muc_nguon_mo_rong.csv,research_report; research_corpus,docs/archive/bao_cao_nghien_cuu_van_hoa_du_lich_vinh_long_tra_vinh_ben_tre_2025_2026.md,406,080. 2025-11-24 | Vĩnh Long | Vĩnh Long tham gia Tuần “Đại đoàn kết các dân tộc - Di sản Văn hóa Việt Nam” năm 2025 | https://baovinhlong.com.vn/van-hoa-giai-tri/202511/vinh-long-tham-gia-tuan-dai-doan-ket-cac-dan-toc-di-sanvan-hoa-viet-nam-nam-2025-14e25a6/
https://baovinhlong.com.vn/xa-hoi/du-lich/202511/phat-trien-ket-cau-ha-tang-co-so-vat-chat-phat-trien-du-lich-e3116f5/,4,docs/archive/bao_cao_nghien_cuu_van_hoa_du_lich_vinh_long_tra_vinh_ben_tre_2025_2026.md; docs/research/baovinhlong_du_lich_evidence_matrix_2025_2026.csv; docs/research/baovinhlong_du_lich_urls_2025_2026.csv; docs/research/nghien_cuu_12_chieu_thu_muc_nguon_mo_rong.csv,research_report; research_corpus,docs/archive/bao_cao_nghien_cuu_van_hoa_du_lich_vinh_long_tra_vinh_ben_tre_2025_2026.md,408,"082. 2025-11-20 | Vĩnh Long; Bến Tre | Phát triển kết cấu hạ tầng, cơ sở vật chất phát triển du lịch | https://baovinhlong.com.vn/xa-hoi/du-lich/202511/phat-trien-ket-cau-ha-tang-co-so-vat-chat-phat-trien-du-lich-e3116f5/"
https://baovinhlong.com.vn/xa-hoi/du-lich/202511/ky-ket-hop-tac-phat-trien-du-lich-voi-dong-nai-dong-thap-va-tp-can-tho-8b83047/,4,docs/archive/bao_cao_nghien_cuu_van_hoa_du_lich_vinh_long_tra_vinh_ben_tre_2025_2026.md; docs/research/baovinhlong_du_lich_evidence_matrix_2025_2026.csv; docs/research/baovinhlong_du_lich_urls_2025_2026.csv; docs/research/nghien_cuu_12_chieu_thu_muc_nguon_mo_rong.csv,research_report; research_corpus,docs/archive/bao_cao_nghien_cuu_van_hoa_du_lich_vinh_long_tra_vinh_ben_tre_2025_2026.md,409,"083. 2025-11-19 | Vĩnh Long | Ký kết hợp tác phát triển du lịch với Đồng Nai, Đồng Tháp và TP Cần Thơ | https://baovinhlong.com.vn/xa-hoi/du-lich/202511/ky-ket-hop-tac-phat-trien-du-lich-voi-dong-nai-dong-thap-va-tp-can-tho-8b83047/"
https://baovinhlong.com.vn/xa-hoi/du-lich/202511/phat-trien-du-lich-xanh-ben-vung-trong-boi-canh-moi-6ff13aa/,4,docs/archive/bao_cao_nghien_cuu_van_hoa_du_lich_vinh_long_tra_vinh_ben_tre_2025_2026.md; docs/research/baovinhlong_du_lich_evidence_matrix_2025_2026.csv; docs/research/baovinhlong_du_lich_urls_2025_2026.csv; docs/research/nghien_cuu_12_chieu_thu_muc_nguon_mo_rong.csv,research_report; research_corpus,docs/archive/bao_cao_nghien_cuu_van_hoa_du_lich_vinh_long_tra_vinh_ben_tre_2025_2026.md,410,"084. 2025-11-08 | Vĩnh Long; Bến Tre | Phát triển du lịch xanh, bền vững trong bối cảnh mới | https://baovinhlong.com.vn/xa-hoi/du-lich/202511/phat-trien-du-lich-xanh-ben-vung-trong-boi-canh-moi-6ff13aa/"
https://baovinhlong.com.vn/van-hoa-giai-tri/202511/ngan-vang-lan-dieu-am-nhac-dan-toc-khmer-f330f03/,4,docs/archive/bao_cao_nghien_cuu_van_hoa_du_lich_vinh_long_tra_vinh_ben_tre_2025_2026.md; docs/research/baovinhlong_du_lich_evidence_matrix_2025_2026.csv; docs/research/baovinhlong_du_lich_urls_2025_2026.csv; docs/research/nghien_cuu_12_chieu_thu_muc_nguon_mo_rong.csv,research_report; research_corpus,docs/archive/bao_cao_nghien_cuu_van_hoa_du_lich_vinh_long_tra_vinh_ben_tre_2025_2026.md,412,086. 2025-11-06 | Trà Vinh | Ngân vang làn điệu âm nhạc dân tộc Khmer | https://baovinhlong.com.vn/van-hoa-giai-tri/202511/ngan-vang-lan-dieu-am-nhac-dan-toc-khmer-f330f03/
https://baovinhlong.com.vn/xa-hoi/du-lich/202511/doan-cong-tac-cuc-du-lich-quoc-gia-ve-phat-trien-du-lich-lam-viec-tai-tinh-5e60425/,4,docs/archive/bao_cao_nghien_cuu_van_hoa_du_lich_vinh_long_tra_vinh_ben_tre_2025_2026.md; docs/research/baovinhlong_du_lich_evidence_matrix_2025_2026.csv; docs/research/baovinhlong_du_lich_urls_2025_2026.csv; docs/research/nghien_cuu_12_chieu_thu_muc_nguon_mo_rong.csv,research_report; research_corpus,docs/archive/bao_cao_nghien_cuu_van_hoa_du_lich_vinh_long_tra_vinh_ben_tre_2025_2026.md,413,087. 2025-11-05 | Vĩnh Long; Trà Vinh; Bến Tre | Đoàn công tác Cục Du lịch quốc gia về phát triển du lịch làm việc tại tỉnh | https://baovinhlong.com.vn/xa-hoi/du-lich/202511/doan-cong-tac-cuc-du-lich-quoc-gia-ve-phat-trien-du-lich-lam-viec-tai-tinh-5e60425/
https://baovinhlong.com.vn/van-hoa-giai-tri/202511/ron-rang-dem-hoi-ok-om-bok-tinh-vinh-long-2025-78e07a6/,4,docs/archive/bao_cao_nghien_cuu_van_hoa_du_lich_vinh_long_tra_vinh_ben_tre_2025_2026.md; docs/research/baovinhlong_du_lich_evidence_matrix_2025_2026.csv; docs/research/baovinhlong_du_lich_urls_2025_2026.csv; docs/research/nghien_cuu_12_chieu_thu_muc_nguon_mo_rong.csv,research_report; research_corpus,docs/archive/bao_cao_nghien_cuu_van_hoa_du_lich_vinh_long_tra_vinh_ben_tre_2025_2026.md,414,088. 2025-11-05 | Vĩnh Long; Trà Vinh | Rộn ràng đêm hội Ok Om Bok tỉnh Vĩnh Long 2025 | https://baovinhlong.com.vn/van-hoa-giai-tri/202511/ron-rang-dem-hoi-ok-om-bok-tinh-vinh-long-2025-78e07a6/
https://baovinhlong.com.vn/xa-hoi/du-lich/202511/khao-sat-tham-dinh-2-diem-du-lich-tieu-bieu-dong-bang-song-cuu-long-tai-tinh-ae603ef/,4,docs/archive/bao_cao_nghien_cuu_van_hoa_du_lich_vinh_long_tra_vinh_ben_tre_2025_2026.md; docs/research/baovinhlong_du_lich_evidence_matrix_2025_2026.csv; docs/research/baovinhlong_du_lich_urls_2025_2026.csv; docs/research/nghien_cuu_12_chieu_thu_muc_nguon_mo_rong.csv,research_report; research_corpus,docs/archive/bao_cao_nghien_cuu_van_hoa_du_lich_vinh_long_tra_vinh_ben_tre_2025_2026.md,415,"089. 2025-11-03 | Vĩnh Long; Trà Vinh | Khảo sát, thẩm định 2 điểm du lịch tiêu biểu Đồng bằng sông Cửu Long tại tỉnh | https://baovinhlong.com.vn/xa-hoi/du-lich/202511/khao-sat-tham-dinh-2-diem-du-lich-tieu-bieu-dong-bang-song-cuu-long-tai-tinh-ae603ef/"
https://baovinhlong.com.vn/van-hoa-giai-tri/202511/12-doan-tham-gia-hoi-thi-trinh-dien-nhac-cu-chao-mung-le-hoi-ok-om-bok-9260beb/,4,docs/archive/bao_cao_nghien_cuu_van_hoa_du_lich_vinh_long_tra_vinh_ben_tre_2025_2026.md; docs/research/baovinhlong_du_lich_evidence_matrix_2025_2026.csv; docs/research/baovinhlong_du_lich_urls_2025_2026.csv; docs/research/nghien_cuu_12_chieu_thu_muc_nguon_mo_rong.csv,research_report; research_corpus,docs/archive/bao_cao_nghien_cuu_van_hoa_du_lich_vinh_long_tra_vinh_ben_tre_2025_2026.md,416,090. 2025-11-01 | Vĩnh Long; Trà Vinh | 12 đoàn tham gia Hội thi trình diễn nhạc cụ chào mừng Lễ hội Ok Om Bok | https://baovinhlong.com.vn/van-hoa-giai-tri/202511/12-doan-tham-gia-hoi-thi-trinh-dien-nhac-cu-chao-mung-le-hoi-ok-om-bok-9260beb/
https://baovinhlong.com.vn/nhip-song-dong-bang/202511/trai-nghiem-miet-vuon-song-nuoc-o-cu-lao-an-binh-34a03cf/,4,docs/archive/bao_cao_nghien_cuu_van_hoa_du_lich_vinh_long_tra_vinh_ben_tre_2025_2026.md; docs/research/baovinhlong_du_lich_evidence_matrix_2025_2026.csv; docs/research/baovinhlong_du_lich_urls_2025_2026.csv; docs/research/nghien_cuu_12_chieu_thu_muc_nguon_mo_rong.csv,research_report; research_corpus,docs/archive/bao_cao_nghien_cuu_van_hoa_du_lich_vinh_long_tra_vinh_ben_tre_2025_2026.md,417,091. 2025-11-01 | Vĩnh Long | Trải nghiệm miệt vườn sông nước ở cù lao An Bình | https://baovinhlong.com.vn/nhip-song-dong-bang/202511/trai-nghiem-miet-vuon-song-nuoc-o-cu-lao-an-binh-34a03cf/
https://baovinhlong.com.vn/phong-su-anh/202510/dac-sac-chuong-trinh-nghe-thuat-chao-mung-le-hoi-ok-om-bok-afc0c63/,4,docs/archive/bao_cao_nghien_cuu_van_hoa_du_lich_vinh_long_tra_vinh_ben_tre_2025_2026.md; docs/research/baovinhlong_du_lich_evidence_matrix_2025_2026.csv; docs/research/baovinhlong_du_lich_urls_2025_2026.csv; docs/research/nghien_cuu_12_chieu_thu_muc_nguon_mo_rong.csv,research_report; research_corpus,docs/archive/bao_cao_nghien_cuu_van_hoa_du_lich_vinh_long_tra_vinh_ben_tre_2025_2026.md,418,092. 2025-10-31 | Vĩnh Long; Trà Vinh | Đặc sắc chương trình nghệ thuật chào mừng Lễ hội Ok Om Bok | https://baovinhlong.com.vn/phong-su-anh/202510/dac-sac-chuong-trinh-nghe-thuat-chao-mung-le-hoi-ok-om-bok-afc0c63/
https://baovinhlong.com.vn/van-hoa-giai-tri/202510/khai-mac-chuoi-hoat-dong-tai-tuan-le-van-hoa-the-thao-va-du-lich-3d53b74/,4,docs/archive/bao_cao_nghien_cuu_van_hoa_du_lich_vinh_long_tra_vinh_ben_tre_2025_2026.md; docs/research/baovinhlong_du_lich_evidence_matrix_2025_2026.csv; docs/research/baovinhlong_du_lich_urls_2025_2026.csv; docs/research/nghien_cuu_12_chieu_thu_muc_nguon_mo_rong.csv,research_report; research_corpus,docs/archive/bao_cao_nghien_cuu_van_hoa_du_lich_vinh_long_tra_vinh_ben_tre_2025_2026.md,419,"093. 2025-10-30 | Trà Vinh | Khai mạc chuỗi hoạt động tại Tuần lễ Văn hóa, Thể thao và Du lịch | https://baovinhlong.com.vn/van-hoa-giai-tri/202510/khai-mac-chuoi-hoat-dong-tai-tuan-le-van-hoa-the-thao-va-du-lich-3d53b74/"
https://baovinhlong.com.vn/thoi-su/202510/vinh-long-khai-mac-tuan-le-van-hoa-the-thao-va-du-lich-chao-mung-le-hoi-ok-om-bok-88b42e3/,4,docs/archive/bao_cao_nghien_cuu_van_hoa_du_lich_vinh_long_tra_vinh_ben_tre_2025_2026.md; docs/research/baovinhlong_du_lich_evidence_matrix_2025_2026.csv; docs/research/baovinhlong_du_lich_urls_2025_2026.csv; docs/research/nghien_cuu_12_chieu_thu_muc_nguon_mo_rong.csv,research_report; research_corpus,docs/archive/bao_cao_nghien_cuu_van_hoa_du_lich_vinh_long_tra_vinh_ben_tre_2025_2026.md,420,"094. 2025-10-30 | Vĩnh Long; Trà Vinh | Vĩnh Long khai mạc Tuần lễ Văn hóa, Thể thao và Du lịch chào mừng Lễ hội Ok Om Bok | https://baovinhlong.com.vn/thoi-su/202510/vinh-long-khai-mac-tuan-le-van-hoa-the-thao-va-du-lich-chao-mung-le-hoi-ok-om-bok-88b42e3/"
https://baovinhlong.com.vn/xa-hoi/du-lich/202510/cai-thien-chat-luong-nguon-nhan-luc-du-lich-0c33912/,4,docs/archive/bao_cao_nghien_cuu_van_hoa_du_lich_vinh_long_tra_vinh_ben_tre_2025_2026.md; docs/research/baovinhlong_du_lich_evidence_matrix_2025_2026.csv; docs/research/baovinhlong_du_lich_urls_2025_2026.csv; docs/research/nghien_cuu_12_chieu_thu_muc_nguon_mo_rong.csv,research_report; research_corpus,docs/archive/bao_cao_nghien_cuu_van_hoa_du_lich_vinh_long_tra_vinh_ben_tre_2025_2026.md,421,095. 2025-10-29 | Vĩnh Long | Cải thiện chất lượng nguồn nhân lực du lịch | https://baovinhlong.com.vn/xa-hoi/du-lich/202510/cai-thien-chat-luong-nguon-nhan-luc-du-lich-0c33912/
https://baovinhlong.com.vn/nhip-song-dong-bang/202510/le-hoi-ok-om-bok-giu-gin-va-lan-toa-gia-tri-van-hoa-khmer-dd830aa/,4,docs/archive/bao_cao_nghien_cuu_van_hoa_du_lich_vinh_long_tra_vinh_ben_tre_2025_2026.md; docs/research/baovinhlong_du_lich_evidence_matrix_2025_2026.csv; docs/research/baovinhlong_du_lich_urls_2025_2026.csv; docs/research/nghien_cuu_12_chieu_thu_muc_nguon_mo_rong.csv,research_report; research_corpus,docs/archive/bao_cao_nghien_cuu_van_hoa_du_lich_vinh_long_tra_vinh_ben_tre_2025_2026.md,422,096. 2025-10-29 | Vĩnh Long | Lễ hội Ok Om Bok: Giữ gìn và lan tỏa giá trị văn hóa Khmer | https://baovinhlong.com.vn/nhip-song-dong-bang/202510/le-hoi-ok-om-bok-giu-gin-va-lan-toa-gia-tri-van-hoa-khmer-dd830aa/
https://baovinhlong.com.vn/chinh-tri/202510/phat-trien-van-hoa-gan-voi-du-lich-xanh-huong-den-phat-trien-ben-vung-trong-giai-doan-toi-37a24b3/,4,docs/archive/bao_cao_nghien_cuu_van_hoa_du_lich_vinh_long_tra_vinh_ben_tre_2025_2026.md; docs/research/baovinhlong_du_lich_evidence_matrix_2025_2026.csv; docs/research/baovinhlong_du_lich_urls_2025_2026.csv; docs/research/nghien_cuu_12_chieu_thu_muc_nguon_mo_rong.csv,research_report; research_corpus,docs/archive/bao_cao_nghien_cuu_van_hoa_du_lich_vinh_long_tra_vinh_ben_tre_2025_2026.md,423,097. 2025-10-29 | Vĩnh Long | Phát triển văn hóa gắn với du lịch xanh hướng đến phát triển bền vững trong giai đoạn tới | https://baovinhlong.com.vn/chinh-tri/202510/phat-trien-van-hoa-gan-voi-du-lich-xanh-huong-den-phat-trien-ben-vung-trong-giai-doan-toi-37a24b3/
https://baovinhlong.com.vn/multimedia/202510/doc-dao-sac-mau-le-hoi-kathina-o-vinh-long-0b12ba1/,4,docs/archive/bao_cao_nghien_cuu_van_hoa_du_lich_vinh_long_tra_vinh_ben_tre_2025_2026.md; docs/research/baovinhlong_du_lich_evidence_matrix_2025_2026.csv; docs/research/baovinhlong_du_lich_urls_2025_2026.csv; docs/research/nghien_cuu_12_chieu_thu_muc_nguon_mo_rong.csv,research_report; research_corpus,docs/archive/bao_cao_nghien_cuu_van_hoa_du_lich_vinh_long_tra_vinh_ben_tre_2025_2026.md,424,098. 2025-10-28 | Vĩnh Long | Độc đáo sắc màu Lễ hội Kathina ở Vĩnh Long | https://baovinhlong.com.vn/multimedia/202510/doc-dao-sac-mau-le-hoi-kathina-o-vinh-long-0b12ba1/
https://baovinhlong.com.vn/thoi-su/202510/kiem-tra-cong-tac-chuan-bi-tuan-le-van-hoa-the-thao-va-du-lich-chao-mung-le-hoi-ok-om-bok-nam-2025-31e32d9/,4,docs/archive/bao_cao_nghien_cuu_van_hoa_du_lich_vinh_long_tra_vinh_ben_tre_2025_2026.md; docs/research/baovinhlong_du_lich_evidence_matrix_2025_2026.csv; docs/research/baovinhlong_du_lich_urls_2025_2026.csv; docs/research/nghien_cuu_12_chieu_thu_muc_nguon_mo_rong.csv,research_report; research_corpus,docs/archive/bao_cao_nghien_cuu_van_hoa_du_lich_vinh_long_tra_vinh_ben_tre_2025_2026.md,425,"099. 2025-10-27 | Vĩnh Long | Kiểm tra công tác chuẩn bị Tuần lễ Văn hóa, Thể thao và Du lịch chào mừng Lễ hội Ok Om Bok năm 2025 | https://baovinhlong.com.vn/thoi-su/202510/kiem-tra-cong-tac-chuan-bi-tuan-le-van-hoa-the-thao-va-du-lich-chao-mung-le-hoi-ok-om-bok-nam-2025-31e32d9/"
https://baovinhlong.com.vn/tin-moi/202510/infographic-cac-hoat-dong-chao-mung-le-hoi-ok-om-bok-nam-2025-tai-tinh-vinh-long-77d07db/,4,docs/archive/bao_cao_nghien_cuu_van_hoa_du_lich_vinh_long_tra_vinh_ben_tre_2025_2026.md; docs/research/baovinhlong_du_lich_evidence_matrix_2025_2026.csv; docs/research/baovinhlong_du_lich_urls_2025_2026.csv; docs/research/nghien_cuu_12_chieu_thu_muc_nguon_mo_rong.csv,research_report; research_corpus,docs/archive/bao_cao_nghien_cuu_van_hoa_du_lich_vinh_long_tra_vinh_ben_tre_2025_2026.md,427,101. 2025-10-23 | Vĩnh Long | [Infographic] Các hoạt động chào mừng Lễ hội Ok Om Bok năm 2025 tại tỉnh Vĩnh Long | https://baovinhlong.com.vn/tin-moi/202510/infographic-cac-hoat-dong-chao-mung-le-hoi-ok-om-bok-nam-2025-tai-tinh-vinh-long-77d07db/
https://baovinhlong.com.vn/van-hoa-giai-tri/202510/trien-lam-trung-bay-cac-san-pham-cua-dong-bao-dan-toc-khmer-0ae4819/,4,docs/archive/bao_cao_nghien_cuu_van_hoa_du_lich_vinh_long_tra_vinh_ben_tre_2025_2026.md; docs/research/baovinhlong_du_lich_evidence_matrix_2025_2026.csv; docs/research/baovinhlong_du_lich_urls_2025_2026.csv; docs/research/nghien_cuu_12_chieu_thu_muc_nguon_mo_rong.csv,research_report; research_corpus,docs/archive/bao_cao_nghien_cuu_van_hoa_du_lich_vinh_long_tra_vinh_ben_tre_2025_2026.md,428,"102. 2025-10-20 | Trà Vinh | Triển lãm, trưng bày các sản phẩm của đồng bào dân tộc Khmer | https://baovinhlong.com.vn/van-hoa-giai-tri/202510/trien-lam-trung-bay-cac-san-pham-cua-dong-bao-dan-toc-khmer-0ae4819/"
https://baovinhlong.com.vn/xa-hoi/du-lich/202510/don-gan-7-trieu-luot-du-khach-trong-9-thang-5c73188/,4,docs/archive/bao_cao_nghien_cuu_van_hoa_du_lich_vinh_long_tra_vinh_ben_tre_2025_2026.md; docs/research/baovinhlong_du_lich_evidence_matrix_2025_2026.csv; docs/research/baovinhlong_du_lich_urls_2025_2026.csv; docs/research/nghien_cuu_12_chieu_thu_muc_nguon_mo_rong.csv,research_report; research_corpus,docs/archive/bao_cao_nghien_cuu_van_hoa_du_lich_vinh_long_tra_vinh_ben_tre_2025_2026.md,429,103. 2025-10-14 | Vĩnh Long | Đón gần 7 triệu lượt du khách trong 9 tháng | https://baovinhlong.com.vn/xa-hoi/du-lich/202510/don-gan-7-trieu-luot-du-khach-trong-9-thang-5c73188/
https://baovinhlong.com.vn/video/202510/lang-nghe-mat-xich-quan-trong-phat-trien-du-lich-duong-song-tinh-vinh-long-9500d8a/,4,docs/archive/bao_cao_nghien_cuu_van_hoa_du_lich_vinh_long_tra_vinh_ben_tre_2025_2026.md; docs/research/baovinhlong_du_lich_evidence_matrix_2025_2026.csv; docs/research/baovinhlong_du_lich_urls_2025_2026.csv; docs/research/nghien_cuu_12_chieu_thu_muc_nguon_mo_rong.csv,research_report; research_corpus,docs/archive/bao_cao_nghien_cuu_van_hoa_du_lich_vinh_long_tra_vinh_ben_tre_2025_2026.md,430,104. 2025-10-14 | Vĩnh Long | Làng nghề - mắt xích quan trọng phát triển du lịch đường sông tỉnh Vĩnh Long | https://baovinhlong.com.vn/video/202510/lang-nghe-mat-xich-quan-trong-phat-trien-du-lich-duong-song-tinh-vinh-long-9500d8a/
https://baovinhlong.com.vn/kinh-te/202510/kien-tao-khong-gian-moi-khai-mo-tiem-nang-phat-trien-ky-3huong-den-do-thi-da-cuc-du-lich-tro-thanh-nganh-kinh-te-mui-nhon-0120585/,4,docs/archive/bao_cao_nghien_cuu_van_hoa_du_lich_vinh_long_tra_vinh_ben_tre_2025_2026.md; docs/research/baovinhlong_du_lich_evidence_matrix_2025_2026.csv; docs/research/baovinhlong_du_lich_urls_2025_2026.csv; docs/research/nghien_cuu_12_chieu_thu_muc_nguon_mo_rong.csv,research_report; research_corpus,docs/archive/bao_cao_nghien_cuu_van_hoa_du_lich_vinh_long_tra_vinh_ben_tre_2025_2026.md,432,"106. 2025-10-10 | Vĩnh Long | Kỳ 3: Hướng đến “đô thị đa cực”, du lịch trở thành ngành kinh tế mũi nhọn | https://baovinhlong.com.vn/kinh-te/202510/kien-tao-khong-gian-moi-khai-mo-tiem-nang-phat-trien-ky-3huong-den-do-thi-da-cuc-du-lich-tro-thanh-nganh-kinh-te-mui-nhon-0120585/"
https://baovinhlong.com.vn/chinh-tri/202510/phuong-truong-long-hoa-tap-trung-phat-trien-nong-nghiep-thuy-san-thuong-mai-va-du-lich-a671b47/,4,docs/archive/bao_cao_nghien_cuu_van_hoa_du_lich_vinh_long_tra_vinh_ben_tre_2025_2026.md; docs/research/baovinhlong_du_lich_evidence_matrix_2025_2026.csv; docs/research/baovinhlong_du_lich_urls_2025_2026.csv; docs/research/nghien_cuu_12_chieu_thu_muc_nguon_mo_rong.csv,research_report; research_corpus,docs/archive/bao_cao_nghien_cuu_van_hoa_du_lich_vinh_long_tra_vinh_ben_tre_2025_2026.md,433,"107. 2025-10-06 | Trà Vinh | Phường Trường Long Hòa tập trung phát triển nông nghiệp, thủy sản, thương mại và du lịch | https://baovinhlong.com.vn/chinh-tri/202510/phuong-truong-long-hoa-tap-trung-phat-trien-nong-nghiep-thuy-san-thuong-mai-va-du-lich-a671b47/"
https://baovinhlong.com.vn/xa-hoi/du-lich/202510/khai-thac-the-manh-am-thuc-phuc-vu-du-lich-10907f4/,4,docs/archive/bao_cao_nghien_cuu_van_hoa_du_lich_vinh_long_tra_vinh_ben_tre_2025_2026.md; docs/research/baovinhlong_du_lich_evidence_matrix_2025_2026.csv; docs/research/baovinhlong_du_lich_urls_2025_2026.csv; docs/research/nghien_cuu_12_chieu_thu_muc_nguon_mo_rong.csv,research_report; research_corpus,docs/archive/bao_cao_nghien_cuu_van_hoa_du_lich_vinh_long_tra_vinh_ben_tre_2025_2026.md,434,108. 2025-10-03 | Vĩnh Long; Trà Vinh; Bến Tre | Khai thác thế mạnh ẩm thực phục vụ du lịch | https://baovinhlong.com.vn/xa-hoi/du-lich/202510/khai-thac-the-manh-am-thuc-phuc-vu-du-lich-10907f4/
https://baovinhlong.com.vn/nhip-song-dong-bang/202510/dua-du-lich-tung-buoc-tro-thanh-nganh-kinh-te-mui-nhon-3cc0e4c/,4,docs/archive/bao_cao_nghien_cuu_van_hoa_du_lich_vinh_long_tra_vinh_ben_tre_2025_2026.md; docs/research/baovinhlong_du_lich_evidence_matrix_2025_2026.csv; docs/research/baovinhlong_du_lich_urls_2025_2026.csv; docs/research/nghien_cuu_12_chieu_thu_muc_nguon_mo_rong.csv,research_report; research_corpus,docs/archive/bao_cao_nghien_cuu_van_hoa_du_lich_vinh_long_tra_vinh_ben_tre_2025_2026.md,435,109. 2025-10-02 | Vĩnh Long | Đưa du lịch từng bước trở thành ngành kinh tế mũi nhọn | https://baovinhlong.com.vn/nhip-song-dong-bang/202510/dua-du-lich-tung-buoc-tro-thanh-nganh-kinh-te-mui-nhon-3cc0e4c/
https://baovinhlong.com.vn/xa-hoi/du-lich/202509/vinh-danh-nhung-dai-su-thuong-hieu-du-lich-0fa3283/,4,docs/archive/bao_cao_nghien_cuu_van_hoa_du_lich_vinh_long_tra_vinh_ben_tre_2025_2026.md; docs/research/baovinhlong_du_lich_evidence_matrix_2025_2026.csv; docs/research/baovinhlong_du_lich_urls_2025_2026.csv; docs/research/nghien_cuu_12_chieu_thu_muc_nguon_mo_rong.csv,research_report; research_corpus,docs/archive/bao_cao_nghien_cuu_van_hoa_du_lich_vinh_long_tra_vinh_ben_tre_2025_2026.md,436,110. 2025-09-29 | Vĩnh Long | Vinh danh những đại sứ thương hiệu du lịch | https://baovinhlong.com.vn/xa-hoi/du-lich/202509/vinh-danh-nhung-dai-su-thuong-hieu-du-lich-0fa3283/
https://baovinhlong.com.vn/video/202509/the-manh-duong-song-du-dia-phat-trien-du-lich-vinh-long-sau-hop-nhat-c861db5/,4,docs/archive/bao_cao_nghien_cuu_van_hoa_du_lich_vinh_long_tra_vinh_ben_tre_2025_2026.md; docs/research/baovinhlong_du_lich_evidence_matrix_2025_2026.csv; docs/research/baovinhlong_du_lich_urls_2025_2026.csv; docs/research/nghien_cuu_12_chieu_thu_muc_nguon_mo_rong.csv,research_report; research_corpus,docs/archive/bao_cao_nghien_cuu_van_hoa_du_lich_vinh_long_tra_vinh_ben_tre_2025_2026.md,437,111. 2025-09-26 | Vĩnh Long | Thế mạnh đường sông – Dư địa phát triển du lịch Vĩnh Long sau hợp nhất | https://baovinhlong.com.vn/video/202509/the-manh-duong-song-du-dia-phat-trien-du-lich-vinh-long-sau-hop-nhat-c861db5/
https://baovinhlong.com.vn/xa-hoi/du-lich/202509/toa-dam-ve-cung-co-va-hoan-thien-tuyen-diem-san-pham-du-lich-duong-song-fc91905/,4,docs/archive/bao_cao_nghien_cuu_van_hoa_du_lich_vinh_long_tra_vinh_ben_tre_2025_2026.md; docs/research/baovinhlong_du_lich_evidence_matrix_2025_2026.csv; docs/research/baovinhlong_du_lich_urls_2025_2026.csv; docs/research/nghien_cuu_12_chieu_thu_muc_nguon_mo_rong.csv,research_report; research_corpus,docs/archive/bao_cao_nghien_cuu_van_hoa_du_lich_vinh_long_tra_vinh_ben_tre_2025_2026.md,438,"112. 2025-09-26 | Vĩnh Long | Toạ đàm về củng cố và hoàn thiện tuyến, điểm sản phẩm du lịch đường sông | https://baovinhlong.com.vn/xa-hoi/du-lich/202509/toa-dam-ve-cung-co-va-hoan-thien-tuyen-diem-san-pham-du-lich-duong-song-fc91905/"
https://baovinhlong.com.vn/xa-hoi/du-lich/202509/to-chuc-famtrip-khao-sat-san-pham-du-lich-duong-song-tai-vinh-long-18531dc/,4,docs/archive/bao_cao_nghien_cuu_van_hoa_du_lich_vinh_long_tra_vinh_ben_tre_2025_2026.md; docs/research/baovinhlong_du_lich_evidence_matrix_2025_2026.csv; docs/research/baovinhlong_du_lich_urls_2025_2026.csv; docs/research/nghien_cuu_12_chieu_thu_muc_nguon_mo_rong.csv,research_report; research_corpus,docs/archive/bao_cao_nghien_cuu_van_hoa_du_lich_vinh_long_tra_vinh_ben_tre_2025_2026.md,439,113. 2025-09-25 | Vĩnh Long | Tổ chức Famtrip khảo sát sản phẩm du lịch đường sông tại Vĩnh Long | https://baovinhlong.com.vn/xa-hoi/du-lich/202509/to-chuc-famtrip-khao-sat-san-pham-du-lich-duong-song-tai-vinh-long-18531dc/
https://baovinhlong.com.vn/xa-hoi/du-lich/202509/phan-dau-3-thang-cuoi-nam-thu-hut-hon-22-trieu-luot-du-khach-25e03a7/,4,docs/archive/bao_cao_nghien_cuu_van_hoa_du_lich_vinh_long_tra_vinh_ben_tre_2025_2026.md; docs/research/baovinhlong_du_lich_evidence_matrix_2025_2026.csv; docs/research/baovinhlong_du_lich_urls_2025_2026.csv; docs/research/nghien_cuu_12_chieu_thu_muc_nguon_mo_rong.csv,research_report; research_corpus,docs/archive/bao_cao_nghien_cuu_van_hoa_du_lich_vinh_long_tra_vinh_ben_tre_2025_2026.md,440,"114. 2025-09-23 | Vĩnh Long; Bến Tre | Phấn đấu 3 tháng cuối năm thu hút hơn 2,2 triệu lượt du khách | https://baovinhlong.com.vn/xa-hoi/du-lich/202509/phan-dau-3-thang-cuoi-nam-thu-hut-hon-22-trieu-luot-du-khach-25e03a7/"
https://baovinhlong.com.vn/xa-hoi/du-lich/202509/toa-dam-ket-noi-du-lich-phia-dong-song-hau-7072f7c/,4,docs/archive/bao_cao_nghien_cuu_van_hoa_du_lich_vinh_long_tra_vinh_ben_tre_2025_2026.md; docs/research/baovinhlong_du_lich_evidence_matrix_2025_2026.csv; docs/research/baovinhlong_du_lich_urls_2025_2026.csv; docs/research/nghien_cuu_12_chieu_thu_muc_nguon_mo_rong.csv,research_report; research_corpus,docs/archive/bao_cao_nghien_cuu_van_hoa_du_lich_vinh_long_tra_vinh_ben_tre_2025_2026.md,441,115. 2025-09-19 | Vĩnh Long; Trà Vinh; Bến Tre | Tọa đàm kết nối du lịch phía Đông sông Hậu | https://baovinhlong.com.vn/xa-hoi/du-lich/202509/toa-dam-ket-noi-du-lich-phia-dong-song-hau-7072f7c/
https://baovinhlong.com.vn/vinh-long-dat-nuoc-con-nguoi/202509/ve-cai-von-thuong-thuc-dac-san-ben-song-hau-6fe03cd/,4,docs/archive/bao_cao_nghien_cuu_van_hoa_du_lich_vinh_long_tra_vinh_ben_tre_2025_2026.md; docs/research/baovinhlong_du_lich_evidence_matrix_2025_2026.csv; docs/research/baovinhlong_du_lich_urls_2025_2026.csv; docs/research/nghien_cuu_12_chieu_thu_muc_nguon_mo_rong.csv,research_report; research_corpus,docs/archive/bao_cao_nghien_cuu_van_hoa_du_lich_vinh_long_tra_vinh_ben_tre_2025_2026.md,442,116. 2025-09-16 | Vĩnh Long | Về Cái Vồn thưởng thức đặc sản bên sông Hậu | https://baovinhlong.com.vn/vinh-long-dat-nuoc-con-nguoi/202509/ve-cai-von-thuong-thuc-dac-san-ben-song-hau-6fe03cd/
https://baovinhlong.com.vn/xa-hoi/du-lich/202509/quang-ba-du-lich-vinh-long-tai-hoi-cho-du-lich-quoc-te-tp-ho-chi-minh-44d03c8/,4,docs/archive/bao_cao_nghien_cuu_van_hoa_du_lich_vinh_long_tra_vinh_ben_tre_2025_2026.md; docs/research/baovinhlong_du_lich_evidence_matrix_2025_2026.csv; docs/research/baovinhlong_du_lich_urls_2025_2026.csv; docs/research/nghien_cuu_12_chieu_thu_muc_nguon_mo_rong.csv,research_report; research_corpus,docs/archive/bao_cao_nghien_cuu_van_hoa_du_lich_vinh_long_tra_vinh_ben_tre_2025_2026.md,445,119. 2025-09-07 | Vĩnh Long | Quảng bá du lịch Vĩnh Long tại Hội chợ Du lịch quốc tế TP Hồ Chí Minh | https://baovinhlong.com.vn/xa-hoi/du-lich/202509/quang-ba-du-lich-vinh-long-tai-hoi-cho-du-lich-quoc-te-tp-ho-chi-minh-44d03c8/
https://baovinhlong.com.vn/xa-hoi/202509/du-lich-don-tin-hieu-kha-quan-tu-ky-nghi-le-a1809c7/,4,docs/archive/bao_cao_nghien_cuu_van_hoa_du_lich_vinh_long_tra_vinh_ben_tre_2025_2026.md; docs/research/baovinhlong_du_lich_evidence_matrix_2025_2026.csv; docs/research/baovinhlong_du_lich_urls_2025_2026.csv; docs/research/nghien_cuu_12_chieu_thu_muc_nguon_mo_rong.csv,research_report; research_corpus,docs/archive/bao_cao_nghien_cuu_van_hoa_du_lich_vinh_long_tra_vinh_ben_tre_2025_2026.md,446,120. 2025-09-04 | Vĩnh Long | Du lịch đón tín hiệu khả quan từ kỳ nghỉ lễ | https://baovinhlong.com.vn/xa-hoi/202509/du-lich-don-tin-hieu-kha-quan-tu-ky-nghi-le-a1809c7/
https://baovinhlong.com.vn/xa-hoi/du-lich/202509/nhon-phu-day-manh-phat-trien-du-lich-gan-voi-nong-nghiep-a1c12d7/,4,docs/archive/bao_cao_nghien_cuu_van_hoa_du_lich_vinh_long_tra_vinh_ben_tre_2025_2026.md; docs/research/baovinhlong_du_lich_evidence_matrix_2025_2026.csv; docs/research/baovinhlong_du_lich_urls_2025_2026.csv; docs/research/nghien_cuu_12_chieu_thu_muc_nguon_mo_rong.csv,research_report; research_corpus,docs/archive/bao_cao_nghien_cuu_van_hoa_du_lich_vinh_long_tra_vinh_ben_tre_2025_2026.md,447,121. 2025-09-03 | Vĩnh Long | Nhơn Phú đẩy mạnh phát triển du lịch gắn với nông nghiệp | https://baovinhlong.com.vn/xa-hoi/du-lich/202509/nhon-phu-day-manh-phat-trien-du-lich-gan-voi-nong-nghiep-a1c12d7/
https://baovinhlong.com.vn/van-hoa-giai-tri/202509/van-thanh-mieu-luu-giu-ve-dep-truyen-thong-cua-dan-toc-7e21432/,4,docs/archive/bao_cao_nghien_cuu_van_hoa_du_lich_vinh_long_tra_vinh_ben_tre_2025_2026.md; docs/research/baovinhlong_du_lich_evidence_matrix_2025_2026.csv; docs/research/baovinhlong_du_lich_urls_2025_2026.csv; docs/research/nghien_cuu_12_chieu_thu_muc_nguon_mo_rong.csv,research_report; research_corpus,docs/archive/bao_cao_nghien_cuu_van_hoa_du_lich_vinh_long_tra_vinh_ben_tre_2025_2026.md,448,122. 2025-09-01 | Vĩnh Long | Văn Thánh miếu- Lưu giữ vẻ đẹp truyền thống của dân tộc | https://baovinhlong.com.vn/van-hoa-giai-tri/202509/van-thanh-mieu-luu-giu-ve-dep-truyen-thong-cua-dan-toc-7e21432/
https://baovinhlong.com.vn/chinh-tri/202508/nhon-phu-phat-trien-dich-vu-du-lich-gan-voi-khu-lo-gach-gom-mang-thit-f2e2796/,4,docs/archive/bao_cao_nghien_cuu_van_hoa_du_lich_vinh_long_tra_vinh_ben_tre_2025_2026.md; docs/research/baovinhlong_du_lich_evidence_matrix_2025_2026.csv; docs/research/baovinhlong_du_lich_urls_2025_2026.csv; docs/research/nghien_cuu_12_chieu_thu_muc_nguon_mo_rong.csv,research_report; research_corpus,docs/archive/bao_cao_nghien_cuu_van_hoa_du_lich_vinh_long_tra_vinh_ben_tre_2025_2026.md,449,"123. 2025-08-28 | Vĩnh Long | Nhơn Phú phát triển dịch vụ du lịch gắn với “Khu lò gạch, gốm Mang Thít” | https://baovinhlong.com.vn/chinh-tri/202508/nhon-phu-phat-trien-dich-vu-du-lich-gan-voi-khu-lo-gach-gom-mang-thit-f2e2796/"
https://baovinhlong.com.vn/van-hoa-giai-tri/202508/van-thanh-mieu-to-chuc-le-gio-lan-thu-158-cu-phan-thanh-gian-b9e2695/,4,docs/archive/bao_cao_nghien_cuu_van_hoa_du_lich_vinh_long_tra_vinh_ben_tre_2025_2026.md; docs/research/baovinhlong_du_lich_evidence_matrix_2025_2026.csv; docs/research/baovinhlong_du_lich_urls_2025_2026.csv; docs/research/nghien_cuu_12_chieu_thu_muc_nguon_mo_rong.csv,research_report; research_corpus,docs/archive/bao_cao_nghien_cuu_van_hoa_du_lich_vinh_long_tra_vinh_ben_tre_2025_2026.md,450,124. 2025-08-27 | Vĩnh Long | Văn Thánh Miếu tổ chức lễ giỗ lần thứ 158 cụ Phan Thanh Giản | https://baovinhlong.com.vn/van-hoa-giai-tri/202508/van-thanh-mieu-to-chuc-le-gio-lan-thu-158-cu-phan-thanh-gian-b9e2695/
https://baovinhlong.com.vn/kinh-te/202508/ket-noi-cac-vung-ven-bien-tao-khong-gian-phat-trien-moi-61515a4/,4,docs/archive/bao_cao_nghien_cuu_van_hoa_du_lich_vinh_long_tra_vinh_ben_tre_2025_2026.md; docs/research/baovinhlong_du_lich_evidence_matrix_2025_2026.csv; docs/research/baovinhlong_du_lich_urls_2025_2026.csv; docs/research/nghien_cuu_12_chieu_thu_muc_nguon_mo_rong.csv,research_report; research_corpus,docs/archive/bao_cao_nghien_cuu_van_hoa_du_lich_vinh_long_tra_vinh_ben_tre_2025_2026.md,451,"125. 2025-08-26 | Vĩnh Long | Kết nối các vùng ven biển, tạo không gian phát triển mới | https://baovinhlong.com.vn/kinh-te/202508/ket-noi-cac-vung-ven-bien-tao-khong-gian-phat-trien-moi-61515a4/"
https://baovinhlong.com.vn/xa-hoi/du-lich/202508/nganh-du-lich-tinh-chuan-bi-don-du-khach-dip-le-29-70b1669/,4,docs/archive/bao_cao_nghien_cuu_van_hoa_du_lich_vinh_long_tra_vinh_ben_tre_2025_2026.md; docs/research/baovinhlong_du_lich_evidence_matrix_2025_2026.csv; docs/research/baovinhlong_du_lich_urls_2025_2026.csv; docs/research/nghien_cuu_12_chieu_thu_muc_nguon_mo_rong.csv,research_report; research_corpus,docs/archive/bao_cao_nghien_cuu_van_hoa_du_lich_vinh_long_tra_vinh_ben_tre_2025_2026.md,452,126. 2025-08-26 | Vĩnh Long; Trà Vinh; Bến Tre | Ngành du lịch tỉnh chuẩn bị đón du khách dịp lễ 2/9 | https://baovinhlong.com.vn/xa-hoi/du-lich/202508/nganh-du-lich-tinh-chuan-bi-don-du-khach-dip-le-29-70b1669/
https://baovinhlong.com.vn/video/202508/du-lich-vinh-long-chuan-bi-phuc-vu-le-29-10e2e61/,4,docs/archive/bao_cao_nghien_cuu_van_hoa_du_lich_vinh_long_tra_vinh_ben_tre_2025_2026.md; docs/research/baovinhlong_du_lich_evidence_matrix_2025_2026.csv; docs/research/baovinhlong_du_lich_urls_2025_2026.csv; docs/research/nghien_cuu_12_chieu_thu_muc_nguon_mo_rong.csv,research_report; research_corpus,docs/archive/bao_cao_nghien_cuu_van_hoa_du_lich_vinh_long_tra_vinh_ben_tre_2025_2026.md,453,127. 2025-08-25 | Vĩnh Long | Du lịch Vĩnh Long chuẩn bị phục vụ lễ 2/9 | https://baovinhlong.com.vn/video/202508/du-lich-vinh-long-chuan-bi-phuc-vu-le-29-10e2e61/
https://baovinhlong.com.vn/xa-hoi/du-lich/202508/nganh-du-lich-chuan-bi-don-khach-dip-le-29-c0a13a1/,4,docs/archive/bao_cao_nghien_cuu_van_hoa_du_lich_vinh_long_tra_vinh_ben_tre_2025_2026.md; docs/research/baovinhlong_du_lich_evidence_matrix_2025_2026.csv; docs/research/baovinhlong_du_lich_urls_2025_2026.csv; docs/research/nghien_cuu_12_chieu_thu_muc_nguon_mo_rong.csv,research_report; research_corpus,docs/archive/bao_cao_nghien_cuu_van_hoa_du_lich_vinh_long_tra_vinh_ben_tre_2025_2026.md,454,128. 2025-08-25 | Vĩnh Long | Ngành du lịch chuẩn bị đón khách dịp lễ 2/9 | https://baovinhlong.com.vn/xa-hoi/du-lich/202508/nganh-du-lich-chuan-bi-don-khach-dip-le-29-c0a13a1/
https://baovinhlong.com.vn/xa-hoi/du-lich/202508/hoa-minh-huong-toi-xa-nong-thon-moi-kieu-mau-ve-du-lich-432130e/,4,docs/archive/bao_cao_nghien_cuu_van_hoa_du_lich_vinh_long_tra_vinh_ben_tre_2025_2026.md; docs/research/baovinhlong_du_lich_evidence_matrix_2025_2026.csv; docs/research/baovinhlong_du_lich_urls_2025_2026.csv; docs/research/nghien_cuu_12_chieu_thu_muc_nguon_mo_rong.csv,research_report; research_corpus,docs/archive/bao_cao_nghien_cuu_van_hoa_du_lich_vinh_long_tra_vinh_ben_tre_2025_2026.md,456,130. 2025-08-15 | Trà Vinh | Hòa Minh hướng tới xã nông thôn mới kiểu mẫu về du lịch | https://baovinhlong.com.vn/xa-hoi/du-lich/202508/hoa-minh-huong-toi-xa-nong-thon-moi-kieu-mau-ve-du-lich-432130e/
https://baovinhlong.com.vn/chinh-tri/202508/dong-gop-du-thao-van-kien-dai-hoi-dang-bo-tinh-vinh-long-nhiem-ky-2025-2030-can-nghi-quyet-chuyen-de-ve-du-lich-xay-dung-va-phat-trien-vinh-long-thanh-tinh-kha-khu-vuc-6c7073c/,4,docs/archive/bao_cao_nghien_cuu_van_hoa_du_lich_vinh_long_tra_vinh_ben_tre_2025_2026.md; docs/research/baovinhlong_du_lich_evidence_matrix_2025_2026.csv; docs/research/baovinhlong_du_lich_urls_2025_2026.csv; docs/research/nghien_cuu_12_chieu_thu_muc_nguon_mo_rong.csv,research_report; research_corpus,docs/archive/bao_cao_nghien_cuu_van_hoa_du_lich_vinh_long_tra_vinh_ben_tre_2025_2026.md,457,"131. 2025-08-08 | Vĩnh Long | Cần nghị quyết chuyên đề về du lịch, xây dựng và phát triển Vĩnh Long thành tỉnh khá khu vực | https://baovinhlong.com.vn/chinh-tri/202508/dong-gop-du-thao-van-kien-dai-hoi-dang-bo-tinh-vinh-long-nhiem-ky-2025-2030-can-nghi-quyet-chuyen-de-ve-du-lich-xay-dung-va-phat-trien-vinh-long-thanh-tinh-kha-khu-vuc-6c7073c/"
https://baovinhlong.com.vn/van-hoa-giai-tri/202508/don-ca-tai-tu-hat-boi-tao-suc-hut-cho-du-lich-vinh-long-25512e5/,4,docs/archive/bao_cao_nghien_cuu_van_hoa_du_lich_vinh_long_tra_vinh_ben_tre_2025_2026.md; docs/research/baovinhlong_du_lich_evidence_matrix_2025_2026.csv; docs/research/baovinhlong_du_lich_urls_2025_2026.csv; docs/research/nghien_cuu_12_chieu_thu_muc_nguon_mo_rong.csv,research_report; research_corpus,docs/archive/bao_cao_nghien_cuu_van_hoa_du_lich_vinh_long_tra_vinh_ben_tre_2025_2026.md,458,"132. 2025-08-06 | Vĩnh Long | Đờn ca tài tử, hát bội tạo sức hút cho du lịch Vĩnh Long | https://baovinhlong.com.vn/van-hoa-giai-tri/202508/don-ca-tai-tu-hat-boi-tao-suc-hut-cho-du-lich-vinh-long-25512e5/"
https://baovinhlong.com.vn/kinh-te/202508/cu-lao-an-binh-huong-toi-nuoi-thuy-san-cong-nghe-cao-ef82631/,4,docs/archive/bao_cao_nghien_cuu_van_hoa_du_lich_vinh_long_tra_vinh_ben_tre_2025_2026.md; docs/research/baovinhlong_du_lich_evidence_matrix_2025_2026.csv; docs/research/baovinhlong_du_lich_urls_2025_2026.csv; docs/research/nghien_cuu_12_chieu_thu_muc_nguon_mo_rong.csv,research_report; research_corpus,docs/archive/bao_cao_nghien_cuu_van_hoa_du_lich_vinh_long_tra_vinh_ben_tre_2025_2026.md,459,133. 2025-08-03 | Vĩnh Long | Cù lao An Bình hướng tới nuôi thủy sản công nghệ cao | https://baovinhlong.com.vn/kinh-te/202508/cu-lao-an-binh-huong-toi-nuoi-thuy-san-cong-nghe-cao-ef82631/
https://baovinhlong.com.vn/xa-hoi/du-lich/202507/vinh-long-don-gan-6-trieu-du-khach-trong-7-thang-29716cb/,4,docs/archive/bao_cao_nghien_cuu_van_hoa_du_lich_vinh_long_tra_vinh_ben_tre_2025_2026.md; docs/research/baovinhlong_du_lich_evidence_matrix_2025_2026.csv; docs/research/baovinhlong_du_lich_urls_2025_2026.csv; docs/research/nghien_cuu_12_chieu_thu_muc_nguon_mo_rong.csv,research_report; research_corpus,docs/archive/bao_cao_nghien_cuu_van_hoa_du_lich_vinh_long_tra_vinh_ben_tre_2025_2026.md,460,134. 2025-07-29 | Vĩnh Long; Bến Tre | Vĩnh Long đón gần 6 triệu du khách trong 7 tháng | https://baovinhlong.com.vn/xa-hoi/du-lich/202507/vinh-long-don-gan-6-trieu-du-khach-trong-7-thang-29716cb/
https://baovinhlong.com.vn/xa-hoi/du-lich/202507/nhieu-hoat-dong-thuc-day-du-lich-phat-trien-c800851/,4,docs/archive/bao_cao_nghien_cuu_van_hoa_du_lich_vinh_long_tra_vinh_ben_tre_2025_2026.md; docs/research/baovinhlong_du_lich_evidence_matrix_2025_2026.csv; docs/research/baovinhlong_du_lich_urls_2025_2026.csv; docs/research/nghien_cuu_12_chieu_thu_muc_nguon_mo_rong.csv,research_report; research_corpus,docs/archive/bao_cao_nghien_cuu_van_hoa_du_lich_vinh_long_tra_vinh_ben_tre_2025_2026.md,461,135. 2025-07-19 | Vĩnh Long; Trà Vinh; Bến Tre | Nhiều hoạt động thúc đẩy du lịch phát triển | https://baovinhlong.com.vn/xa-hoi/du-lich/202507/nhieu-hoat-dong-thuc-day-du-lich-phat-trien-c800851/
https://baovinhlong.com.vn/thoi-su/202507/phat-huy-the-manh-van-hoa-the-thao-du-lich-vinh-long-sau-sap-nhap-20548b8/,4,docs/archive/bao_cao_nghien_cuu_van_hoa_du_lich_vinh_long_tra_vinh_ben_tre_2025_2026.md; docs/research/baovinhlong_du_lich_evidence_matrix_2025_2026.csv; docs/research/baovinhlong_du_lich_urls_2025_2026.csv; docs/research/nghien_cuu_12_chieu_thu_muc_nguon_mo_rong.csv,research_report; research_corpus,docs/archive/bao_cao_nghien_cuu_van_hoa_du_lich_vinh_long_tra_vinh_ben_tre_2025_2026.md,462,"136. 2025-07-17 | Vĩnh Long | Phát huy thế mạnh văn hóa, thể thao, du lịch Vĩnh Long sau sáp nhập | https://baovinhlong.com.vn/thoi-su/202507/phat-huy-the-manh-van-hoa-the-thao-du-lich-vinh-long-sau-sap-nhap-20548b8/"
https://baovinhlong.com.vn/nhip-song-dong-bang/202507/vinh-long-co-11-diem-du-lich-tieu-bieu-khu-vuc-nam-2025-341183a/,4,docs/archive/bao_cao_nghien_cuu_van_hoa_du_lich_vinh_long_tra_vinh_ben_tre_2025_2026.md; docs/research/baovinhlong_du_lich_evidence_matrix_2025_2026.csv; docs/research/baovinhlong_du_lich_urls_2025_2026.csv; docs/research/nghien_cuu_12_chieu_thu_muc_nguon_mo_rong.csv,research_report; research_corpus,docs/archive/bao_cao_nghien_cuu_van_hoa_du_lich_vinh_long_tra_vinh_ben_tre_2025_2026.md,463,137. 2025-07-16 | Vĩnh Long | Vĩnh Long có 11 điểm du lịch tiêu biểu khu vực năm 2025 | https://baovinhlong.com.vn/nhip-song-dong-bang/202507/vinh-long-co-11-diem-du-lich-tieu-bieu-khu-vuc-nam-2025-341183a/
https://baovinhlong.com.vn/xa-hoi/du-lich/202507/hop-mat-ky-niem-65-nam-ngay-thanh-lap-nganh-du-lich-viet-nam-b4f2bfc/,4,docs/archive/bao_cao_nghien_cuu_van_hoa_du_lich_vinh_long_tra_vinh_ben_tre_2025_2026.md; docs/research/baovinhlong_du_lich_evidence_matrix_2025_2026.csv; docs/research/baovinhlong_du_lich_urls_2025_2026.csv; docs/research/nghien_cuu_12_chieu_thu_muc_nguon_mo_rong.csv,research_report; research_corpus,docs/archive/bao_cao_nghien_cuu_van_hoa_du_lich_vinh_long_tra_vinh_ben_tre_2025_2026.md,464,138. 2025-07-15 | Vĩnh Long; Trà Vinh; Bến Tre | Họp mặt kỷ niệm 65 năm Ngày thành lập ngành Du lịch Việt Nam | https://baovinhlong.com.vn/xa-hoi/du-lich/202507/hop-mat-ky-niem-65-nam-ngay-thanh-lap-nganh-du-lich-viet-nam-b4f2bfc/
https://baovinhlong.com.vn/nhip-song-dong-bang/202507/du-lich-xanh-huong-phat-trien-ben-vung-66305c3/,4,docs/archive/bao_cao_nghien_cuu_van_hoa_du_lich_vinh_long_tra_vinh_ben_tre_2025_2026.md; docs/research/baovinhlong_du_lich_evidence_matrix_2025_2026.csv; docs/research/baovinhlong_du_lich_urls_2025_2026.csv; docs/research/nghien_cuu_12_chieu_thu_muc_nguon_mo_rong.csv,research_report; research_corpus,docs/archive/bao_cao_nghien_cuu_van_hoa_du_lich_vinh_long_tra_vinh_ben_tre_2025_2026.md,465,139. 2025-07-12 | Vĩnh Long | Du lịch xanh- hướng phát triển bền vững | https://baovinhlong.com.vn/nhip-song-dong-bang/202507/du-lich-xanh-huong-phat-trien-ben-vung-66305c3/
https://baovinhlong.com.vn/xa-hoi/du-lich/202506/6-thang-vinh-long-don-12-trieu-luot-khach-du-lich-6b20d96/,4,docs/archive/bao_cao_nghien_cuu_van_hoa_du_lich_vinh_long_tra_vinh_ben_tre_2025_2026.md; docs/research/baovinhlong_du_lich_evidence_matrix_2025_2026.csv; docs/research/baovinhlong_du_lich_urls_2025_2026.csv; docs/research/nghien_cuu_12_chieu_thu_muc_nguon_mo_rong.csv,research_report; research_corpus,docs/archive/bao_cao_nghien_cuu_van_hoa_du_lich_vinh_long_tra_vinh_ben_tre_2025_2026.md,466,"140. 2025-06-24 | Vĩnh Long | 6 tháng: Vĩnh Long đón 1,2 triệu lượt khách du lịch | https://baovinhlong.com.vn/xa-hoi/du-lich/202506/6-thang-vinh-long-don-12-trieu-luot-khach-du-lich-6b20d96/"
https://baovinhlong.com.vn/nhip-song-dong-bang/202506/nganh-du-lich-xu-dua-tiep-tuc-tang-truong-cao-99e1a81/,4,docs/archive/bao_cao_nghien_cuu_van_hoa_du_lich_vinh_long_tra_vinh_ben_tre_2025_2026.md; docs/research/baovinhlong_du_lich_evidence_matrix_2025_2026.csv; docs/research/baovinhlong_du_lich_urls_2025_2026.csv; docs/research/nghien_cuu_12_chieu_thu_muc_nguon_mo_rong.csv,research_report; research_corpus,docs/archive/bao_cao_nghien_cuu_van_hoa_du_lich_vinh_long_tra_vinh_ben_tre_2025_2026.md,467,141. 2025-06-19 | Bến Tre | Ngành du lịch xứ Dừa tiếp tục tăng trưởng cao | https://baovinhlong.com.vn/nhip-song-dong-bang/202506/nganh-du-lich-xu-dua-tiep-tuc-tang-truong-cao-99e1a81/
https://baovinhlong.com.vn/xa-hoi/du-lich/202506/khao-sat-tham-dinh-de-tai-cong-nhan-diem-du-lich-tieu-bieu-dbscl-9f4007b/,4,docs/archive/bao_cao_nghien_cuu_van_hoa_du_lich_vinh_long_tra_vinh_ben_tre_2025_2026.md; docs/research/baovinhlong_du_lich_evidence_matrix_2025_2026.csv; docs/research/baovinhlong_du_lich_urls_2025_2026.csv; docs/research/nghien_cuu_12_chieu_thu_muc_nguon_mo_rong.csv,research_report; research_corpus,docs/archive/bao_cao_nghien_cuu_van_hoa_du_lich_vinh_long_tra_vinh_ben_tre_2025_2026.md,468,"142. 2025-06-15 | Vĩnh Long; Trà Vinh; Bến Tre | Khảo sát, thẩm định để tái công nhận điểm du lịch tiêu biểu ĐBSCL | https://baovinhlong.com.vn/xa-hoi/du-lich/202506/khao-sat-tham-dinh-de-tai-cong-nhan-diem-du-lich-tieu-bieu-dbscl-9f4007b/"
https://baovinhlong.com.vn/xa-hoi/du-lich/202506/phat-trien-du-lich-nong-thon-trong-xay-dung-nong-thon-moi-d960bbc/,4,docs/archive/bao_cao_nghien_cuu_van_hoa_du_lich_vinh_long_tra_vinh_ben_tre_2025_2026.md; docs/research/baovinhlong_du_lich_evidence_matrix_2025_2026.csv; docs/research/baovinhlong_du_lich_urls_2025_2026.csv; docs/research/nghien_cuu_12_chieu_thu_muc_nguon_mo_rong.csv,research_report; research_corpus,docs/archive/bao_cao_nghien_cuu_van_hoa_du_lich_vinh_long_tra_vinh_ben_tre_2025_2026.md,469,143. 2025-06-10 | Vĩnh Long | Phát triển du lịch nông thôn trong xây dựng nông thôn mới | https://baovinhlong.com.vn/xa-hoi/du-lich/202506/phat-trien-du-lich-nong-thon-trong-xay-dung-nong-thon-moi-d960bbc/
https://baovinhlong.com.vn/nhip-song-dong-bang/202506/dau-an-tram-nam-gom-nam-bo-e710c82/,4,docs/archive/bao_cao_nghien_cuu_van_hoa_du_lich_vinh_long_tra_vinh_ben_tre_2025_2026.md; docs/research/baovinhlong_du_lich_evidence_matrix_2025_2026.csv; docs/research/baovinhlong_du_lich_urls_2025_2026.csv; docs/research/nghien_cuu_12_chieu_thu_muc_nguon_mo_rong.csv,research_report; research_corpus,docs/archive/bao_cao_nghien_cuu_van_hoa_du_lich_vinh_long_tra_vinh_ben_tre_2025_2026.md,470,144. 2025-06-08 | Vĩnh Long | Dấu ấn trăm năm gốm Nam Bộ | https://baovinhlong.com.vn/nhip-song-dong-bang/202506/dau-an-tram-nam-gom-nam-bo-e710c82/
https://baovinhlong.com.vn/xa-hoi/du-lich/202506/dau-tu-co-so-ha-tang-phuc-vu-phat-trien-du-lich-7560f13/,4,docs/archive/bao_cao_nghien_cuu_van_hoa_du_lich_vinh_long_tra_vinh_ben_tre_2025_2026.md; docs/research/baovinhlong_du_lich_evidence_matrix_2025_2026.csv; docs/research/baovinhlong_du_lich_urls_2025_2026.csv; docs/research/nghien_cuu_12_chieu_thu_muc_nguon_mo_rong.csv,research_report; research_corpus,docs/archive/bao_cao_nghien_cuu_van_hoa_du_lich_vinh_long_tra_vinh_ben_tre_2025_2026.md,471,145. 2025-06-06 | Vĩnh Long; Bến Tre | Đầu tư cơ sở hạ tầng phục vụ phát triển du lịch | https://baovinhlong.com.vn/xa-hoi/du-lich/202506/dau-tu-co-so-ha-tang-phuc-vu-phat-trien-du-lich-7560f13/
https://baovinhlong.com.vn/kinh-te/202506/hon-2000-ty-dong-dau-tu-du-ankhu-thuong-mai-dich-vu-du-lich-my-thuan-c300009/,4,docs/archive/bao_cao_nghien_cuu_van_hoa_du_lich_vinh_long_tra_vinh_ben_tre_2025_2026.md; docs/research/baovinhlong_du_lich_evidence_matrix_2025_2026.csv; docs/research/baovinhlong_du_lich_urls_2025_2026.csv; docs/research/nghien_cuu_12_chieu_thu_muc_nguon_mo_rong.csv,research_report; research_corpus,docs/archive/bao_cao_nghien_cuu_van_hoa_du_lich_vinh_long_tra_vinh_ben_tre_2025_2026.md,472,146. 2025-06-03 | Vĩnh Long | Hơn 2.000 tỷ đồng đầu tư dự án khu thương mại- dịch vụ- du lịch Mỹ Thuận | https://baovinhlong.com.vn/kinh-te/202506/hon-2000-ty-dong-dau-tu-du-ankhu-thuong-mai-dich-vu-du-lich-my-thuan-c300009/
https://baovinhlong.com.vn/xa-hoi/du-lich/202505/tim-net-rieng-hap-dan-cua-du-lich-vinh-long-4d23014/,4,docs/archive/bao_cao_nghien_cuu_van_hoa_du_lich_vinh_long_tra_vinh_ben_tre_2025_2026.md; docs/research/baovinhlong_du_lich_evidence_matrix_2025_2026.csv; docs/research/baovinhlong_du_lich_urls_2025_2026.csv; docs/research/nghien_cuu_12_chieu_thu_muc_nguon_mo_rong.csv,research_report; research_corpus,docs/archive/bao_cao_nghien_cuu_van_hoa_du_lich_vinh_long_tra_vinh_ben_tre_2025_2026.md,473,147. 2025-05-20 | Vĩnh Long; Bến Tre | Tìm nét riêng hấp dẫn của du lịch Vĩnh Long | https://baovinhlong.com.vn/xa-hoi/du-lich/202505/tim-net-rieng-hap-dan-cua-du-lich-vinh-long-4d23014/
https://baovinhlong.com.vn/tin-moi/202505/khai-thac-hieu-qua-san-pham-du-lich-dac-thuthu-hut-du-khach-ff9072f/,4,docs/archive/bao_cao_nghien_cuu_van_hoa_du_lich_vinh_long_tra_vinh_ben_tre_2025_2026.md; docs/research/baovinhlong_du_lich_evidence_matrix_2025_2026.csv; docs/research/baovinhlong_du_lich_urls_2025_2026.csv; docs/research/nghien_cuu_12_chieu_thu_muc_nguon_mo_rong.csv,research_report; research_corpus,docs/archive/bao_cao_nghien_cuu_van_hoa_du_lich_vinh_long_tra_vinh_ben_tre_2025_2026.md,474,148. 2025-05-17 | Vĩnh Long | Khai thác hiệu quả sản phẩm du lịch đặc thù thu hút du khách | https://baovinhlong.com.vn/tin-moi/202505/khai-thac-hieu-qua-san-pham-du-lich-dac-thuthu-hut-du-khach-ff9072f/
https://baovinhlong.com.vn/tin-moi/202505/co-hoi-lam-moi-thuong-hieu-du-lich-acb019e/,4,docs/archive/bao_cao_nghien_cuu_van_hoa_du_lich_vinh_long_tra_vinh_ben_tre_2025_2026.md; docs/research/baovinhlong_du_lich_evidence_matrix_2025_2026.csv; docs/research/baovinhlong_du_lich_urls_2025_2026.csv; docs/research/nghien_cuu_12_chieu_thu_muc_nguon_mo_rong.csv,research_report; research_corpus,docs/archive/bao_cao_nghien_cuu_van_hoa_du_lich_vinh_long_tra_vinh_ben_tre_2025_2026.md,475,149. 2025-05-13 | Vĩnh Long; Trà Vinh; Bến Tre | Cơ hội làm mới thương hiệu du lịch | https://baovinhlong.com.vn/tin-moi/202505/co-hoi-lam-moi-thuong-hieu-du-lich-acb019e/
https://baovinhlong.com.vn/tin-moi/202505/gin-giu-ban-sac-van-hoa-va-khat-vong-vuon-xa-50d005e/,4,docs/archive/bao_cao_nghien_cuu_van_hoa_du_lich_vinh_long_tra_vinh_ben_tre_2025_2026.md; docs/research/baovinhlong_du_lich_evidence_matrix_2025_2026.csv; docs/research/baovinhlong_du_lich_urls_2025_2026.csv; docs/research/nghien_cuu_12_chieu_thu_muc_nguon_mo_rong.csv,research_report; research_corpus,docs/archive/bao_cao_nghien_cuu_van_hoa_du_lich_vinh_long_tra_vinh_ben_tre_2025_2026.md,476,150. 2025-05-03 | Vĩnh Long | Gìn giữ bản sắc văn hóa và khát vọng vươn xa | https://baovinhlong.com.vn/tin-moi/202505/gin-giu-ban-sac-van-hoa-va-khat-vong-vuon-xa-50d005e/
https://baovinhlong.com.vn/tin-moi/202505/be-mac-tuan-le-van-hoa-the-thao-va-du-lich-tinh-vinh-long-2025-thu-hut-hon-97000-luot-khach-tham-quan-7163da1/,4,docs/archive/bao_cao_nghien_cuu_van_hoa_du_lich_vinh_long_tra_vinh_ben_tre_2025_2026.md; docs/research/baovinhlong_du_lich_evidence_matrix_2025_2026.csv; docs/research/baovinhlong_du_lich_urls_2025_2026.csv; docs/research/nghien_cuu_12_chieu_thu_muc_nguon_mo_rong.csv,research_report; research_corpus,docs/archive/bao_cao_nghien_cuu_van_hoa_du_lich_vinh_long_tra_vinh_ben_tre_2025_2026.md,477,"151. 2025-05-02 | Vĩnh Long | Bế mạc Tuần lễ Văn hóa, Thể thao và Du lịch tỉnh Vĩnh Long 2025: Thu hút hơn 97.000 lượt khách tham quan | https://baovinhlong.com.vn/tin-moi/202505/be-mac-tuan-le-van-hoa-the-thao-va-du-lich-tinh-vinh-long-2025-thu-hut-hon-97000-luot-khach-tham-quan-7163da1/"
https://baovinhlong.com.vn/tin-moi/202505/dong-dao-nguoi-dan-tham-gia-ngay-hoi-banh-dan-gian-o-cu-lao-an-binh-3331393/,4,docs/archive/bao_cao_nghien_cuu_van_hoa_du_lich_vinh_long_tra_vinh_ben_tre_2025_2026.md; docs/research/baovinhlong_du_lich_evidence_matrix_2025_2026.csv; docs/research/baovinhlong_du_lich_urls_2025_2026.csv; docs/research/nghien_cuu_12_chieu_thu_muc_nguon_mo_rong.csv,research_report; research_corpus,docs/archive/bao_cao_nghien_cuu_van_hoa_du_lich_vinh_long_tra_vinh_ben_tre_2025_2026.md,478,152. 2025-05-02 | Vĩnh Long | Đông đảo người dân tham gia Ngày hội Bánh dân gian ở cù lao An Bình | https://baovinhlong.com.vn/tin-moi/202505/dong-dao-nguoi-dan-tham-gia-ngay-hoi-banh-dan-gian-o-cu-lao-an-binh-3331393/
https://baovinhlong.com.vn/tin-moi/202505/vinh-long-sac-mau-hoi-tu-khat-vong-vuon-xa-4ad0aa8/,4,docs/archive/bao_cao_nghien_cuu_van_hoa_du_lich_vinh_long_tra_vinh_ben_tre_2025_2026.md; docs/research/baovinhlong_du_lich_evidence_matrix_2025_2026.csv; docs/research/baovinhlong_du_lich_urls_2025_2026.csv; docs/research/nghien_cuu_12_chieu_thu_muc_nguon_mo_rong.csv,research_report; research_corpus,docs/archive/bao_cao_nghien_cuu_van_hoa_du_lich_vinh_long_tra_vinh_ben_tre_2025_2026.md,479,153. 2025-05-02 | Vĩnh Long | Vĩnh Long - Sắc màu hội tụ - Khát vọng vươn xa | https://baovinhlong.com.vn/tin-moi/202505/vinh-long-sac-mau-hoi-tu-khat-vong-vuon-xa-4ad0aa8/
https://baovinhlong.com.vn/kinh-te/202505/blog-thi-truong-tuan-le-van-hoa-don-bay-kich-cau-du-lich-79103bb/,4,docs/archive/bao_cao_nghien_cuu_van_hoa_du_lich_vinh_long_tra_vinh_ben_tre_2025_2026.md; docs/research/baovinhlong_du_lich_evidence_matrix_2025_2026.csv; docs/research/baovinhlong_du_lich_urls_2025_2026.csv; docs/research/nghien_cuu_12_chieu_thu_muc_nguon_mo_rong.csv,research_report; research_corpus,docs/archive/bao_cao_nghien_cuu_van_hoa_du_lich_vinh_long_tra_vinh_ben_tre_2025_2026.md,480,154. 2025-05-01 | Vĩnh Long | Tuần lễ văn hóa- “đòn bẩy” kích cầu du lịch | https://baovinhlong.com.vn/kinh-te/202505/blog-thi-truong-tuan-le-van-hoa-don-bay-kich-cau-du-lich-79103bb/
https://baovinhlong.com.vn/xa-hoi/du-lich/202504/cong-ty-du-lich-quoc-te-vinh-long-dong-hanh-cung-tuan-van-hoa-the-thao-va-du-lich-tinh-vinh-long-2025-62d04b0/,4,docs/archive/bao_cao_nghien_cuu_van_hoa_du_lich_vinh_long_tra_vinh_ben_tre_2025_2026.md; docs/research/baovinhlong_du_lich_evidence_matrix_2025_2026.csv; docs/research/baovinhlong_du_lich_urls_2025_2026.csv; docs/research/nghien_cuu_12_chieu_thu_muc_nguon_mo_rong.csv,research_report; research_corpus,docs/archive/bao_cao_nghien_cuu_van_hoa_du_lich_vinh_long_tra_vinh_ben_tre_2025_2026.md,481,"155. 2025-04-30 | Vĩnh Long | Công ty Du Lịch Quốc tế Vĩnh Long: đồng hành cùng Tuần Văn hóa, Thể thao và Du lịch tỉnh Vĩnh Long 2025 | https://baovinhlong.com.vn/xa-hoi/du-lich/202504/cong-ty-du-lich-quoc-te-vinh-long-dong-hanh-cung-tuan-van-hoa-the-thao-va-du-lich-tinh-vinh-long-2025-62d04b0/"
https://baovinhlong.com.vn/tieu-diem/202504/gan-200-vdv-tranh-tai-giai-vo-dich-dua-ghe-tam-ban-tinh-vinh-long-3dc0604/,4,docs/archive/bao_cao_nghien_cuu_van_hoa_du_lich_vinh_long_tra_vinh_ben_tre_2025_2026.md; docs/research/baovinhlong_du_lich_evidence_matrix_2025_2026.csv; docs/research/baovinhlong_du_lich_urls_2025_2026.csv; docs/research/nghien_cuu_12_chieu_thu_muc_nguon_mo_rong.csv,research_report; research_corpus,docs/archive/bao_cao_nghien_cuu_van_hoa_du_lich_vinh_long_tra_vinh_ben_tre_2025_2026.md,482,156. 2025-04-30 | Vĩnh Long | Gần 200 VĐV tranh tài Giải Vô địch đua ghe tam bản tỉnh Vĩnh Long | https://baovinhlong.com.vn/tieu-diem/202504/gan-200-vdv-tranh-tai-giai-vo-dich-dua-ghe-tam-ban-tinh-vinh-long-3dc0604/
https://baovinhlong.com.vn/tin-moi/202504/famtrip-quang-ba-tour-du-lich-den-voi-di-san-mang-thit-1bf02b5/,4,docs/archive/bao_cao_nghien_cuu_van_hoa_du_lich_vinh_long_tra_vinh_ben_tre_2025_2026.md; docs/research/baovinhlong_du_lich_evidence_matrix_2025_2026.csv; docs/research/baovinhlong_du_lich_urls_2025_2026.csv; docs/research/nghien_cuu_12_chieu_thu_muc_nguon_mo_rong.csv,research_report; research_corpus,docs/archive/bao_cao_nghien_cuu_van_hoa_du_lich_vinh_long_tra_vinh_ben_tre_2025_2026.md,483,157. 2025-04-29 | Vĩnh Long | “Famtrip quảng bá tour du lịch đến với di sản Mang Thít” | https://baovinhlong.com.vn/tin-moi/202504/famtrip-quang-ba-tour-du-lich-den-voi-di-san-mang-thit-1bf02b5/
https://baovinhlong.com.vn/tin-moi/202504/20-gio-toi-nay-thvl2-se-truc-tiep-khai-mac-tuan-le-van-hoa-the-thao-va-du-lich-tinh-vinh-long-nam-2025-37e087f/,4,docs/archive/bao_cao_nghien_cuu_van_hoa_du_lich_vinh_long_tra_vinh_ben_tre_2025_2026.md; docs/research/baovinhlong_du_lich_evidence_matrix_2025_2026.csv; docs/research/baovinhlong_du_lich_urls_2025_2026.csv; docs/research/nghien_cuu_12_chieu_thu_muc_nguon_mo_rong.csv,research_report; research_corpus,docs/archive/bao_cao_nghien_cuu_van_hoa_du_lich_vinh_long_tra_vinh_ben_tre_2025_2026.md,484,"158. 2025-04-29 | Vĩnh Long | Pháo hoa rực sáng khai mạc “Tuần lễ Văn hóa, Thể thao và Du lịch tỉnh Vĩnh Long năm 2025” | https://baovinhlong.com.vn/tin-moi/202504/20-gio-toi-nay-thvl2-se-truc-tiep-khai-mac-tuan-le-van-hoa-the-thao-va-du-lich-tinh-vinh-long-nam-2025-37e087f/"
https://baovinhlong.com.vn/tin-moi/202504/gan-150-vdv-tranh-tai-giai-vo-dich-xe-dap-tinh-vinh-long-mo-rong-c1901db/,4,docs/archive/bao_cao_nghien_cuu_van_hoa_du_lich_vinh_long_tra_vinh_ben_tre_2025_2026.md; docs/research/baovinhlong_du_lich_evidence_matrix_2025_2026.csv; docs/research/baovinhlong_du_lich_urls_2025_2026.csv; docs/research/nghien_cuu_12_chieu_thu_muc_nguon_mo_rong.csv,research_report; research_corpus,docs/archive/bao_cao_nghien_cuu_van_hoa_du_lich_vinh_long_tra_vinh_ben_tre_2025_2026.md,485,159. 2025-04-26 | Vĩnh Long | Gần 150 VĐV tranh tài Giải Vô địch xe đạp tỉnh Vĩnh Long mở rộng | https://baovinhlong.com.vn/tin-moi/202504/gan-150-vdv-tranh-tai-giai-vo-dich-xe-dap-tinh-vinh-long-mo-rong-c1901db/
https://baovinhlong.com.vn/phong-su-anh/202504/soi-noi-giai-vo-dich-xe-dap-tinh-vinh-long-mo-rong-9b00ad6/,4,docs/archive/bao_cao_nghien_cuu_van_hoa_du_lich_vinh_long_tra_vinh_ben_tre_2025_2026.md; docs/research/baovinhlong_du_lich_evidence_matrix_2025_2026.csv; docs/research/baovinhlong_du_lich_urls_2025_2026.csv; docs/research/nghien_cuu_12_chieu_thu_muc_nguon_mo_rong.csv,research_report; research_corpus,docs/archive/bao_cao_nghien_cuu_van_hoa_du_lich_vinh_long_tra_vinh_ben_tre_2025_2026.md,486,160. 2025-04-26 | Vĩnh Long | Sôi nổi Giải Vô địch xe đạp tỉnh Vĩnh Long mở rộng | https://baovinhlong.com.vn/phong-su-anh/202504/soi-noi-giai-vo-dich-xe-dap-tinh-vinh-long-mo-rong-9b00ad6/
https://baovinhlong.com.vn/tin-moi/202504/tuan-le-van-hoa-the-thao-va-du-lich-hua-hen-ban-sac-an-toan-hap-dan-05709a1/,4,docs/archive/bao_cao_nghien_cuu_van_hoa_du_lich_vinh_long_tra_vinh_ben_tre_2025_2026.md; docs/research/baovinhlong_du_lich_evidence_matrix_2025_2026.csv; docs/research/baovinhlong_du_lich_urls_2025_2026.csv; docs/research/nghien_cuu_12_chieu_thu_muc_nguon_mo_rong.csv,research_report; research_corpus,docs/archive/bao_cao_nghien_cuu_van_hoa_du_lich_vinh_long_tra_vinh_ben_tre_2025_2026.md,487,"161. 2025-04-25 | Vĩnh Long | Tuần lễ Văn hóa, thể thao và Du lịch: Hứa hẹn bản sắc, an toàn, hấp dẫn | https://baovinhlong.com.vn/tin-moi/202504/tuan-le-van-hoa-the-thao-va-du-lich-hua-hen-ban-sac-an-toan-hap-dan-05709a1/"
https://baovinhlong.com.vn/tin-moi/202504/hang-ngan-du-khach-thich-thu-tham-gia-chuong-trinh-quang-dien-tai-ngay-hoi-banh-dan-gian-nam-bo-42e3bbd/,4,docs/archive/bao_cao_nghien_cuu_van_hoa_du_lich_vinh_long_tra_vinh_ben_tre_2025_2026.md; docs/research/baovinhlong_du_lich_evidence_matrix_2025_2026.csv; docs/research/baovinhlong_du_lich_urls_2025_2026.csv; docs/research/nghien_cuu_12_chieu_thu_muc_nguon_mo_rong.csv,research_report; research_corpus,docs/archive/bao_cao_nghien_cuu_van_hoa_du_lich_vinh_long_tra_vinh_ben_tre_2025_2026.md,488,162. 2025-04-19 | Vĩnh Long | Hàng ngàn du khách thích thú tham gia chương trình quảng diễn tại Ngày hội Bánh dân gian Nam Bộ | https://baovinhlong.com.vn/tin-moi/202504/hang-ngan-du-khach-thich-thu-tham-gia-chuong-trinh-quang-dien-tai-ngay-hoi-banh-dan-gian-nam-bo-42e3bbd/
https://baovinhlong.com.vn/phap-luat/202504/trien-khai-phuong-an-bao-ve-an-ninhtrat-tu-tuan-le-van-hoa-the-thaova-du-lich-tinh-va-cac-hoat-dong-dip-le-304-2360c31/,4,docs/archive/bao_cao_nghien_cuu_van_hoa_du_lich_vinh_long_tra_vinh_ben_tre_2025_2026.md; docs/research/baovinhlong_du_lich_evidence_matrix_2025_2026.csv; docs/research/baovinhlong_du_lich_urls_2025_2026.csv; docs/research/nghien_cuu_12_chieu_thu_muc_nguon_mo_rong.csv,research_report; research_corpus,docs/archive/bao_cao_nghien_cuu_van_hoa_du_lich_vinh_long_tra_vinh_ben_tre_2025_2026.md,489,"163. 2025-04-16 | Vĩnh Long | Triển khai phương án bảo vệ an ninh trật tự Tuần lễ Văn hóa, thể thao và du lịch tỉnh và các hoạt động dịp lễ 30/4 | https://baovinhlong.com.vn/phap-luat/202504/trien-khai-phuong-an-bao-ve-an-ninhtrat-tu-tuan-le-van-hoa-the-thaova-du-lich-tinh-va-cac-hoat-dong-dip-le-304-2360c31/"
https://baovinhlong.com.vn/tin-moi/202504/tim-huong-sac-rienggiua-mien-song-nuoc-ef43078/,4,docs/archive/bao_cao_nghien_cuu_van_hoa_du_lich_vinh_long_tra_vinh_ben_tre_2025_2026.md; docs/research/baovinhlong_du_lich_evidence_matrix_2025_2026.csv; docs/research/baovinhlong_du_lich_urls_2025_2026.csv; docs/research/nghien_cuu_12_chieu_thu_muc_nguon_mo_rong.csv,research_report; research_corpus,docs/archive/bao_cao_nghien_cuu_van_hoa_du_lich_vinh_long_tra_vinh_ben_tre_2025_2026.md,490,164. 2025-04-12 | Vĩnh Long | Tìm hương sắc riêng giữa miền sông nước | https://baovinhlong.com.vn/tin-moi/202504/tim-huong-sac-rienggiua-mien-song-nuoc-ef43078/
https://baovinhlong.com.vn/tin-moi/202504/tuan-le-van-hoa-the-thao-va-du-lich-2025-lan-toa-thong-diep-diem-hen-phuong-nam-voi-gia-tri-lich-su-van-hoa-doc-dao-0e0240b/,4,docs/archive/bao_cao_nghien_cuu_van_hoa_du_lich_vinh_long_tra_vinh_ben_tre_2025_2026.md; docs/research/baovinhlong_du_lich_evidence_matrix_2025_2026.csv; docs/research/baovinhlong_du_lich_urls_2025_2026.csv; docs/research/nghien_cuu_12_chieu_thu_muc_nguon_mo_rong.csv,research_report; research_corpus,docs/archive/bao_cao_nghien_cuu_van_hoa_du_lich_vinh_long_tra_vinh_ben_tre_2025_2026.md,491,"165. 2025-04-10 | Vĩnh Long | Lan tỏa thông điệp Điểm hẹn phương Nam với giá trị lịch sử, văn hóa độc đáo | https://baovinhlong.com.vn/tin-moi/202504/tuan-le-van-hoa-the-thao-va-du-lich-2025-lan-toa-thong-diep-diem-hen-phuong-nam-voi-gia-tri-lich-su-van-hoa-doc-dao-0e0240b/"
https://baovinhlong.com.vn/tin-moi/202504/to-chuc-tuan-le-van-hoa-the-thao-va-du-lich-tinh-vinh-long-cc70940/,4,docs/archive/bao_cao_nghien_cuu_van_hoa_du_lich_vinh_long_tra_vinh_ben_tre_2025_2026.md; docs/research/baovinhlong_du_lich_evidence_matrix_2025_2026.csv; docs/research/baovinhlong_du_lich_urls_2025_2026.csv; docs/research/nghien_cuu_12_chieu_thu_muc_nguon_mo_rong.csv,research_report; research_corpus,docs/archive/bao_cao_nghien_cuu_van_hoa_du_lich_vinh_long_tra_vinh_ben_tre_2025_2026.md,492,"166. 2025-04-10 | Vĩnh Long | Tổ chức Tuần lễ văn hóa, thể thao và du lịch tỉnh Vĩnh Long | https://baovinhlong.com.vn/tin-moi/202504/to-chuc-tuan-le-van-hoa-the-thao-va-du-lich-tinh-vinh-long-cc70940/"
https://baovinhlong.com.vn/xa-hoi/202504/khach-du-lich-den-long-hotang-trong-quy-i-628447e/,4,docs/archive/bao_cao_nghien_cuu_van_hoa_du_lich_vinh_long_tra_vinh_ben_tre_2025_2026.md; docs/research/baovinhlong_du_lich_evidence_matrix_2025_2026.csv; docs/research/baovinhlong_du_lich_urls_2025_2026.csv; docs/research/nghien_cuu_12_chieu_thu_muc_nguon_mo_rong.csv,research_report; research_corpus,docs/archive/bao_cao_nghien_cuu_van_hoa_du_lich_vinh_long_tra_vinh_ben_tre_2025_2026.md,493,167. 2025-04-04 | Vĩnh Long | Khách du lịch đến Long Hồ tăng trong quý I | https://baovinhlong.com.vn/xa-hoi/202504/khach-du-lich-den-long-hotang-trong-quy-i-628447e/
https://baovinhlong.com.vn/phong-su-ky-su/202503/yeu-van-hoa-dan-toc-theo-cach-cua-nguoi-tre-ky3cham-sach-giua-miet-vuon-song-nuoc-9c26ddc/,4,docs/archive/bao_cao_nghien_cuu_van_hoa_du_lich_vinh_long_tra_vinh_ben_tre_2025_2026.md; docs/research/baovinhlong_du_lich_evidence_matrix_2025_2026.csv; docs/research/baovinhlong_du_lich_urls_2025_2026.csv; docs/research/nghien_cuu_12_chieu_thu_muc_nguon_mo_rong.csv,research_report; research_corpus,docs/archive/bao_cao_nghien_cuu_van_hoa_du_lich_vinh_long_tra_vinh_ben_tre_2025_2026.md,494,168. 2025-03-26 | Vĩnh Long | Kỳ 3: “Chạm sách” giữa miệt vườn sông nước | https://baovinhlong.com.vn/phong-su-ky-su/202503/yeu-van-hoa-dan-toc-theo-cach-cua-nguoi-tre-ky3cham-sach-giua-miet-vuon-song-nuoc-9c26ddc/
https://baovinhlong.com.vn/van-hoa-giai-tri/202503/nhieu-hoat-dong-tai-le-hoi-xuan-dinh-di-tich-van-thanh-mieu-e1f30f4/,4,docs/archive/bao_cao_nghien_cuu_van_hoa_du_lich_vinh_long_tra_vinh_ben_tre_2025_2026.md; docs/research/baovinhlong_du_lich_evidence_matrix_2025_2026.csv; docs/research/baovinhlong_du_lich_urls_2025_2026.csv; docs/research/nghien_cuu_12_chieu_thu_muc_nguon_mo_rong.csv,research_report; research_corpus,docs/archive/bao_cao_nghien_cuu_van_hoa_du_lich_vinh_long_tra_vinh_ben_tre_2025_2026.md,495,169. 2025-03-10 | Vĩnh Long | Nhiều hoạt động tại lễ hội Xuân đinh di tích Văn Thánh Miếu | https://baovinhlong.com.vn/van-hoa-giai-tri/202503/nhieu-hoat-dong-tai-le-hoi-xuan-dinh-di-tich-van-thanh-mieu-e1f30f4/
https://baovinhlong.com.vn/tin-noi-bat/202503/gin-giu-phat-huy-ban-sac-van-hoa-cac-dan-toc-641676b/,4,docs/archive/bao_cao_nghien_cuu_van_hoa_du_lich_vinh_long_tra_vinh_ben_tre_2025_2026.md; docs/research/baovinhlong_du_lich_evidence_matrix_2025_2026.csv; docs/research/baovinhlong_du_lich_urls_2025_2026.csv; docs/research/nghien_cuu_12_chieu_thu_muc_nguon_mo_rong.csv,research_report; research_corpus,docs/archive/bao_cao_nghien_cuu_van_hoa_du_lich_vinh_long_tra_vinh_ben_tre_2025_2026.md,496,"170. 2025-03-01 | Vĩnh Long | Gìn giữ, phát huy bản sắc văn hóa các dân tộc | https://baovinhlong.com.vn/tin-noi-bat/202503/gin-giu-phat-huy-ban-sac-van-hoa-cac-dan-toc-641676b/"
https://baovinhlong.com.vn/xa-hoi/du-lich/202502/tang-cuong-chat-van-hoa-vao-san-pham-du-lich-1b863bd/,4,docs/archive/bao_cao_nghien_cuu_van_hoa_du_lich_vinh_long_tra_vinh_ben_tre_2025_2026.md; docs/research/baovinhlong_du_lich_evidence_matrix_2025_2026.csv; docs/research/baovinhlong_du_lich_urls_2025_2026.csv; docs/research/nghien_cuu_12_chieu_thu_muc_nguon_mo_rong.csv,research_report; research_corpus,docs/archive/bao_cao_nghien_cuu_van_hoa_du_lich_vinh_long_tra_vinh_ben_tre_2025_2026.md,497,171. 2025-02-25 | Vĩnh Long | Tăng cường chất văn hóa vào sản phẩm du lịch | https://baovinhlong.com.vn/xa-hoi/du-lich/202502/tang-cuong-chat-van-hoa-vao-san-pham-du-lich-1b863bd/
https://baovinhlong.com.vn/xa-hoi/giao-duc-dao-tao/202502/nganh-quan-tri-dich-vu-du-lich-va-lu-hanh-hoc-gi-lam-gi-f0522f7/,4,docs/archive/bao_cao_nghien_cuu_van_hoa_du_lich_vinh_long_tra_vinh_ben_tre_2025_2026.md; docs/research/baovinhlong_du_lich_evidence_matrix_2025_2026.csv; docs/research/baovinhlong_du_lich_urls_2025_2026.csv; docs/research/nghien_cuu_12_chieu_thu_muc_nguon_mo_rong.csv,research_report; research_corpus,docs/archive/bao_cao_nghien_cuu_van_hoa_du_lich_vinh_long_tra_vinh_ben_tre_2025_2026.md,498,"172. 2025-02-24 | Vĩnh Long | Ngành quản trị dịch vụ du lịch và lữ hành học gì, làm gì? | https://baovinhlong.com.vn/xa-hoi/giao-duc-dao-tao/202502/nganh-quan-tri-dich-vu-du-lich-va-lu-hanh-hoc-gi-lam-gi-f0522f7/"
https://baovinhlong.com.vn/thoi-su/202502/bi-thu-tinh-uy-tran-tien-dung-khao-sat-cac-diem-du-lich-cong-ty-tai-huyen-long-ho-bf13126/,4,docs/archive/bao_cao_nghien_cuu_van_hoa_du_lich_vinh_long_tra_vinh_ben_tre_2025_2026.md; docs/research/baovinhlong_du_lich_evidence_matrix_2025_2026.csv; docs/research/baovinhlong_du_lich_urls_2025_2026.csv; docs/research/nghien_cuu_12_chieu_thu_muc_nguon_mo_rong.csv,research_report; research_corpus,docs/archive/bao_cao_nghien_cuu_van_hoa_du_lich_vinh_long_tra_vinh_ben_tre_2025_2026.md,499,"173. 2025-02-14 | Vĩnh Long | Bí thư Tỉnh ủy Trần Tiến Dũng khảo sát các điểm du lịch, công ty tại huyện Long Hồ | https://baovinhlong.com.vn/thoi-su/202502/bi-thu-tinh-uy-tran-tien-dung-khao-sat-cac-diem-du-lich-cong-ty-tai-huyen-long-ho-bf13126/"
https://baovinhlong.com.vn/phap-luat/202502/xu-phat-555-trieu-dong-hoat-dong-van-hoa-du-lich-va-quang-cao-f6208c6/,4,docs/archive/bao_cao_nghien_cuu_van_hoa_du_lich_vinh_long_tra_vinh_ben_tre_2025_2026.md; docs/research/baovinhlong_du_lich_evidence_matrix_2025_2026.csv; docs/research/baovinhlong_du_lich_urls_2025_2026.csv; docs/research/nghien_cuu_12_chieu_thu_muc_nguon_mo_rong.csv,research_report; research_corpus,docs/archive/bao_cao_nghien_cuu_van_hoa_du_lich_vinh_long_tra_vinh_ben_tre_2025_2026.md,500,"174. 2025-02-06 | Vĩnh Long | Xử phạt 55,5 triệu đồng hoạt động văn hóa, du lịch và quảng cáo | https://baovinhlong.com.vn/phap-luat/202502/xu-phat-555-trieu-dong-hoat-dong-van-hoa-du-lich-va-quang-cao-f6208c6/"
https://baovinhlong.com.vn/kinh-te/202502/ho-tro-doanh-nghiep-trang-bi-may-moc-phuc-vu-san-xuat-kinh-doanh-phat-trien-san-pham-gom-du-lich-b7a0885/,4,docs/archive/bao_cao_nghien_cuu_van_hoa_du_lich_vinh_long_tra_vinh_ben_tre_2025_2026.md; docs/research/baovinhlong_du_lich_evidence_matrix_2025_2026.csv; docs/research/baovinhlong_du_lich_urls_2025_2026.csv; docs/research/nghien_cuu_12_chieu_thu_muc_nguon_mo_rong.csv,research_report; research_corpus,docs/archive/bao_cao_nghien_cuu_van_hoa_du_lich_vinh_long_tra_vinh_ben_tre_2025_2026.md,502,"176. 2025-02-03 | Vĩnh Long | Hỗ trợ doanh nghiệp trang bị máy móc phục vụ sản xuất kinh doanh, phát triển sản phẩm gốm du lịch | https://baovinhlong.com.vn/kinh-te/202502/ho-tro-doanh-nghiep-trang-bi-may-moc-phuc-vu-san-xuat-kinh-doanh-phat-trien-san-pham-gom-du-lich-b7a0885/"
https://baovinhlong.com.vn/tin-moi/202502/khoang-18600-luot-khach-vieng-lang-ong-nhung-ngay-dau-xuan-at-ty-2025-e34339a/,4,docs/archive/bao_cao_nghien_cuu_van_hoa_du_lich_vinh_long_tra_vinh_ben_tre_2025_2026.md; docs/research/baovinhlong_du_lich_evidence_matrix_2025_2026.csv; docs/research/baovinhlong_du_lich_urls_2025_2026.csv; docs/research/nghien_cuu_12_chieu_thu_muc_nguon_mo_rong.csv,research_report; research_corpus,docs/archive/bao_cao_nghien_cuu_van_hoa_du_lich_vinh_long_tra_vinh_ben_tre_2025_2026.md,503,177. 2025-02-03 | Vĩnh Long | Khoảng 18.600 lượt khách viếng Lăng Ông những ngày đầu xuân Ất Tỵ 2025 | https://baovinhlong.com.vn/tin-moi/202502/khoang-18600-luot-khach-vieng-lang-ong-nhung-ngay-dau-xuan-at-ty-2025-e34339a/
https://baovinhlong.com.vn/xa-hoi/du-lich/202502/ky-vong-nang-tamdi-san-lang-nghegach-gom-do-0f23a4f/,4,docs/archive/bao_cao_nghien_cuu_van_hoa_du_lich_vinh_long_tra_vinh_ben_tre_2025_2026.md; docs/research/baovinhlong_du_lich_evidence_matrix_2025_2026.csv; docs/research/baovinhlong_du_lich_urls_2025_2026.csv; docs/research/nghien_cuu_12_chieu_thu_muc_nguon_mo_rong.csv,research_report; research_corpus,docs/archive/bao_cao_nghien_cuu_van_hoa_du_lich_vinh_long_tra_vinh_ben_tre_2025_2026.md,504,178. 2025-02-03 | Vĩnh Long | Kỳ vọng nâng tầm di sản làng nghề gạch gốm đỏ | https://baovinhlong.com.vn/xa-hoi/du-lich/202502/ky-vong-nang-tamdi-san-lang-nghegach-gom-do-0f23a4f/
https://baovinhlong.com.vn/video/202502/vinh-long-thu-hut-dong-dao-khach-du-lich-dip-tet-84405f6/,4,docs/archive/bao_cao_nghien_cuu_van_hoa_du_lich_vinh_long_tra_vinh_ben_tre_2025_2026.md; docs/research/baovinhlong_du_lich_evidence_matrix_2025_2026.csv; docs/research/baovinhlong_du_lich_urls_2025_2026.csv; docs/research/nghien_cuu_12_chieu_thu_muc_nguon_mo_rong.csv,research_report; research_corpus,docs/archive/bao_cao_nghien_cuu_van_hoa_du_lich_vinh_long_tra_vinh_ben_tre_2025_2026.md,505,179. 2025-02-03 | Vĩnh Long | Vĩnh Long thu hút đông đảo khách du lịch dịp Tết | https://baovinhlong.com.vn/video/202502/vinh-long-thu-hut-dong-dao-khach-du-lich-dip-tet-84405f6/
https://baovinhlong.com.vn/xa-hoi/du-lich/202502/vinh-long-don-75000-luot-du-khach-trong-dip-tet-at-ty-d7a2174/,4,docs/archive/bao_cao_nghien_cuu_van_hoa_du_lich_vinh_long_tra_vinh_ben_tre_2025_2026.md; docs/research/baovinhlong_du_lich_evidence_matrix_2025_2026.csv; docs/research/baovinhlong_du_lich_urls_2025_2026.csv; docs/research/nghien_cuu_12_chieu_thu_muc_nguon_mo_rong.csv,research_report; research_corpus,docs/archive/bao_cao_nghien_cuu_van_hoa_du_lich_vinh_long_tra_vinh_ben_tre_2025_2026.md,506,180. 2025-02-02 | Vĩnh Long | Vĩnh Long đón 75.000 lượt du khách trong dịp Tết Ất Tỵ | https://baovinhlong.com.vn/xa-hoi/du-lich/202502/vinh-long-don-75000-luot-du-khach-trong-dip-tet-at-ty-d7a2174/
https://baovinhlong.com.vn/van-hoa-giai-tri/202502/22-doi-thi-lam-banh-dan-gian-tai-le-hoi-lang-ong-tra-on-10f34b2/,4,docs/archive/bao_cao_nghien_cuu_van_hoa_du_lich_vinh_long_tra_vinh_ben_tre_2025_2026.md; docs/research/baovinhlong_du_lich_evidence_matrix_2025_2026.csv; docs/research/baovinhlong_du_lich_urls_2025_2026.csv; docs/research/nghien_cuu_12_chieu_thu_muc_nguon_mo_rong.csv,research_report; research_corpus,docs/archive/bao_cao_nghien_cuu_van_hoa_du_lich_vinh_long_tra_vinh_ben_tre_2025_2026.md,507,181. 2025-02-01 | Vĩnh Long | 22 đội thi “Làm bánh dân gian” tại Lễ hội Lăng ông Trà Ôn | https://baovinhlong.com.vn/van-hoa-giai-tri/202502/22-doi-thi-lam-banh-dan-gian-tai-le-hoi-lang-ong-tra-on-10f34b2/
https://baovinhlong.com.vn/multimedia/202502/dac-sac-le-hoi-lang-ong-tien-quan-thong-che-dieu-bat-1dc30aa/,4,docs/archive/bao_cao_nghien_cuu_van_hoa_du_lich_vinh_long_tra_vinh_ben_tre_2025_2026.md; docs/research/baovinhlong_du_lich_evidence_matrix_2025_2026.csv; docs/research/baovinhlong_du_lich_urls_2025_2026.csv; docs/research/nghien_cuu_12_chieu_thu_muc_nguon_mo_rong.csv,research_report; research_corpus,docs/archive/bao_cao_nghien_cuu_van_hoa_du_lich_vinh_long_tra_vinh_ben_tre_2025_2026.md,508,182. 2025-02-01 | Vĩnh Long | Đặc sắc lễ hội Lăng ông Tiền quân Thống chế Điều bát | https://baovinhlong.com.vn/multimedia/202502/dac-sac-le-hoi-lang-ong-tien-quan-thong-che-dieu-bat-1dc30aa/
https://baovinhlong.com.vn/video/202502/du-xuan-vui-le-hoi-lang-ong-bc94638/,4,docs/archive/bao_cao_nghien_cuu_van_hoa_du_lich_vinh_long_tra_vinh_ben_tre_2025_2026.md; docs/research/baovinhlong_du_lich_evidence_matrix_2025_2026.csv; docs/research/baovinhlong_du_lich_urls_2025_2026.csv; docs/research/nghien_cuu_12_chieu_thu_muc_nguon_mo_rong.csv,research_report; research_corpus,docs/archive/bao_cao_nghien_cuu_van_hoa_du_lich_vinh_long_tra_vinh_ben_tre_2025_2026.md,509,183. 2025-02-01 | Vĩnh Long | Du Xuân vui lễ hội Lăng ông | https://baovinhlong.com.vn/video/202502/du-xuan-vui-le-hoi-lang-ong-bc94638/
https://baovinhlong.com.vn/xa-hoi/du-lich/202501/long-ho-diem-nhan-rieng-tu-du-lich-dac-thudia-phuong-b7038f9/,4,docs/archive/bao_cao_nghien_cuu_van_hoa_du_lich_vinh_long_tra_vinh_ben_tre_2025_2026.md; docs/research/baovinhlong_du_lich_evidence_matrix_2025_2026.csv; docs/research/baovinhlong_du_lich_urls_2025_2026.csv; docs/research/nghien_cuu_12_chieu_thu_muc_nguon_mo_rong.csv,research_report; research_corpus,docs/archive/bao_cao_nghien_cuu_van_hoa_du_lich_vinh_long_tra_vinh_ben_tre_2025_2026.md,510,184. 2025-01-31 | Vĩnh Long; Trà Vinh | Long Hồ: Điểm nhấn riêng từ du lịch đặc thù địa phương | https://baovinhlong.com.vn/xa-hoi/du-lich/202501/long-ho-diem-nhan-rieng-tu-du-lich-dac-thudia-phuong-b7038f9/
https://baovinhlong.com.vn/kinh-te/202501/phat-trien-kinh-te-xanhgan-voi-bao-ton-phat-huygia-tri-van-hoa-33e22bc/,4,docs/archive/bao_cao_nghien_cuu_van_hoa_du_lich_vinh_long_tra_vinh_ben_tre_2025_2026.md; docs/research/baovinhlong_du_lich_evidence_matrix_2025_2026.csv; docs/research/baovinhlong_du_lich_urls_2025_2026.csv; docs/research/nghien_cuu_12_chieu_thu_muc_nguon_mo_rong.csv,research_report; research_corpus,docs/archive/bao_cao_nghien_cuu_van_hoa_du_lich_vinh_long_tra_vinh_ben_tre_2025_2026.md,511,"185. 2025-01-31 | Vĩnh Long | Phát triển kinh tế xanh gắn với bảo tồn, phát huy giá trị văn hóa | https://baovinhlong.com.vn/kinh-te/202501/phat-trien-kinh-te-xanhgan-voi-bao-ton-phat-huygia-tri-van-hoa-33e22bc/"
https://baovinhlong.com.vn/tin-moi/202501/chao-mung-doan-du-khach-quoc-te-dau-tien-den-vinh-long-dau-xuan-at-ty-2025-30c1adf/,4,docs/archive/bao_cao_nghien_cuu_van_hoa_du_lich_vinh_long_tra_vinh_ben_tre_2025_2026.md; docs/research/baovinhlong_du_lich_evidence_matrix_2025_2026.csv; docs/research/baovinhlong_du_lich_urls_2025_2026.csv; docs/research/nghien_cuu_12_chieu_thu_muc_nguon_mo_rong.csv,research_report; research_corpus,docs/archive/bao_cao_nghien_cuu_van_hoa_du_lich_vinh_long_tra_vinh_ben_tre_2025_2026.md,512,186. 2025-01-29 | Vĩnh Long | Chào mừng đoàn du khách quốc tế đầu tiên đến Vĩnh Long đầu Xuân Ất Tỵ 2025 | https://baovinhlong.com.vn/tin-moi/202501/chao-mung-doan-du-khach-quoc-te-dau-tien-den-vinh-long-dau-xuan-at-ty-2025-30c1adf/
https://baovinhlong.com.vn/tin-moi/202501/du-xuan-dau-nam-moi-0ba1bf7/,4,docs/archive/bao_cao_nghien_cuu_van_hoa_du_lich_vinh_long_tra_vinh_ben_tre_2025_2026.md; docs/research/baovinhlong_du_lich_evidence_matrix_2025_2026.csv; docs/research/baovinhlong_du_lich_urls_2025_2026.csv; docs/research/nghien_cuu_12_chieu_thu_muc_nguon_mo_rong.csv,research_report; research_corpus,docs/archive/bao_cao_nghien_cuu_van_hoa_du_lich_vinh_long_tra_vinh_ben_tre_2025_2026.md,513,187. 2025-01-29 | Vĩnh Long | Du xuân đầu năm mới | https://baovinhlong.com.vn/tin-moi/202501/du-xuan-dau-nam-moi-0ba1bf7/
https://baovinhlong.com.vn/multimedia/202501/xum-xinh-ao-quan-di-chup-anh-tet-tai-la-con-duong-gom-va-dai-nhat-viet-nam-a9a1fea/,4,docs/archive/bao_cao_nghien_cuu_van_hoa_du_lich_vinh_long_tra_vinh_ben_tre_2025_2026.md; docs/research/baovinhlong_du_lich_evidence_matrix_2025_2026.csv; docs/research/baovinhlong_du_lich_urls_2025_2026.csv; docs/research/nghien_cuu_12_chieu_thu_muc_nguon_mo_rong.csv,research_report; research_corpus,docs/archive/bao_cao_nghien_cuu_van_hoa_du_lich_vinh_long_tra_vinh_ben_tre_2025_2026.md,514,188. 2025-01-28 | Vĩnh Long | Xúm xính áo quần đi chụp ảnh Tết tại là “Con đường gốm và dài nhất Việt Nam” | https://baovinhlong.com.vn/multimedia/202501/xum-xinh-ao-quan-di-chup-anh-tet-tai-la-con-duong-gom-va-dai-nhat-viet-nam-a9a1fea/
https://baovinhlong.com.vn/video/202501/xuan-ve-ron-rang-tai-cac-diem-kinh-doanh-dich-vu-du-lich-c861ca4/,4,docs/archive/bao_cao_nghien_cuu_van_hoa_du_lich_vinh_long_tra_vinh_ben_tre_2025_2026.md; docs/research/baovinhlong_du_lich_evidence_matrix_2025_2026.csv; docs/research/baovinhlong_du_lich_urls_2025_2026.csv; docs/research/nghien_cuu_12_chieu_thu_muc_nguon_mo_rong.csv,research_report; research_corpus,docs/archive/bao_cao_nghien_cuu_van_hoa_du_lich_vinh_long_tra_vinh_ben_tre_2025_2026.md,515,189. 2025-01-27 | Vĩnh Long | Xuân về rộn ràng tại các điểm kinh doanh dịch vụ du lịch | https://baovinhlong.com.vn/video/202501/xuan-ve-ron-rang-tai-cac-diem-kinh-doanh-dich-vu-du-lich-c861ca4/
https://baovinhlong.com.vn/nhip-song-dong-bang/202501/mien-tay-vao-mua-hoa-dep-nhat-ky3ve-lang-mai-vang-bac-ty-phuoc-dinh-dc25e73/,4,docs/archive/bao_cao_nghien_cuu_van_hoa_du_lich_vinh_long_tra_vinh_ben_tre_2025_2026.md; docs/research/baovinhlong_du_lich_evidence_matrix_2025_2026.csv; docs/research/baovinhlong_du_lich_urls_2025_2026.csv; docs/research/nghien_cuu_12_chieu_thu_muc_nguon_mo_rong.csv,research_report; research_corpus,docs/archive/bao_cao_nghien_cuu_van_hoa_du_lich_vinh_long_tra_vinh_ben_tre_2025_2026.md,516,190. 2025-01-22 | Vĩnh Long | Kỳ 3: Về làng mai vàng “bạc tỷ” Phước Định | https://baovinhlong.com.vn/nhip-song-dong-bang/202501/mien-tay-vao-mua-hoa-dep-nhat-ky3ve-lang-mai-vang-bac-ty-phuoc-dinh-dc25e73/
https://baovinhlong.com.vn/tin-moi/202501/xay-dung-va-phat-triensan-pham-du-lich-dac-thu-c140778/,4,docs/archive/bao_cao_nghien_cuu_van_hoa_du_lich_vinh_long_tra_vinh_ben_tre_2025_2026.md; docs/research/baovinhlong_du_lich_evidence_matrix_2025_2026.csv; docs/research/baovinhlong_du_lich_urls_2025_2026.csv; docs/research/nghien_cuu_12_chieu_thu_muc_nguon_mo_rong.csv,research_report; research_corpus,docs/archive/bao_cao_nghien_cuu_van_hoa_du_lich_vinh_long_tra_vinh_ben_tre_2025_2026.md,517,191. 2025-01-14 | Vĩnh Long | Xây dựng và phát triển sản phẩm du lịch đặc thù | https://baovinhlong.com.vn/tin-moi/202501/xay-dung-va-phat-triensan-pham-du-lich-dac-thu-c140778/
https://baovinhlong.com.vn/xa-hoi/du-lich/202501/to-chuc-lai-khong-gian-phat-trien-du-lich-ky-cuoixay-dung-dong-san-pham-di-san-van-hoa-lang-nghe-b206409/,4,docs/archive/bao_cao_nghien_cuu_van_hoa_du_lich_vinh_long_tra_vinh_ben_tre_2025_2026.md; docs/research/baovinhlong_du_lich_evidence_matrix_2025_2026.csv; docs/research/baovinhlong_du_lich_urls_2025_2026.csv; docs/research/nghien_cuu_12_chieu_thu_muc_nguon_mo_rong.csv,research_report; research_corpus,docs/archive/bao_cao_nghien_cuu_van_hoa_du_lich_vinh_long_tra_vinh_ben_tre_2025_2026.md,518,"192. 2025-01-08 | Vĩnh Long | Kỳ cuối: Xây dựng dòng sản phẩm di sản văn hóa, làng nghề | https://baovinhlong.com.vn/xa-hoi/du-lich/202501/to-chuc-lai-khong-gian-phat-trien-du-lich-ky-cuoixay-dung-dong-san-pham-di-san-van-hoa-lang-nghe-b206409/"
https://baovinhlong.com.vn/thoi-su/202501/ban-hanh-23-danh-muc-dich-vu-su-nghiep-cong-su-dung-ngan-sach-nha-nuoc-linh-vuc-van-hoa-gia-dinh-va-du-lich-aa862cd/,4,docs/archive/bao_cao_nghien_cuu_van_hoa_du_lich_vinh_long_tra_vinh_ben_tre_2025_2026.md; docs/research/baovinhlong_du_lich_evidence_matrix_2025_2026.csv; docs/research/baovinhlong_du_lich_urls_2025_2026.csv; docs/research/nghien_cuu_12_chieu_thu_muc_nguon_mo_rong.csv,research_report; research_corpus,docs/archive/bao_cao_nghien_cuu_van_hoa_du_lich_vinh_long_tra_vinh_ben_tre_2025_2026.md,519,"193. 2025-01-08 | Vĩnh Long | Trình ban hành 23 danh mục dịch vụ sự nghiệp công sử dụng ngân sách nhà nước lĩnh vực văn hóa, gia đình và du lịch | https://baovinhlong.com.vn/thoi-su/202501/ban-hanh-23-danh-muc-dich-vu-su-nghiep-cong-su-dung-ngan-sach-nha-nuoc-linh-vuc-van-hoa-gia-dinh-va-du-lich-aa862cd/"
https://schema.org,1,docs/archive/design-research-2026-06-27.md,research_report,docs/archive/design-research-2026-06-27.md,893,"""@context"": ""https://schema.org"","
https://vinhlong360.vn/,1,docs/archive/design-research-2026-06-27.md,research_report,docs/archive/design-research-2026-06-27.md,896,"{ ""@type"": ""ListItem"", ""position"": 1, ""name"": ""Trang chủ"", ""item"": ""https://vinhlong360.vn/"" },"
https://vinhlong360.vn/huyen/cai-be,1,docs/archive/design-research-2026-06-27.md,research_report,docs/archive/design-research-2026-06-27.md,897,"{ ""@type"": ""ListItem"", ""position"": 2, ""name"": ""Cái Bè"", ""item"": ""https://vinhlong360.vn/huyen/cai-be"" },"
https://vietnamtourism.gov.vn/post/36604,2,docs/research/nghien_cuu_12_chieu_thu_muc_nguon_mo_rong.csv; docs/research/nghien_cuu_6_tang_thu_muc_nguon.csv,research_corpus,docs/research/nghien_cuu_12_chieu_thu_muc_nguon_mo_rong.csv,205,"""SIX-010"",""1"",""Nguồn chính thống"",""Cục Du lịch"",""Cục Du lịch Quốc gia - Cồn Phụng, vùng đất xứ Dừa"",""Cục Du lịch Quốc gia Việt Nam"",""https://vietnamtourism.gov.vn/post/36604"",""Bến Tre"",""Đối chiếu hình ảnh truyền thông xứ Dừa/Cồn Phụng"",""5"","""","""""
https://www.vietnamplus.vn/vinh-long-kham-pha-vuong-quoc-do-voi-nhung-san-pham-gom-doc-dao-post874194.vnp,2,docs/research/nghien_cuu_12_chieu_thu_muc_nguon_mo_rong.csv; docs/research/nghien_cuu_6_tang_thu_muc_nguon.csv,research_corpus,docs/research/nghien_cuu_12_chieu_thu_muc_nguon_mo_rong.csv,210,"""SIX-015"",""2"",""Báo chí"",""TTXVN/VietnamPlus"",""Khám phá “Vương quốc đỏ” với những sản phẩm gốm độc đáo"",""VietnamPlus/TTXVN"",""https://www.vietnamplus.vn/vinh-long-kham-pha-vuong-quoc-do-voi-nhung-san-pham-gom-doc-dao-post874194.vnp"",""Vĩnh Long"",""Bổ sung dữ kiện hình ảnh và mô tả vương quốc lò gốm"",""4"","""","""""
https://www.vietnamplus.vn/tra-vinh-soc-trang-to-chuc-nhieu-hoat-dong-hap-dan-dip-le-hoi-ok-om-bok-post908976.vnp,2,docs/research/nghien_cuu_12_chieu_thu_muc_nguon_mo_rong.csv; docs/research/nghien_cuu_6_tang_thu_muc_nguon.csv,research_corpus,docs/research/nghien_cuu_12_chieu_thu_muc_nguon_mo_rong.csv,213,"""SIX-018"",""2"",""Báo chí"",""TTXVN/VietnamPlus"",""Trà Vinh, Sóc Trăng tổ chức nhiều hoạt động dịp Ok Om Bok"",""VietnamPlus/TTXVN"",""https://www.vietnamplus.vn/tra-vinh-soc-trang-to-chuc-nhieu-hoat-dong-hap-dan-dip-le-hoi-ok-om-bok-post908976.vnp"",""Trà Vinh"",""Bổ sung quy mô liên vùng và vai trò quảng bá văn hóa Khmer"",""4"","""","""""
https://www.vietnamplus.vn/mot-so-dia-diem-du-lich-ban-nen-check-in-khi-den-tra-vinh-post869643.vnp,2,docs/research/nghien_cuu_12_chieu_thu_muc_nguon_mo_rong.csv; docs/research/nghien_cuu_6_tang_thu_muc_nguon.csv,research_corpus,docs/research/nghien_cuu_12_chieu_thu_muc_nguon_mo_rong.csv,214,"""SIX-019"",""2"",""Báo chí"",""TTXVN/VietnamPlus"",""Một số địa điểm du lịch nên check-in khi đến Trà Vinh"",""VietnamPlus/TTXVN"",""https://www.vietnamplus.vn/mot-so-dia-diem-du-lich-ban-nen-check-in-khi-den-tra-vinh-post869643.vnp"",""Trà Vinh"",""Bổ sung danh mục Ao Bà Om, Chùa Âng, Bảo tàng Khmer và lễ hội"",""4"","""","""""
https://nld.com.vn/clip-can-canh-ao-ba-om-diem-den-du-lich-ky-thu-o-mien-tay-196250119172953911.htm,2,docs/research/nghien_cuu_12_chieu_thu_muc_nguon_mo_rong.csv; docs/research/nghien_cuu_6_tang_thu_muc_nguon.csv,research_corpus,docs/research/nghien_cuu_12_chieu_thu_muc_nguon_mo_rong.csv,217,"""SIX-022"",""2"",""Báo chí"",""NLĐ"",""Ao Bà Om - điểm đến kỳ thú ở miền Tây"",""Người Lao Động"",""https://nld.com.vn/clip-can-canh-ao-ba-om-diem-den-du-lich-ky-thu-o-mien-tay-196250119172953911.htm"",""Trà Vinh"",""Bổ sung truyền thuyết Ao Bà Om và giá trị quần thể"",""3"","""","""""
https://nld.com.vn/clip-chiem-nguong-ve-dep-cua-gach-gom-do-vinh-long-196241116151420565.htm,2,docs/research/nghien_cuu_12_chieu_thu_muc_nguon_mo_rong.csv; docs/research/nghien_cuu_6_tang_thu_muc_nguon.csv,research_corpus,docs/research/nghien_cuu_12_chieu_thu_muc_nguon_mo_rong.csv,218,"""SIX-023"",""2"",""Báo chí"",""NLĐ"",""Chiêm ngưỡng vẻ đẹp gạch, gốm đỏ Vĩnh Long"",""Người Lao Động"",""https://nld.com.vn/clip-chiem-nguong-ve-dep-cua-gach-gom-do-vinh-long-196241116151420565.htm"",""Vĩnh Long"",""Bổ sung tư liệu video/báo chí về Festival gạch gốm đỏ"",""3"","""","""""
https://tapchicongthuong.vn/xay-dung-san-pham-du-lich-tinh-vinh-long-voi-de-an-di-san-duong-dai-huyen-mang-thit-126977.htm,2,docs/research/nghien_cuu_12_chieu_thu_muc_nguon_mo_rong.csv; docs/research/nghien_cuu_6_tang_thu_muc_nguon.csv,research_corpus,docs/research/nghien_cuu_12_chieu_thu_muc_nguon_mo_rong.csv,224,"""SIX-029"",""3"",""Học thuật - văn hóa"",""Tạp chí"",""Xây dựng sản phẩm du lịch Vĩnh Long với Đề án Di sản đương đại Mang Thít"",""Tạp chí Công Thương"",""https://tapchicongthuong.vn/xay-dung-san-pham-du-lich-tinh-vinh-long-voi-de-an-di-san-duong-dai-huyen-mang-thit-126977.htm"",""Vĩnh Long"",""Khung sản phẩm di sản đương đại Mang Thít"",""4"","""","""""
https://scholar.dlu.edu.vn/thuvienso/bitstream/DLU123456789/251727/1/CVv146S252020213.pdf,2,docs/research/nghien_cuu_12_chieu_thu_muc_nguon_mo_rong.csv; docs/research/nghien_cuu_6_tang_thu_muc_nguon.csv,research_corpus,docs/research/nghien_cuu_12_chieu_thu_muc_nguon_mo_rong.csv,225,"""SIX-030"",""3"",""Học thuật - văn hóa"",""PDF học thuật"",""Văn hóa Khmer Nam Bộ tại Trà Vinh"",""Scholar DLU"",""https://scholar.dlu.edu.vn/thuvienso/bitstream/DLU123456789/251727/1/CVv146S252020213.pdf"",""Trà Vinh"",""Bổ sung nền văn hóa Khmer, Rô-băm, biểu diễn và du lịch"",""3"","""","""""
https://www.quanlynhanuoc.vn/2024/10/15/tang-cuong-quan-ly-nha-nuoc-doi-voi-le-hoi-truyen-thong-cua-nguoi-kmer-tren-dia-ban-tinh-tra-vinh/,2,docs/research/nghien_cuu_12_chieu_thu_muc_nguon_mo_rong.csv; docs/research/nghien_cuu_6_tang_thu_muc_nguon.csv,research_corpus,docs/research/nghien_cuu_12_chieu_thu_muc_nguon_mo_rong.csv,226,"""SIX-031"",""3"",""Học thuật - văn hóa"",""Quản lý văn hóa"",""Quản lý lễ hội truyền thống của người Khmer tại Trà Vinh"",""Tạp chí Quản lý Nhà nước"",""https://www.quanlynhanuoc.vn/2024/10/15/tang-cuong-quan-ly-nha-nuoc-doi-voi-le-hoi-truyen-thong-cua-nguoi-kmer-tren-dia-ban-tinh-tra-vinh/"",""Trà Vinh"",""Bổ sung danh mục di sản Khmer và góc nhìn quản trị lễ hội"",""4"","""","""""
https://travel.com.vn/chuong-trinh/sieu-sale-mien-tay-tien-giang-my-tho-cu-lao-thoi-son-ben-tre-con-phung-pid-13063,2,docs/research/nghien_cuu_12_chieu_thu_muc_nguon_mo_rong.csv; docs/research/nghien_cuu_6_tang_thu_muc_nguon.csv,research_corpus,docs/research/nghien_cuu_12_chieu_thu_muc_nguon_mo_rong.csv,229,"""SIX-034"",""4"",""Thị trường du lịch"",""Doanh nghiệp lữ hành"",""Vietravel - Mỹ Tho, Thới Sơn, Cồn Phụng, Bến Tre"",""Vietravel"",""https://travel.com.vn/chuong-trinh/sieu-sale-mien-tay-tien-giang-my-tho-cu-lao-thoi-son-ben-tre-con-phung-pid-13063"",""Bến Tre; Tiền Giang"",""Xác minh sản phẩm ngày ngắn đã bán: sông nước, sinh thái, làng nghề, ESG"",""3"","""","""""
https://www.klook.com/destination/p50293827-c%C3%B9-lao-th%E1%BB%9Bi-s%C6%A1n/,2,docs/research/nghien_cuu_12_chieu_thu_muc_nguon_mo_rong.csv; docs/research/nghien_cuu_6_tang_thu_muc_nguon.csv,research_corpus,docs/research/nghien_cuu_12_chieu_thu_muc_nguon_mo_rong.csv,233,"""SIX-038"",""4"",""Thị trường du lịch"",""OTA/đánh giá"",""Klook - Mekong Delta and Coconut Village tour"",""Klook"",""https://www.klook.com/destination/p50293827-c%C3%B9-lao-th%E1%BB%9Bi-s%C6%A1n/"",""Bến Tre; Tiền Giang"",""Kiểm tra nhu cầu khách quốc tế với tour Mekong/coconut village"",""2"","""","""""
https://www.ivivu.com/blog/2022/07/tat-tan-tat-du-lich-ben-tre-tu-a-den-z/,2,docs/research/nghien_cuu_12_chieu_thu_muc_nguon_mo_rong.csv; docs/research/nghien_cuu_6_tang_thu_muc_nguon.csv,research_corpus,docs/research/nghien_cuu_12_chieu_thu_muc_nguon_mo_rong.csv,234,"""SIX-039"",""4"",""Thị trường du lịch"",""Cẩm nang/OTA"",""iVIVU - Du lịch Bến Tre từ A đến Z"",""iVIVU"",""https://www.ivivu.com/blog/2022/07/tat-tan-tat-du-lich-ben-tre-tu-a-den-z/"",""Bến Tre"",""Đọc thị trường nội địa, danh mục Cồn Phụng, Chợ Lách, xứ Dừa"",""2"","""","""""
https://www.traveloka.com/vi-vn/explore/destination/khu-du-lich-con-phung/182943,2,docs/research/nghien_cuu_12_chieu_thu_muc_nguon_mo_rong.csv; docs/research/nghien_cuu_6_tang_thu_muc_nguon.csv,research_corpus,docs/research/nghien_cuu_12_chieu_thu_muc_nguon_mo_rong.csv,235,"""SIX-040"",""4"",""Thị trường du lịch"",""Cẩm nang/OTA"",""Traveloka - Khu du lịch Cồn Phụng"",""Traveloka"",""https://www.traveloka.com/vi-vn/explore/destination/khu-du-lich-con-phung/182943"",""Bến Tre"",""Kiểm tra cách OTA kể trải nghiệm Cồn Phụng"",""2"","""","""""
https://dulichconphung.com/,2,docs/research/nghien_cuu_12_chieu_thu_muc_nguon_mo_rong.csv; docs/research/nghien_cuu_6_tang_thu_muc_nguon.csv,research_corpus,docs/research/nghien_cuu_12_chieu_thu_muc_nguon_mo_rong.csv,236,"""SIX-041"",""4"",""Thị trường du lịch"",""Điểm bán địa phương"",""Du lịch Cồn Phụng"",""dulichconphung.com"",""https://dulichconphung.com/"",""Bến Tre"",""Kiểm tra gói trải nghiệm: xuồng, xe ngựa, kẹo dừa, trái cây, đờn ca tài tử"",""2"","""","""""
https://www.vietnamairlines.com/us/vi/plan-book/travel/travel-guide/bien-ba-dong,2,docs/research/nghien_cuu_12_chieu_thu_muc_nguon_mo_rong.csv; docs/research/nghien_cuu_6_tang_thu_muc_nguon.csv,research_corpus,docs/research/nghien_cuu_12_chieu_thu_muc_nguon_mo_rong.csv,237,"""SIX-042"",""4"",""Thị trường du lịch"",""Hãng hàng không/cẩm nang"",""Vietnam Airlines - Biển Ba Động"",""Vietnam Airlines"",""https://www.vietnamairlines.com/us/vi/plan-book/travel/travel-guide/bien-ba-dong"",""Trà Vinh"",""Kiểm tra khả năng truyền thông thị trường với Biển Ba Động"",""3"","""","""""
https://nominatim.openstreetmap.org/,2,docs/research/nghien_cuu_12_chieu_thu_muc_nguon_mo_rong.csv; docs/research/nghien_cuu_6_tang_thu_muc_nguon.csv,research_corpus,docs/research/nghien_cuu_12_chieu_thu_muc_nguon_mo_rong.csv,238,"""SIX-043"",""5"",""Bản đồ - không gian"",""Geocoding"",""Nominatim OpenStreetMap - 18 nút điểm đến"",""OpenStreetMap/Nominatim"",""https://nominatim.openstreetmap.org/"",""Liên vùng"",""Geocode điểm đến/lõi tuyến; một số điểm hiệu chỉnh thủ công"",""3"","""","""""
https://router.project-osrm.org/,2,docs/research/nghien_cuu_12_chieu_thu_muc_nguon_mo_rong.csv; docs/research/nghien_cuu_6_tang_thu_muc_nguon.csv,research_corpus,docs/research/nghien_cuu_12_chieu_thu_muc_nguon_mo_rong.csv,239,"""SIX-044"",""5"",""Bản đồ - không gian"",""Routing"",""OSRM public route - 24 chặng đường bộ"",""OSRM / OpenStreetMap"",""https://router.project-osrm.org/"",""Liên vùng"",""Tính khoảng cách/thời gian lái xe tương đối giữa các nút"",""3"","""","""""
https://www.youtube.com/watch?v=5fI2E2fGOJ8,2,docs/research/nghien_cuu_12_chieu_thu_muc_nguon_mo_rong.csv; docs/research/nghien_cuu_6_tang_thu_muc_nguon.csv,research_corpus,docs/research/nghien_cuu_12_chieu_thu_muc_nguon_mo_rong.csv,241,"""SIX-046"",""6"",""Hình ảnh - truyền thông số"",""YouTube/đài địa phương"",""Điểm đến văn hóa: Làng nghề gạch gốm đỏ Mang Thít"",""THVL / YouTube"",""https://www.youtube.com/watch?v=5fI2E2fGOJ8"",""Vĩnh Long"",""Đánh giá chất liệu video chính thống về Mang Thít"",""3"","""","""""
https://baovinhlong.com.vn/video/202410/sac-mau-vuong-quoc-gom-do-mang-thit-cf91009/,2,docs/research/nghien_cuu_12_chieu_thu_muc_nguon_mo_rong.csv; docs/research/nghien_cuu_6_tang_thu_muc_nguon.csv,research_corpus,docs/research/nghien_cuu_12_chieu_thu_muc_nguon_mo_rong.csv,242,"""SIX-047"",""6"",""Hình ảnh - truyền thông số"",""Video Báo Vĩnh Long"",""Sắc màu “vương quốc gốm đỏ” Mang Thít"",""Báo Vĩnh Long"",""https://baovinhlong.com.vn/video/202410/sac-mau-vuong-quoc-gom-do-mang-thit-cf91009/"",""Vĩnh Long"",""Đánh giá tiềm năng thị giác của gốm đỏ"",""4"","""","""""
https://www.youtube.com/watch?v=sEYQeKGDqYo,2,docs/research/nghien_cuu_12_chieu_thu_muc_nguon_mo_rong.csv; docs/research/nghien_cuu_6_tang_thu_muc_nguon.csv,research_corpus,docs/research/nghien_cuu_12_chieu_thu_muc_nguon_mo_rong.csv,243,"""SIX-048"",""6"",""Hình ảnh - truyền thông số"",""YouTube"",""Ao Bà Om - điểm đến du lịch nổi tiếng"",""YouTube"",""https://www.youtube.com/watch?v=sEYQeKGDqYo"",""Trà Vinh"",""Đánh giá chất liệu video Ao Bà Om"",""2"","""","""""
https://www.youtube.com/watch?v=U-Dsv1Mk6NI,2,docs/research/nghien_cuu_12_chieu_thu_muc_nguon_mo_rong.csv; docs/research/nghien_cuu_6_tang_thu_muc_nguon.csv,research_corpus,docs/research/nghien_cuu_12_chieu_thu_muc_nguon_mo_rong.csv,244,"""SIX-049"",""6"",""Hình ảnh - truyền thông số"",""YouTube"",""Cung đường biển đẹp tại miền Tây - Ba Động"",""YouTube"",""https://www.youtube.com/watch?v=U-Dsv1Mk6NI"",""Trà Vinh"",""Đánh giá chất liệu video biển Ba Động/cung đường biển"",""2"","""","""""
https://www.youtube.com/watch?v=j2zbPJdOLzI,2,docs/research/nghien_cuu_12_chieu_thu_muc_nguon_mo_rong.csv; docs/research/nghien_cuu_6_tang_thu_muc_nguon.csv,research_corpus,docs/research/nghien_cuu_12_chieu_thu_muc_nguon_mo_rong.csv,245,"""SIX-050"",""6"",""Hình ảnh - truyền thông số"",""YouTube"",""Thăm lại Cồn Phụng miền đất nghĩa tình"",""Đài PT-TH Bến Tre / YouTube"",""https://www.youtube.com/watch?v=j2zbPJdOLzI"",""Bến Tre"",""Đánh giá câu chuyện Cồn Phụng qua ký sự địa phương"",""3"","""","""""
https://www.youtube.com/channel/UCbDuC81d12USwDpUGeskFaA,2,docs/research/nghien_cuu_12_chieu_thu_muc_nguon_mo_rong.csv; docs/research/nghien_cuu_6_tang_thu_muc_nguon.csv,research_corpus,docs/research/nghien_cuu_12_chieu_thu_muc_nguon_mo_rong.csv,246,"""SIX-051"",""6"",""Hình ảnh - truyền thông số"",""YouTube/kênh điểm đến"",""Cồn Phụng Tourist - kênh YouTube"",""Cồn Phụng Tourist"",""https://www.youtube.com/channel/UCbDuC81d12USwDpUGeskFaA"",""Bến Tre"",""Đánh giá năng lực tự truyền thông của điểm đến"",""2"","""","""""
https://www.facebook.com/anhdepTraVinh/videos/075-gio%CC%9B%CC%81i-thie%CC%A3%CC%82u-ve%CC%82%CC%80-ao-ba%CC%80-om/1559854331588300/,2,docs/research/nghien_cuu_12_chieu_thu_muc_nguon_mo_rong.csv; docs/research/nghien_cuu_6_tang_thu_muc_nguon.csv,research_corpus,docs/research/nghien_cuu_12_chieu_thu_muc_nguon_mo_rong.csv,247,"""SIX-052"",""6"",""Hình ảnh - truyền thông số"",""Facebook/video địa phương"",""Ảnh đẹp Trà Vinh - Ao Bà Om/Ba Động"",""Ảnh đẹp Trà Vinh"",""https://www.facebook.com/anhdepTraVinh/videos/075-gio%CC%9B%CC%81i-thie%CC%A3%CC%82u-ve%CC%82%CC%80-ao-ba%CC%80-om/1559854331588300/"",""Trà Vinh"",""Đánh giá cộng đồng sáng tác/quảng bá hình ảnh địa phương"",""2"","""","""""
https://laodong.vn/video/ve-tham-vuong-quoc-gach-gom-do-hon-100-nam-tuoi-o-vinh-long-1423169.ldo,2,docs/research/nghien_cuu_12_chieu_thu_muc_nguon_mo_rong.csv; docs/research/nghien_cuu_6_tang_thu_muc_nguon.csv,research_corpus,docs/research/nghien_cuu_12_chieu_thu_muc_nguon_mo_rong.csv,248,"""SIX-053"",""6"",""Hình ảnh - truyền thông số"",""Video báo chí"",""Về thăm vương quốc gạch gốm đỏ hơn 100 năm tuổi"",""Lao Động"",""https://laodong.vn/video/ve-tham-vuong-quoc-gach-gom-do-hon-100-nam-tuoi-o-vinh-long-1423169.ldo"",""Vĩnh Long"",""Bổ sung chất liệu video báo chí cho Mang Thít"",""3"","""","""""
https://vietnamtourism.gov.vn/,7,docs/research/nghien_cuu_12_chieu_thu_muc_nguon_mo_rong.csv,research_corpus,docs/research/nghien_cuu_12_chieu_thu_muc_nguon_mo_rong.csv,249,"""ADD-001"",""7"",""Cạnh tranh vùng"",""Cục Du lịch/điểm đến"",""Cần Thơ - chợ nổi, đô thị sông nước"",""Cục Du lịch/nguồn du lịch công khai"",""https://vietnamtourism.gov.vn/"",""Cần Thơ"",""Đối chiếu đối thủ: chợ nổi, đô thị sông nước, MICE"",""3"","""","""""
https://www.openstreetmap.org/,1,docs/research/nghien_cuu_12_chieu_thu_muc_nguon_mo_rong.csv,research_corpus,docs/research/nghien_cuu_12_chieu_thu_muc_nguon_mo_rong.csv,257,"""ADD-009"",""8"",""Môi trường - khí hậu"",""Bản đồ/không gian"",""OSM/OSRM cho tuyến ven sông/ven biển"",""OpenStreetMap/OSRM"",""https://www.openstreetmap.org/"",""Liên vùng"",""Kiểm tra độ khả thi không gian, không thay thế khảo sát thực địa"",""3"","""","""""
https://thvl.vn/du-lich-ben-tre-phat-trien-nhanh.html,1,docs/research/thvl_du_lich_urls.csv,research_corpus,docs/research/thvl_du_lich_urls.csv,2,"""Bến Tre"",""direct_exact"",""Du lịch Bến Tre phát triển nhanh"",""https://thvl.vn/du-lich-ben-tre-phat-trien-nhanh.html"""
https://thvl.vn/chao-buoi-sang-07-12-2020-tet-nguyen-dan-tan-suu-2021-lang-hoa-cho-lach-se-dua-ra-thi-truong-khoang-17-trieu-san-pham-cac-loai.html,1,docs/research/thvl_du_lich_urls.csv,research_corpus,docs/research/thvl_du_lich_urls.csv,3,"""Bến Tre"",""related_candidate"",""Chào buổi sáng (07/12/2020): Tết Nguyên đán Tân Sửu 2021, làng hoa Chợ Lách sẽ đưa ra thị trường khoảng 17 triệu sản phẩm các loại"",""https://thvl.vn/chao-buoi-sang-07-12-2020-tet-nguyen-dan-tan-suu-2021-lang-hoa-cho-lach-se-dua-ra-thi-truong-khoang-17-trieu-san-pham-cac-loai.html"""
https://thvl.vn/keo-dua-ben-tre-ba-hai-to.html,1,docs/research/thvl_du_lich_urls.csv,research_corpus,docs/research/thvl_du_lich_urls.csv,4,"""Bến Tre"",""related_candidate"",""Kẹo dừa Bến Tre – Bà Hai Tỏ"",""https://thvl.vn/keo-dua-ben-tre-ba-hai-to.html"""
https://thvl.vn/khai-mac-tuan-le-van-hoa-am-thuc-ben-tre-tet-doan-ngo-xu-dua.html,1,docs/research/thvl_du_lich_urls.csv,research_corpus,docs/research/thvl_du_lich_urls.csv,5,"""Bến Tre"",""related_candidate"",""Khai mạc Tuần lễ Văn hóa – Ẩm thực “Bến Tre Tết Đoan Ngọ Xứ Dừa”"",""https://thvl.vn/khai-mac-tuan-le-van-hoa-am-thuc-ben-tre-tet-doan-ngo-xu-dua.html"""
https://thvl.vn/ky-su-homestay-dong-bang-tap-6-homestay-ben-tre.html,1,docs/research/thvl_du_lich_urls.csv,research_corpus,docs/research/thvl_du_lich_urls.csv,6,"""Bến Tre"",""related_candidate"",""Ký sự Homestay đồng bằng – Tập 6: Homestay Bến Tre"",""https://thvl.vn/ky-su-homestay-dong-bang-tap-6-homestay-ben-tre.html"""
https://thvl.vn/ky-s%e1%bb%b1-truy%e1%bb%81n-hinh-cu-lao-n%c6%b0%e1%bb%9bc-m%e1%ba%b7n-t%e1%ba%adp-4-tren-c%e1%bb%93n-ph%e1%bb%a5ng.html,1,docs/research/thvl_du_lich_urls.csv,research_corpus,docs/research/thvl_du_lich_urls.csv,7,"""Bến Tre"",""related_candidate"",""Ký sự truyền hình: Cù lao nước mặn – Tập 4: Trên Cồn Phụng"",""https://thvl.vn/ky-s%e1%bb%b1-truy%e1%bb%81n-hinh-cu-lao-n%c6%b0%e1%bb%9bc-m%e1%ba%b7n-t%e1%ba%adp-4-tren-c%e1%bb%93n-ph%e1%bb%a5ng.html"""
https://thvl.vn/ky-su-tu-linh-tren-song-tien-%e2%80%93-tap-4-con-phung.html,1,docs/research/thvl_du_lich_urls.csv,research_corpus,docs/research/thvl_du_lich_urls.csv,8,"""Bến Tre"",""related_candidate"",""Ký sự: Tứ Linh trên sông Tiền – Tập 4: Cồn Phụng"",""https://thvl.vn/ky-su-tu-linh-tren-song-tien-%e2%80%93-tap-4-con-phung.html"""
https://thvl.vn/lang-hoa-cho-lach-tat-bat-chuan-bi-cho-thi-truong-tet-binh-ngo-2026.html,1,docs/research/thvl_du_lich_urls.csv,research_corpus,docs/research/thvl_du_lich_urls.csv,9,"""Bến Tre"",""related_candidate"",""Làng hoa Chợ Lách tất bật chuẩn bị cho thị trường Tết Bính Ngọ 2026"",""https://thvl.vn/lang-hoa-cho-lach-tat-bat-chuan-bi-cho-thi-truong-tet-binh-ngo-2026.html"""
https://thvl.vn/tinh-ben-tre-to-chuc-hop-bao-cong-bo-su-kien-le-hoi-dua-ben-tre-lan-thu-iv-2015.html,1,docs/research/thvl_du_lich_urls.csv,research_corpus,docs/research/thvl_du_lich_urls.csv,10,"""Bến Tre"",""related_candidate"",""Tỉnh Bến Tre tổ chức họp báo công bố sự kiện “Lễ hội dừa Bến Tre lần thứ IV- 2015”"",""https://thvl.vn/tinh-ben-tre-to-chuc-hop-bao-cong-bo-su-kien-le-hoi-dua-ben-tre-lan-thu-iv-2015.html"""
https://thvl.vn/tinh-hoa-bep-viet-cu-hu-dua-ben-tre-mon-ngon-mien-song-nuoc.html,1,docs/research/thvl_du_lich_urls.csv,research_corpus,docs/research/thvl_du_lich_urls.csv,11,"""Bến Tre"",""related_candidate"",""Tinh hoa bếp Việt: Củ hũ dừa Bến Tre | Món ngon miền sông nước"",""https://thvl.vn/tinh-hoa-bep-viet-cu-hu-dua-ben-tre-mon-ngon-mien-song-nuoc.html"""
https://thvl.vn/bep-viet-bun-nuoc-leo-tra-vinh.html,1,docs/research/thvl_du_lich_urls.csv,research_corpus,docs/research/thvl_du_lich_urls.csv,12,"""Trà Vinh"",""related_candidate"",""Bếp Việt: Bún nước lèo Trà Vinh"",""https://thvl.vn/bep-viet-bun-nuoc-leo-tra-vinh.html"""
https://thvl.vn/bep-viet-chao-am-tra-vinh.html,1,docs/research/thvl_du_lich_urls.csv,research_corpus,docs/research/thvl_du_lich_urls.csv,13,"""Trà Vinh"",""related_candidate"",""Bếp Việt: Cháo ám Trà Vinh"",""https://thvl.vn/bep-viet-chao-am-tra-vinh.html"""
https://thvl.vn/bien-ba-dong-ngay-cang-hut-khach.html,1,docs/research/thvl_du_lich_urls.csv,research_corpus,docs/research/thvl_du_lich_urls.csv,14,"""Trà Vinh"",""related_candidate"",""Biển Ba Động ngày càng hút khách"",""https://thvl.vn/bien-ba-dong-ngay-cang-hut-khach.html"""
https://thvl.vn/bun-nuoc-leo-tra-vinh.html,1,docs/research/thvl_du_lich_urls.csv,research_corpus,docs/research/thvl_du_lich_urls.csv,15,"""Trà Vinh"",""related_candidate"",""Bún nước lèo Trà Vinh"",""https://thvl.vn/bun-nuoc-leo-tra-vinh.html"""
https://thvl.vn/chao-buoi-sang-01-11-2025-ve-ao-ba-om-trai-nghiem-van-hoa-di-san-cua-dong-bao-khmer.html,1,docs/research/thvl_du_lich_urls.csv,research_corpus,docs/research/thvl_du_lich_urls.csv,16,"""Trà Vinh"",""related_candidate"",""Chào buổi sáng (01/11/2025): Về Ao Bà Om trải nghiệm văn hóa, di sản của đồng bào Khmer"",""https://thvl.vn/chao-buoi-sang-01-11-2025-ve-ao-ba-om-trai-nghiem-van-hoa-di-san-cua-dong-bao-khmer.html"""
https://thvl.vn/chao-buoi-sang-04-01-2026-bao-tang-dua-sap-tra-vinh-khong-gian-van-hoa-ket-noi-cong-dong.html,1,docs/research/thvl_du_lich_urls.csv,research_corpus,docs/research/thvl_du_lich_urls.csv,17,"""Trà Vinh"",""related_candidate"",""Chào buổi sáng (04/01/2026): Bảo tàng Dừa Sáp Trà Vinh – Không gian văn hóa kết nối cộng đồng"",""https://thvl.vn/chao-buoi-sang-04-01-2026-bao-tang-dua-sap-tra-vinh-khong-gian-van-hoa-ket-noi-cong-dong.html"""
https://thvl.vn/ky-su-truyen-hinh-mien-duyen-hai-tra-vinh.html,1,docs/research/thvl_du_lich_urls.csv,research_corpus,docs/research/thvl_du_lich_urls.csv,18,"""Trà Vinh"",""related_candidate"",""Ký sự truyền hình: Miền duyên hải Trà Vinh"",""https://thvl.vn/ky-su-truyen-hinh-mien-duyen-hai-tra-vinh.html"""
https://thvl.vn/ky-s%e1%bb%b1-truy%e1%bb%81n-hinh-tham-l%e1%ba%a1i-tra-vinh-t%e1%ba%adp-1-thanh-ph%e1%bb%91-xanh.html,1,docs/research/thvl_du_lich_urls.csv,research_corpus,docs/research/thvl_du_lich_urls.csv,19,"""Trà Vinh"",""related_candidate"",""Ký sự truyền hình: Thăm lại Trà Vinh – Tập 1: Thành phố xanh"",""https://thvl.vn/ky-s%e1%bb%b1-truy%e1%bb%81n-hinh-tham-l%e1%ba%a1i-tra-vinh-t%e1%ba%adp-1-thanh-ph%e1%bb%91-xanh.html"""
https://thvl.vn/ky-s%e1%bb%b1-truy%e1%bb%81n-hinh-tham-l%e1%ba%a1i-tra-vinh-t%e1%ba%adp-2-v%e1%bb%81-mi%e1%bb%81n-duyen-h%e1%ba%a3i.html,1,docs/research/thvl_du_lich_urls.csv,research_corpus,docs/research/thvl_du_lich_urls.csv,20,"""Trà Vinh"",""related_candidate"",""Ký sự truyền hình: Thăm lại Trà Vinh – Tập 2: Về miền Duyên Hải"",""https://thvl.vn/ky-s%e1%bb%b1-truy%e1%bb%81n-hinh-tham-l%e1%ba%a1i-tra-vinh-t%e1%ba%adp-2-v%e1%bb%81-mi%e1%bb%81n-duyen-h%e1%ba%a3i.html"""
https://thvl.vn/ky-su-truyen-hinh-ve-mien-duyen-hai-tra-vinh.html,1,docs/research/thvl_du_lich_urls.csv,research_corpus,docs/research/thvl_du_lich_urls.csv,21,"""Trà Vinh"",""related_candidate"",""Ký sự truyền hình: Về miền duyên hải Trà Vinh"",""https://thvl.vn/ky-su-truyen-hinh-ve-mien-duyen-hai-tra-vinh.html"""
https://thvl.vn/ky-su-truyen-hinh-ve-mien-duyen-hai-tra-vinh-lang-ven-bien-my-long.html,1,docs/research/thvl_du_lich_urls.csv,research_corpus,docs/research/thvl_du_lich_urls.csv,22,"""Trà Vinh"",""related_candidate"",""Ký sự: Về miền Duyên Hải Trà Vinh – Tập 1: Làng ven biển Mỹ Long"",""https://thvl.vn/ky-su-truyen-hinh-ve-mien-duyen-hai-tra-vinh-lang-ven-bien-my-long.html"""
https://thvl.vn/ky-su-truyen-hinh-ve-mien-duyen-hai-tra-vinh-%e2%80%93-con-ngheu-con-ngao.html,1,docs/research/thvl_du_lich_urls.csv,research_corpus,docs/research/thvl_du_lich_urls.csv,23,"""Trà Vinh"",""related_candidate"",""Ký sự: Về miền Duyên Hải Trà Vinh – Tập 2: Cồn Nghêu, Cồn Ngao"",""https://thvl.vn/ky-su-truyen-hinh-ve-mien-duyen-hai-tra-vinh-%e2%80%93-con-ngheu-con-ngao.html"""
https://thvl.vn/ky-su-truyen-hinh-ve-mien-duyen-hai-tra-vinh-%e2%80%93-qua-truong-long-hoa.html,1,docs/research/thvl_du_lich_urls.csv,research_corpus,docs/research/thvl_du_lich_urls.csv,24,"""Trà Vinh"",""related_candidate"",""Ký sự: Về miền Duyên Hải Trà Vinh – Tập 3: Qua Trường Long Hòa"",""https://thvl.vn/ky-su-truyen-hinh-ve-mien-duyen-hai-tra-vinh-%e2%80%93-qua-truong-long-hoa.html"""
https://thvl.vn/ky-su-truyen-hinh-ve-mien-duyen-hai-tra-vinh-%e2%80%93-duong-ven-bien-913.html,1,docs/research/thvl_du_lich_urls.csv,research_corpus,docs/research/thvl_du_lich_urls.csv,25,"""Trà Vinh"",""related_candidate"",""Ký sự: Về miền Duyên Hải Trà Vinh – Tập 4: Đường ven biển 913"",""https://thvl.vn/ky-su-truyen-hinh-ve-mien-duyen-hai-tra-vinh-%e2%80%93-duong-ven-bien-913.html"""
https://thvl.vn/ky-su-ve-mien-duyen-hai-tra-vinh-%e2%80%93-tap-5-nghe-day-bien.html,1,docs/research/thvl_du_lich_urls.csv,research_corpus,docs/research/thvl_du_lich_urls.csv,26,"""Trà Vinh"",""related_candidate"",""Ký sự: Về miền Duyên Hải Trà Vinh – Tập 5: Nghề đáy biển"",""https://thvl.vn/ky-su-ve-mien-duyen-hai-tra-vinh-%e2%80%93-tap-5-nghe-day-bien.html"""
https://thvl.vn/ky-su-ve-mien-duyen-hai-tra-vinh-%e2%80%93-tap-6-rung-ven-bien.html,1,docs/research/thvl_du_lich_urls.csv,research_corpus,docs/research/thvl_du_lich_urls.csv,27,"""Trà Vinh"",""related_candidate"",""Ký sự: Về miền Duyên Hải Trà Vinh – Tập 6: Rừng ven biển"",""https://thvl.vn/ky-su-ve-mien-duyen-hai-tra-vinh-%e2%80%93-tap-6-rung-ven-bien.html"""
https://thvl.vn/ky-su-ve-mien-duyen-hai-tra-vinh-%e2%80%93-tap-cuoi-tham-linh-bien-phong.html,1,docs/research/thvl_du_lich_urls.csv,research_corpus,docs/research/thvl_du_lich_urls.csv,28,"""Trà Vinh"",""related_candidate"",""Ký sự: Về miền Duyên Hải Trà Vinh – Tập cuối: Thăm lính biên phòng"",""https://thvl.vn/ky-su-ve-mien-duyen-hai-tra-vinh-%e2%80%93-tap-cuoi-tham-linh-bien-phong.html"""
https://thvl.vn/nam-bo-du-xuan-tham-bien-ba-dong-ngay-xuan.html,1,docs/research/thvl_du_lich_urls.csv,research_corpus,docs/research/thvl_du_lich_urls.csv,29,"""Trà Vinh"",""related_candidate"",""Nam Bộ du xuân: Thăm biển Ba Động ngày xuân"",""https://thvl.vn/nam-bo-du-xuan-tham-bien-ba-dong-ngay-xuan.html"""
https://thvl.vn/van-hoa-va-cuoc-song-bao-tang-dua-sap-tra-vinh.html,1,docs/research/thvl_du_lich_urls.csv,research_corpus,docs/research/thvl_du_lich_urls.csv,30,"""Trà Vinh"",""related_candidate"",""Văn hóa và Cuộc sống: Bảo tàng Dừa sáp Trà Vinh"",""https://thvl.vn/van-hoa-va-cuoc-song-bao-tang-dua-sap-tra-vinh.html"""
https://thvl.vn/ve-ao-ba-om-trai-nghiem-van-hoa-di-san-cua-dong-bao-khmer.html,1,docs/research/thvl_du_lich_urls.csv,research_corpus,docs/research/thvl_du_lich_urls.csv,31,"""Trà Vinh"",""related_candidate"",""Về Ao Bà Om trải nghiệm văn hóa, di sản của đồng bào Khmer"",""https://thvl.vn/ve-ao-ba-om-trai-nghiem-van-hoa-di-san-cua-dong-bao-khmer.html"""
https://thvl.vn/thvl-2-thang-dau-nam-du-lich-vinh-long-dat-doanh-thu-gan-31-ty-dong.html,1,docs/research/thvl_du_lich_urls.csv,research_corpus,docs/research/thvl_du_lich_urls.csv,32,"""Vĩnh Long"",""direct_exact"",""(THVL) 2 tháng đầu năm – Du lịch Vĩnh Long đạt doanh thu gần 31 tỷ đồng"",""https://thvl.vn/thvl-2-thang-dau-nam-du-lich-vinh-long-dat-doanh-thu-gan-31-ty-dong.html"""
https://thvl.vn/thvl-nganh-du-lich-vinh-long-chuan-bi-don-tet.html,1,docs/research/thvl_du_lich_urls.csv,research_corpus,docs/research/thvl_du_lich_urls.csv,33,"""Vĩnh Long"",""direct_exact"",""(THVL) Ngành du lịch Vĩnh Long chuẩn bị đón Tết"",""https://thvl.vn/thvl-nganh-du-lich-vinh-long-chuan-bi-don-tet.html"""
https://thvl.vn/thvl-so-van-hoa-the-thao-du-lich-vinh-long-tong-ket-nam-2011.html,1,docs/research/thvl_du_lich_urls.csv,research_corpus,docs/research/thvl_du_lich_urls.csv,34,"""Vĩnh Long"",""direct_exact"",""(THVL) Sở Văn hóa – thể thao- du lịch Vĩnh Long tổng kết năm 2011"",""https://thvl.vn/thvl-so-van-hoa-the-thao-du-lich-vinh-long-tong-ket-nam-2011.html"""
https://thvl.vn/thvl-thanh-lap-hiep-hoi-du-lich-vinh-long.html,1,docs/research/thvl_du_lich_urls.csv,research_corpus,docs/research/thvl_du_lich_urls.csv,35,"""Vĩnh Long"",""direct_exact"",""(THVL) Thành lập Hiệp hội Du lịch Vĩnh Long"",""https://thvl.vn/thvl-thanh-lap-hiep-hoi-du-lich-vinh-long.html"""
https://thvl.vn/9-thang-du-lich-vinh-long-dat-doanh-thu-165-ty-dong.html,1,docs/research/thvl_du_lich_urls.csv,research_corpus,docs/research/thvl_du_lich_urls.csv,36,"""Vĩnh Long"",""direct_exact"",""9 tháng: Du lịch Vĩnh Long đạt doanh thu 165 tỷ đồng"",""https://thvl.vn/9-thang-du-lich-vinh-long-dat-doanh-thu-165-ty-dong.html"""
https://thvl.vn/ban-tin-trua-01-09-2024-du-lich-vinh-long-ngay-thu-2-cua-ky-nghi-le-quoc-khanh-2-9.html,1,docs/research/thvl_du_lich_urls.csv,research_corpus,docs/research/thvl_du_lich_urls.csv,37,"""Vĩnh Long"",""direct_exact"",""Bản tin trưa (01/09/2024): Du lich Vĩnh Long ngày thứ 2 của kỳ nghỉ lễ Quốc khánh 2.9"",""https://thvl.vn/ban-tin-trua-01-09-2024-du-lich-vinh-long-ngay-thu-2-cua-ky-nghi-le-quoc-khanh-2-9.html"""
https://thvl.vn/ban-tin-trua-11h00-30-8-2025-du-lich-vinh-long-tang-truong-toan-dien-sau-sap-nhap.html,1,docs/research/thvl_du_lich_urls.csv,research_corpus,docs/research/thvl_du_lich_urls.csv,38,"""Vĩnh Long"",""direct_exact"",""Bản Tin Trưa (11h00 – 30/8/2025) – Du lịch Vĩnh Long tăng trưởng toàn diện sau sáp nhập"",""https://thvl.vn/ban-tin-trua-11h00-30-8-2025-du-lich-vinh-long-tang-truong-toan-dien-sau-sap-nhap.html"""
https://thvl.vn/ban-van-hoa-xa-hoi-lam-viec-voi-so-van-hoa-the-thao-va-du-lich-vinh-long.html,1,docs/research/thvl_du_lich_urls.csv,research_corpus,docs/research/thvl_du_lich_urls.csv,39,"""Vĩnh Long"",""direct_exact"",""Ban Văn hóa xã hội làm việc với Sở Văn hóa- thể thao và du lịch Vĩnh Long"",""https://thvl.vn/ban-van-hoa-xa-hoi-lam-viec-voi-so-van-hoa-the-thao-va-du-lich-vinh-long.html"""
https://thvl.vn/cac-co-so-du-lich-vinh-long-chuan-bi-don-du-khach-dip-tet-quy-mao-2023.html,1,docs/research/thvl_du_lich_urls.csv,research_corpus,docs/research/thvl_du_lich_urls.csv,40,"""Vĩnh Long"",""direct_exact"",""Các cơ sở du lịch Vĩnh Long chuẩn bị đón du khách dịp tết Quý Mão 2023"",""https://thvl.vn/cac-co-so-du-lich-vinh-long-chuan-bi-don-du-khach-dip-tet-quy-mao-2023.html"""
https://thvl.vn/cac-diem-du-lich-vinh-long-bat-dau-tang-khach.html,1,docs/research/thvl_du_lich_urls.csv,research_corpus,docs/research/thvl_du_lich_urls.csv,41,"""Vĩnh Long"",""direct_exact"",""Các điểm du lịch Vĩnh Long bắt đầu tăng khách"",""https://thvl.vn/cac-diem-du-lich-vinh-long-bat-dau-tang-khach.html"""
https://thvl.vn/chao-buoi-sang-23-12-2023-cong-vien-nghe-thuat-gom-do-diem-nhan-quang-ba-du-lich-vinh-long.html,1,docs/research/thvl_du_lich_urls.csv,research_corpus,docs/research/thvl_du_lich_urls.csv,42,"""Vĩnh Long"",""direct_exact"",""Chào buổi sáng (23/12/2023): Công viên nghệ thuật Gốm đỏ – Điểm nhấn quảng bá du lịch Vĩnh Long"",""https://thvl.vn/chao-buoi-sang-23-12-2023-cong-vien-nghe-thuat-gom-do-diem-nhan-quang-ba-du-lich-vinh-long.html"""
https://thvl.vn/chum-phat-bieu-cua-cac-chuyen-gia-xoay-quanh-hoi-thao-khoa-hoc-giai-phap-phat-trien-du-lich-vinh-long.html,1,docs/research/thvl_du_lich_urls.csv,research_corpus,docs/research/thvl_du_lich_urls.csv,43,"""Vĩnh Long"",""direct_exact"",""Chùm phát biểu của các chuyên gia xoay quanh Hội thảo khoa học Giải pháp phát triển du lịch Vĩnh Long"",""https://thvl.vn/chum-phat-bieu-cua-cac-chuyen-gia-xoay-quanh-hoi-thao-khoa-hoc-giai-phap-phat-trien-du-lich-vinh-long.html"""
https://thvl.vn/chuyen-de-kinh-te-du-lich-vinh-long-phuc-hoi-va-tang-truong.html,1,docs/research/thvl_du_lich_urls.csv,research_corpus,docs/research/thvl_du_lich_urls.csv,44,"""Vĩnh Long"",""direct_exact"",""Chuyên đề kinh tế: Du lịch Vĩnh Long phục hồi và tăng trưởng"",""https://thvl.vn/chuyen-de-kinh-te-du-lich-vinh-long-phuc-hoi-va-tang-truong.html"""
https://thvl.vn/chuyen-de-kinh-te-du-lich-vinh-long-tang-cuong-khai-thac-tiem-nang.html,1,docs/research/thvl_du_lich_urls.csv,research_corpus,docs/research/thvl_du_lich_urls.csv,45,"""Vĩnh Long"",""direct_exact"",""Chuyên đề kinh tế: Du lịch Vĩnh Long tăng cường khai thác tiềm năng"",""https://thvl.vn/chuyen-de-kinh-te-du-lich-vinh-long-tang-cuong-khai-thac-tiem-nang.html"""
https://thvl.vn/chuyen-de-kinh-te-du-lich-vinh-long-trong-mua-dich-covid-19.html,1,docs/research/thvl_du_lich_urls.csv,research_corpus,docs/research/thvl_du_lich_urls.csv,46,"""Vĩnh Long"",""direct_exact"",""Chuyên đề kinh tế: Du lịch Vĩnh Long trong mùa dịch COVID – 19"",""https://thvl.vn/chuyen-de-kinh-te-du-lich-vinh-long-trong-mua-dich-covid-19.html"""
https://thvl.vn/chuyen-de-kinh-te-nang-chat-san-pham-du-lich-vinh-long.html,1,docs/research/thvl_du_lich_urls.csv,research_corpus,docs/research/thvl_du_lich_urls.csv,47,"""Vĩnh Long"",""direct_exact"",""Chuyên đề kinh tế: Nâng chất sản phẩm du lịch Vĩnh Long"",""https://thvl.vn/chuyen-de-kinh-te-nang-chat-san-pham-du-lich-vinh-long.html"""
https://thvl.vn/chuyen-d%e1%bb%81-kinh-t%e1%ba%bf-phat-tri%e1%bb%83n-ti%e1%bb%81m-nang-du-l%e1%bb%8bch-vinh-long.html,1,docs/research/thvl_du_lich_urls.csv,research_corpus,docs/research/thvl_du_lich_urls.csv,48,"""Vĩnh Long"",""direct_exact"",""Chuyên đề kinh tế: Phát triển tiềm năng du lịch Vĩnh Long"",""https://thvl.vn/chuyen-d%e1%bb%81-kinh-t%e1%ba%bf-phat-tri%e1%bb%83n-ti%e1%bb%81m-nang-du-l%e1%bb%8bch-vinh-long.html"""
https://thvl.vn/chuyen-d%e1%bb%81-kinh-t%e1%ba%bf-ti%e1%bb%81m-nang-phat-tri%e1%bb%83n-kinh-t%e1%ba%bf-du-l%e1%bb%8bch-vinh-long.html,1,docs/research/thvl_du_lich_urls.csv,research_corpus,docs/research/thvl_du_lich_urls.csv,49,"""Vĩnh Long"",""direct_exact"",""Chuyên đề kinh tế: Tiềm năng phát triển kinh tế du lịch Vĩnh Long"",""https://thvl.vn/chuyen-d%e1%bb%81-kinh-t%e1%ba%bf-ti%e1%bb%81m-nang-phat-tri%e1%bb%83n-kinh-t%e1%ba%bf-du-l%e1%bb%8bch-vinh-long.html"""
https://thvl.vn/cong-vien-nghe-thuat-gom-do-dau-an-dac-sac-ngay-hoi-du-lich-vinh-long-lan-thu-3-2023.html,1,docs/research/thvl_du_lich_urls.csv,research_corpus,docs/research/thvl_du_lich_urls.csv,50,"""Vĩnh Long"",""direct_exact"",""Công viên nghệ thuật gốm đỏ – dấu ấn đặc sắc ngày hội du lịch Vĩnh Long lần thứ 3- 2023"",""https://thvl.vn/cong-vien-nghe-thuat-gom-do-dau-an-dac-sac-ngay-hoi-du-lich-vinh-long-lan-thu-3-2023.html"""
https://thvl.vn/cu-lao-dai-%e2%80%93-di%e1%bb%83m-d%e1%ba%bfn-m%e1%bb%9bi-cho-du-l%e1%bb%8bch-vinh-long.html,1,docs/research/thvl_du_lich_urls.csv,research_corpus,docs/research/thvl_du_lich_urls.csv,51,"""Vĩnh Long"",""direct_exact"",""Cù Lao Dài – Điểm đến mới cho du lịch Vĩnh Long"",""https://thvl.vn/cu-lao-dai-%e2%80%93-di%e1%bb%83m-d%e1%ba%bfn-m%e1%bb%9bi-cho-du-l%e1%bb%8bch-vinh-long.html"""
https://thvl.vn/du-lich-vinh-long-diem-den-cho-du-khach-trong-dip-le.html,1,docs/research/thvl_du_lich_urls.csv,research_corpus,docs/research/thvl_du_lich_urls.csv,52,"""Vĩnh Long"",""direct_exact"",""Du lịch Vĩnh Long – Điểm đến cho du khách trong dịp lễ"",""https://thvl.vn/du-lich-vinh-long-diem-den-cho-du-khach-trong-dip-le.html"""
https://thvl.vn/du-lich-vinh-long-diem-den-than-thien-thu-hut-khach-trong-nhung-ngay-nghi-dip-le-quoc-khanh.html,1,docs/research/thvl_du_lich_urls.csv,research_corpus,docs/research/thvl_du_lich_urls.csv,53,"""Vĩnh Long"",""direct_exact"",""Du lịch Vĩnh Long – điểm đến thân thiện, thu hút khách trong những ngày nghỉ dịp lễ Quốc khánh"",""https://thvl.vn/du-lich-vinh-long-diem-den-than-thien-thu-hut-khach-trong-nhung-ngay-nghi-dip-le-quoc-khanh.html"""
https://thvl.vn/du-lich-vinh-long-chuan-bi-phuc-vu-le-2-9.html,1,docs/research/thvl_du_lich_urls.csv,research_corpus,docs/research/thvl_du_lich_urls.csv,54,"""Vĩnh Long"",""direct_exact"",""Du lịch Vĩnh Long chuẩn bị phục vụ lễ 2/9"",""https://thvl.vn/du-lich-vinh-long-chuan-bi-phuc-vu-le-2-9.html"""
https://thvl.vn/du-lich-vinh-long-chua-dap-ung-duoc-yeu-cau-cao-cua-du-khach.html,1,docs/research/thvl_du_lich_urls.csv,research_corpus,docs/research/thvl_du_lich_urls.csv,55,"""Vĩnh Long"",""direct_exact"",""Du lịch Vĩnh Long chưa đáp ứng được yêu cầu cao của du khách"",""https://thvl.vn/du-lich-vinh-long-chua-dap-ung-duoc-yeu-cau-cao-cua-du-khach.html"""
https://thvl.vn/du-lich-vinh-long-don-nhieu-du-khach-den-tham-quan-trai-nghiem.html,1,docs/research/thvl_du_lich_urls.csv,research_corpus,docs/research/thvl_du_lich_urls.csv,56,"""Vĩnh Long"",""direct_exact"",""Du lịch Vĩnh Long đón nhiều du khách đến tham quan, trải nghiệm"",""https://thvl.vn/du-lich-vinh-long-don-nhieu-du-khach-den-tham-quan-trai-nghiem.html"""
https://thvl.vn/du-l%e1%bb%8bch-vinh-long-d%e1%bb%95i-m%e1%bb%9bi-h%c6%b0%e1%bb%9bng-d%e1%ba%bfn-ch%e1%ba%a5t-l%c6%b0%e1%bb%a3ng.html,1,docs/research/thvl_du_lich_urls.csv,research_corpus,docs/research/thvl_du_lich_urls.csv,57,"""Vĩnh Long"",""direct_exact"",""Du lịch Vĩnh Long đổi mới hướng đến chất lượng"",""https://thvl.vn/du-l%e1%bb%8bch-vinh-long-d%e1%bb%95i-m%e1%bb%9bi-h%c6%b0%e1%bb%9bng-d%e1%ba%bfn-ch%e1%ba%a5t-l%c6%b0%e1%bb%a3ng.html"""
https://thvl.vn/du-lich-vinh-long-nam-2023-voi-nhung-ky-luc-dang-ghi-nhan.html,1,docs/research/thvl_du_lich_urls.csv,research_corpus,docs/research/thvl_du_lich_urls.csv,58,"""Vĩnh Long"",""direct_exact"",""Du lịch Vĩnh Long năm 2023 với những kỷ lục đáng ghi nhận"",""https://thvl.vn/du-lich-vinh-long-nam-2023-voi-nhung-ky-luc-dang-ghi-nhan.html"""
https://thvl.vn/du-l%e1%bb%8bch-vinh-long-nang-cao-ch%e1%ba%a5t-l%c6%b0%e1%bb%a3ng-thu-hut-du-khach.html,1,docs/research/thvl_du_lich_urls.csv,research_corpus,docs/research/thvl_du_lich_urls.csv,59,"""Vĩnh Long"",""direct_exact"",""Du lịch Vĩnh Long nâng cao chất lượng thu hút du khách"",""https://thvl.vn/du-l%e1%bb%8bch-vinh-long-nang-cao-ch%e1%ba%a5t-l%c6%b0%e1%bb%a3ng-thu-hut-du-khach.html"""
https://thvl.vn/du-lich-vinh-long-ngay-thu-2-cua-ky-nghi-le-30-4-va-01-5.html,1,docs/research/thvl_du_lich_urls.csv,research_corpus,docs/research/thvl_du_lich_urls.csv,60,"""Vĩnh Long"",""direct_exact"",""Du lịch Vĩnh Long ngày thứ 2 của kỳ nghỉ lễ 30/4 và 01/5"",""https://thvl.vn/du-lich-vinh-long-ngay-thu-2-cua-ky-nghi-le-30-4-va-01-5.html"""
https://thvl.vn/du-lich-vinh-long-nhon-nhip-don-khach-dip-le-30-4-1-5.html,1,docs/research/thvl_du_lich_urls.csv,research_corpus,docs/research/thvl_du_lich_urls.csv,61,"""Vĩnh Long"",""direct_exact"",""Du lịch Vĩnh Long nhộn nhịp đón khách dịp lễ 30/4-1/5"",""https://thvl.vn/du-lich-vinh-long-nhon-nhip-don-khach-dip-le-30-4-1-5.html"""
https://thvl.vn/du-lich-vinh-long-nhung-ngay-nghi-le-dam-bao-an-toan-than-thien-va-men-khach.html,1,docs/research/thvl_du_lich_urls.csv,research_corpus,docs/research/thvl_du_lich_urls.csv,62,"""Vĩnh Long"",""direct_exact"",""Du lịch Vĩnh Long những ngày nghỉ lễ đảm bảo an toàn thân thiện và mến khách"",""https://thvl.vn/du-lich-vinh-long-nhung-ngay-nghi-le-dam-bao-an-toan-than-thien-va-men-khach.html"""
https://thvl.vn/du-lich-vinh-long-phuc-hoi-trong-trang-thai-binh-thuong-moi.html,1,docs/research/thvl_du_lich_urls.csv,research_corpus,docs/research/thvl_du_lich_urls.csv,63,"""Vĩnh Long"",""direct_exact"",""Du lịch Vĩnh Long phục hồi trong trạng thái bình thường mới"",""https://thvl.vn/du-lich-vinh-long-phuc-hoi-trong-trang-thai-binh-thuong-moi.html"""
https://thvl.vn/du-lich-vinh-long-ron-rang-dip-le-2-9.html,1,docs/research/thvl_du_lich_urls.csv,research_corpus,docs/research/thvl_du_lich_urls.csv,64,"""Vĩnh Long"",""direct_exact"",""Du lịch Vĩnh Long rộn ràng dịp lễ 2/9"",""https://thvl.vn/du-lich-vinh-long-ron-rang-dip-le-2-9.html"""
https://thvl.vn/du-lich-vinh-long-ron-rang-don-khach-du-xuan.html,1,docs/research/thvl_du_lich_urls.csv,research_corpus,docs/research/thvl_du_lich_urls.csv,65,"""Vĩnh Long"",""direct_exact"",""Du lịch Vĩnh Long rộn ràng đón khách du Xuân"",""https://thvl.vn/du-lich-vinh-long-ron-rang-don-khach-du-xuan.html"""
https://thvl.vn/du-lich-vinh-long-thu-hut-nhieu-du-khach-dip-le-2-9.html,1,docs/research/thvl_du_lich_urls.csv,research_corpus,docs/research/thvl_du_lich_urls.csv,66,"""Vĩnh Long"",""direct_exact"",""Du lịch Vĩnh Long thu hút nhiều du khách dịp lễ 2-9"",""https://thvl.vn/du-lich-vinh-long-thu-hut-nhieu-du-khach-dip-le-2-9.html"""
https://thvl.vn/du-lich-vinh-long-thu-hut-nhieu-du-khach-dip-le-30-4-1-5.html,1,docs/research/thvl_du_lich_urls.csv,research_corpus,docs/research/thvl_du_lich_urls.csv,67,"""Vĩnh Long"",""direct_exact"",""Du lịch Vĩnh Long thu hút nhiều du khách dịp lễ 30/4, 1/5"",""https://thvl.vn/du-lich-vinh-long-thu-hut-nhieu-du-khach-dip-le-30-4-1-5.html"""
https://thvl.vn/du-lich-vinh-long-tiep-tuc-thu-hut-du-khach.html,1,docs/research/thvl_du_lich_urls.csv,research_corpus,docs/research/thvl_du_lich_urls.csv,68,"""Vĩnh Long"",""direct_exact"",""Du lịch Vĩnh Long tiếp tục thu hút du khách"",""https://thvl.vn/du-lich-vinh-long-tiep-tuc-thu-hut-du-khach.html"""
https://thvl.vn/du-lich-vinh-long-tiep-tuc-thu-hut-du-khach-dip-le-30-4-va-1-5.html,1,docs/research/thvl_du_lich_urls.csv,research_corpus,docs/research/thvl_du_lich_urls.csv,69,"""Vĩnh Long"",""direct_exact"",""Du lịch Vĩnh Long tiếp tục thu hút du khách dịp lễ 30/4 và 1/5"",""https://thvl.vn/du-lich-vinh-long-tiep-tuc-thu-hut-du-khach-dip-le-30-4-va-1-5.html"""
https://thvl.vn/du-l%e1%bb%8bch-vinh-long-thanh-t%e1%bb%b1u-sau-25-nam.html,1,docs/research/thvl_du_lich_urls.csv,research_corpus,docs/research/thvl_du_lich_urls.csv,70,"""Vĩnh Long"",""direct_exact"",""Du lịch Vĩnh Long- thành tựu sau 25 năm"",""https://thvl.vn/du-l%e1%bb%8bch-vinh-long-thanh-t%e1%bb%b1u-sau-25-nam.html"""
https://thvl.vn/dai-hoi-hiep-hoi-du-lich-vinh-long-lan-thu-2.html,1,docs/research/thvl_du_lich_urls.csv,research_corpus,docs/research/thvl_du_lich_urls.csv,71,"""Vĩnh Long"",""direct_exact"",""Đại hội Hiệp hội Du lịch Vĩnh Long lần thứ 2"",""https://thvl.vn/dai-hoi-hiep-hoi-du-lich-vinh-long-lan-thu-2.html"""
https://thvl.vn/giai-phap-de-du-lich-vinh-long-phat-trien-ben-vung.html,1,docs/research/thvl_du_lich_urls.csv,research_corpus,docs/research/thvl_du_lich_urls.csv,72,"""Vĩnh Long"",""direct_exact"",""Giải pháp để du lịch Vĩnh Long phát triển bền vững"",""https://thvl.vn/giai-phap-de-du-lich-vinh-long-phat-trien-ben-vung.html"""
https://thvl.vn/homestay-%e2%80%93-net-d%e1%ba%b7c-tr%c6%b0ng-du-l%e1%bb%8bch-vinh-long.html,1,docs/research/thvl_du_lich_urls.csv,research_corpus,docs/research/thvl_du_lich_urls.csv,73,"""Vĩnh Long"",""direct_exact"",""Homestay – nét đặc trưng du lịch Vĩnh Long"",""https://thvl.vn/homestay-%e2%80%93-net-d%e1%ba%b7c-tr%c6%b0ng-du-l%e1%bb%8bch-vinh-long.html"""
https://thvl.vn/homestay-th%e1%ba%bf-m%e1%ba%a1nh-du-l%e1%bb%8bch-vinh-long.html,1,docs/research/thvl_du_lich_urls.csv,research_corpus,docs/research/thvl_du_lich_urls.csv,74,"""Vĩnh Long"",""direct_exact"",""Homestay – thế mạnh du lịch Vĩnh Long"",""https://thvl.vn/homestay-th%e1%ba%bf-m%e1%ba%a1nh-du-l%e1%bb%8bch-vinh-long.html"""
https://thvl.vn/hoi-nghi-so-ket-2-nam-tai-co-cau-lai-nganh-du-lich-vinh-long.html,1,docs/research/thvl_du_lich_urls.csv,research_corpus,docs/research/thvl_du_lich_urls.csv,75,"""Vĩnh Long"",""direct_exact"",""Hội nghị sơ kết 2 năm tái cơ cầu lại ngành du lịch Vĩnh Long"",""https://thvl.vn/hoi-nghi-so-ket-2-nam-tai-co-cau-lai-nganh-du-lich-vinh-long.html"""
https://thvl.vn/hoi-thao-giai-phap-phat-trien-du-lich-vinh-long-giai-doan-2016-%e2%80%93-2020.html,1,docs/research/thvl_du_lich_urls.csv,research_corpus,docs/research/thvl_du_lich_urls.csv,76,"""Vĩnh Long"",""direct_exact"",""Hội thảo giải pháp phát triển du lịch Vĩnh Long giai đoạn 2016 – 2020"",""https://thvl.vn/hoi-thao-giai-phap-phat-trien-du-lich-vinh-long-giai-doan-2016-%e2%80%93-2020.html"""
https://thvl.vn/hoi-thao-khoa-hoc-giai-phap-phat-trien-du-lich-vinh-long-tro-thanh-nganh-kinh-te-quan-trong-den-2025-dinh-huong-den-2030.html,1,docs/research/thvl_du_lich_urls.csv,research_corpus,docs/research/thvl_du_lich_urls.csv,77,"""Vĩnh Long"",""direct_exact"",""Hội thảo khoa học “Giải pháp phát triển du lịch Vĩnh Long trở thành ngành kinh tế quan trọng đến 2025, định hướng đến 2030”"",""https://thvl.vn/hoi-thao-khoa-hoc-giai-phap-phat-trien-du-lich-vinh-long-tro-thanh-nganh-kinh-te-quan-trong-den-2025-dinh-huong-den-2030.html"""
https://thvl.vn/hoi-thao-khoa-hoc-phat-trien-san-pham-va-ket-noi-tour-tuyen-du-lich-vinh-long-voi-cac-tinh-thanh-dbscl-va-tp-hcm.html,1,docs/research/thvl_du_lich_urls.csv,research_corpus,docs/research/thvl_du_lich_urls.csv,78,"""Vĩnh Long"",""direct_exact"",""Hội thảo khoa học Phát triển sản phẩm và kết nối tour tuyến du lịch Vĩnh Long với các tỉnh, thành ĐBSCL và TP.HCM"",""https://thvl.vn/hoi-thao-khoa-hoc-phat-trien-san-pham-va-ket-noi-tour-tuyen-du-lich-vinh-long-voi-cac-tinh-thanh-dbscl-va-tp-hcm.html"""
https://thvl.vn/khong-gian-quang-ba-du-lich-vinh-long-diem-hen-hap-dan-dau-nam-moi.html,1,docs/research/thvl_du_lich_urls.csv,research_corpus,docs/research/thvl_du_lich_urls.csv,79,"""Vĩnh Long"",""direct_exact"",""Không gian quảng bá du lịch Vĩnh Long – điểm hẹn hấp dẫn đầu năm mới"",""https://thvl.vn/khong-gian-quang-ba-du-lich-vinh-long-diem-hen-hap-dan-dau-nam-moi.html"""
https://thvl.vn/ky-s%e1%bb%b1-truy%e1%bb%81n-hinh-du-l%e1%bb%8bch-vinh-long-v%e1%bb%81-que-ch%c6%a1i-l%e1%bb%85.html,1,docs/research/thvl_du_lich_urls.csv,research_corpus,docs/research/thvl_du_lich_urls.csv,80,"""Vĩnh Long"",""direct_exact"",""Ký sự truyền hình: Du lịch Vĩnh Long – Về quê chơi lễ"",""https://thvl.vn/ky-s%e1%bb%b1-truy%e1%bb%81n-hinh-du-l%e1%bb%8bch-vinh-long-v%e1%bb%81-que-ch%c6%a1i-l%e1%bb%85.html"""
https://thvl.vn/lam-gi-d%e1%bb%83-du-l%e1%bb%8bch-vinh-long-phat-tri%e1%bb%83n-b%e1%bb%81n-v%e1%bb%afng.html,1,docs/research/thvl_du_lich_urls.csv,research_corpus,docs/research/thvl_du_lich_urls.csv,81,"""Vĩnh Long"",""direct_exact"",""Làm gì để du lịch Vĩnh Long phát triển bền vững?"",""https://thvl.vn/lam-gi-d%e1%bb%83-du-l%e1%bb%8bch-vinh-long-phat-tri%e1%bb%83n-b%e1%bb%81n-v%e1%bb%afng.html"""
https://thvl.vn/nam-bo-du-ky-homestay-dac-sac-du-lich-vinh-long.html,1,docs/research/thvl_du_lich_urls.csv,research_corpus,docs/research/thvl_du_lich_urls.csv,82,"""Vĩnh Long"",""direct_exact"",""Nam Bộ du ký: Homestay – Đặc sắc du lịch Vĩnh Long"",""https://thvl.vn/nam-bo-du-ky-homestay-dac-sac-du-lich-vinh-long.html"""
https://thvl.vn/nganh-du-lich-vinh-long-dat-doanh-thu-tren-210-ty-dong.html,1,docs/research/thvl_du_lich_urls.csv,research_corpus,docs/research/thvl_du_lich_urls.csv,83,"""Vĩnh Long"",""direct_exact"",""Ngành du lịch Vĩnh Long đạt doanh thu trên 210 tỷ đồng"",""https://thvl.vn/nganh-du-lich-vinh-long-dat-doanh-thu-tren-210-ty-dong.html"""
https://thvl.vn/ngay-h%e1%bb%99i-du-l%e1%bb%8bch-vinh-long-s%e1%ba%bd-co-nhi%e1%bb%81u-ho%e1%ba%a1t-d%e1%bb%99ng.html,1,docs/research/thvl_du_lich_urls.csv,research_corpus,docs/research/thvl_du_lich_urls.csv,84,"""Vĩnh Long"",""direct_exact"",""Ngày hội du lịch Vĩnh Long sẽ có nhiều hoạt động"",""https://thvl.vn/ngay-h%e1%bb%99i-du-l%e1%bb%8bch-vinh-long-s%e1%ba%bd-co-nhi%e1%bb%81u-ho%e1%ba%a1t-d%e1%bb%99ng.html"""
https://thvl.vn/ngay-hoi-thanh-tra-ton-vinh-gioi-thieu-trai-cay-dac-san-quang-ba-du-lich-vinh-long.html,1,docs/research/thvl_du_lich_urls.csv,research_corpus,docs/research/thvl_du_lich_urls.csv,85,"""Vĩnh Long"",""direct_exact"",""Ngày hội thanh trà: Tôn vinh giới thiệu trái cây đặc sản, quảng bá du lịch Vĩnh Long"",""https://thvl.vn/ngay-hoi-thanh-tra-ton-vinh-gioi-thieu-trai-cay-dac-san-quang-ba-du-lich-vinh-long.html"""
https://thvl.vn/phat-huy-tiem-nang-loi-the-dua-du-lich-vinh-long-phat-trien-ben-vung.html,1,docs/research/thvl_du_lich_urls.csv,research_corpus,docs/research/thvl_du_lich_urls.csv,86,"""Vĩnh Long"",""direct_exact"",""Phát huy tiềm năng, lợi thế, đưa du lịch Vĩnh Long phát triển bền vững"",""https://thvl.vn/phat-huy-tiem-nang-loi-the-dua-du-lich-vinh-long-phat-trien-ben-vung.html"""
https://thvl.vn/phong-su-du-lich-vinh-long-di-giua-mau-xanh-26062015.html,1,docs/research/thvl_du_lich_urls.csv,research_corpus,docs/research/thvl_du_lich_urls.csv,87,"""Vĩnh Long"",""direct_exact"",""Phóng sự:  Du lịch Vĩnh Long – Đi giữa màu xanh (26/06/2015)"",""https://thvl.vn/phong-su-du-lich-vinh-long-di-giua-mau-xanh-26062015.html"""
https://thvl.vn/phong-su-du-lich-vinh-long-huong-den-xanh-va-ben-vung.html,1,docs/research/thvl_du_lich_urls.csv,research_corpus,docs/research/thvl_du_lich_urls.csv,88,"""Vĩnh Long"",""direct_exact"",""Phóng sự: Du lịch Vĩnh Long hướng đến xanh và bền vững"",""https://thvl.vn/phong-su-du-lich-vinh-long-huong-den-xanh-va-ben-vung.html"""
https://thvl.vn/phong-su-homestay-diem-nhan-doc-dao-cua-du-lich-vinh-long.html,1,docs/research/thvl_du_lich_urls.csv,research_corpus,docs/research/thvl_du_lich_urls.csv,89,"""Vĩnh Long"",""direct_exact"",""Phóng sự: Homestay – Điểm nhấn độc đáo của du lịch Vĩnh Long"",""https://thvl.vn/phong-su-homestay-diem-nhan-doc-dao-cua-du-lich-vinh-long.html"""
https://thvl.vn/quy-i-2026-du-lich-vinh-long-don-hon-163-trieu-luot-khach.html,1,docs/research/thvl_du_lich_urls.csv,research_corpus,docs/research/thvl_du_lich_urls.csv,90,"""Vĩnh Long"",""direct_exact"",""Quý I/2026 du lịch Vĩnh Long đón hơn 1,63 triệu lượt khách"",""https://thvl.vn/quy-i-2026-du-lich-vinh-long-don-hon-163-trieu-luot-khach.html"""
https://thvl.vn/soi-dong-o-cac-diem-du-lich-vinh-long.html,1,docs/research/thvl_du_lich_urls.csv,research_corpus,docs/research/thvl_du_lich_urls.csv,91,"""Vĩnh Long"",""direct_exact"",""Sôi động ở các điểm du lịch Vĩnh Long"",""https://thvl.vn/soi-dong-o-cac-diem-du-lich-vinh-long.html"""
https://thvl.vn/so-van-hoa-the-thao-du-lich-vinh-long-trien-khai-cac-nhiem-vu-trong-tam-nam-2014.html,1,docs/research/thvl_du_lich_urls.csv,research_corpus,docs/research/thvl_du_lich_urls.csv,92,"""Vĩnh Long"",""direct_exact"",""Sở Văn hóa – thể thao – du lịch Vĩnh Long triển khai các nhiệm vụ trọng tâm năm 2014"",""https://thvl.vn/so-van-hoa-the-thao-du-lich-vinh-long-trien-khai-cac-nhiem-vu-trong-tam-nam-2014.html"""
https://thvl.vn/so-van-hoa-the-thao-du-lich-vinh-long-trien-khai-luat-di-san.html,1,docs/research/thvl_du_lich_urls.csv,research_corpus,docs/research/thvl_du_lich_urls.csv,93,"""Vĩnh Long"",""direct_exact"",""Sở Văn hoá – Thể thao – Du lịch Vĩnh Long triển khai luật Di sản"",""https://thvl.vn/so-van-hoa-the-thao-du-lich-vinh-long-trien-khai-luat-di-san.html"""
https://thvl.vn/so-van-hoa-the-thao-du-lich-vinh-long-khai-giang-khoa-tap-huan-du-lich-cong-dong.html,1,docs/research/thvl_du_lich_urls.csv,research_corpus,docs/research/thvl_du_lich_urls.csv,94,"""Vĩnh Long"",""direct_exact"",""Sở Văn hóa – Thể thao & Du lịch Vĩnh Long khai giảng khóa tập huấn du lịch cộng đồng"",""https://thvl.vn/so-van-hoa-the-thao-du-lich-vinh-long-khai-giang-khoa-tap-huan-du-lich-cong-dong.html"""
https://thvl.vn/the-manh-duong-song-du-dia-phat-trien-du-lich-vinh-long-sau-hop-nhat.html,1,docs/research/thvl_du_lich_urls.csv,research_corpus,docs/research/thvl_du_lich_urls.csv,95,"""Vĩnh Long"",""direct_exact"",""Thế mạnh đường sông – Dư địa phát triển du lịch Vĩnh Long sau hợp nhất"",""https://thvl.vn/the-manh-duong-song-du-dia-phat-trien-du-lich-vinh-long-sau-hop-nhat.html"""
https://thvl.vn/tong-ket-trao-giai-sang-tac-video-clip-va-bai-viet-gioi-thieu-cam-nhan-ve-du-lich-vinh-long.html,1,docs/research/thvl_du_lich_urls.csv,research_corpus,docs/research/thvl_du_lich_urls.csv,96,"""Vĩnh Long"",""direct_exact"",""Tổng kết trao giải sáng tác video clip và bài viết giới thiệu cảm nhận về du lịch Vĩnh Long"",""https://thvl.vn/tong-ket-trao-giai-sang-tac-video-clip-va-bai-viet-gioi-thieu-cam-nhan-ve-du-lich-vinh-long.html"""
https://thvl.vn/vinh-danh-homestay-dat-giai-du-lich-asian-2023-co-hoi-quang-ba-du-lich-vinh-long.html,1,docs/research/thvl_du_lich_urls.csv,research_corpus,docs/research/thvl_du_lich_urls.csv,97,"""Vĩnh Long"",""direct_exact"",""Vinh danh homestay đạt giải du lịch Asian 2023 – Cơ hội quảng bá du lịch Vĩnh Long"",""https://thvl.vn/vinh-danh-homestay-dat-giai-du-lich-asian-2023-co-hoi-quang-ba-du-lich-vinh-long.html"""
https://thvl.vn/chuyen-ke-dat-phuong-nam-ky-uc-cho-mien-tay-tap-2-cho-noi-tra-on.html,1,docs/research/thvl_du_lich_urls.csv,research_corpus,docs/research/thvl_du_lich_urls.csv,98,"""Vĩnh Long"",""related_candidate"",""Chuyện kể đất phương Nam | Ký ức chợ Miền Tây – Tập 2: Chợ nổi Trà Ôn"",""https://thvl.vn/chuyen-ke-dat-phuong-nam-ky-uc-cho-mien-tay-tap-2-cho-noi-tra-on.html"""
https://thvl.vn/chuyen-ke-dat-phuong-nam-van-thanh-mieu-vinh-long-dau-an-tram-nam-con-mai.html,1,docs/research/thvl_du_lich_urls.csv,research_corpus,docs/research/thvl_du_lich_urls.csv,99,"""Vĩnh Long"",""related_candidate"",""Chuyện kể đất phương Nam: Văn Thánh Miếu Vĩnh Long, dấu ấn trăm năm còn mãi"",""https://thvl.vn/chuyen-ke-dat-phuong-nam-van-thanh-mieu-vinh-long-dau-an-tram-nam-con-mai.html"""
https://thvl.vn/diem-den-van-hoa-lan-toa-net-dep-gom-do-vinh-long-ngay-xuan.html,1,docs/research/thvl_du_lich_urls.csv,research_corpus,docs/research/thvl_du_lich_urls.csv,100,"""Vĩnh Long"",""related_candidate"",""Điểm đến văn hóa: Lan tỏa nét đẹp gốm đỏ Vĩnh Long ngày xuân"",""https://thvl.vn/diem-den-van-hoa-lan-toa-net-dep-gom-do-vinh-long-ngay-xuan.html"""
https://thvl.vn/diem-den-van-hoa-noi-luu-giu-ve-dep-gom-do-vinh-long.html,1,docs/research/thvl_du_lich_urls.csv,research_corpus,docs/research/thvl_du_lich_urls.csv,101,"""Vĩnh Long"",""related_candidate"",""Điểm đến văn hóa: Nơi lưu giữ vẻ đẹp gốm đỏ Vĩnh Long"",""https://thvl.vn/diem-den-van-hoa-noi-luu-giu-ve-dep-gom-do-vinh-long.html"""
https://thvl.vn/hanh-trinh-van-hoa-vi%e1%bb%87t-t%e1%ba%adp-38-d%e1%bb%99c-dao-g%e1%bb%91m-d%e1%bb%8f-vinh-long.html,1,docs/research/thvl_du_lich_urls.csv,research_corpus,docs/research/thvl_du_lich_urls.csv,102,"""Vĩnh Long"",""related_candidate"",""Hành trình văn hóa Việt – Tập 38: Độc đáo gốm đỏ Vĩnh Long"",""https://thvl.vn/hanh-trinh-van-hoa-vi%e1%bb%87t-t%e1%ba%adp-38-d%e1%bb%99c-dao-g%e1%bb%91m-d%e1%bb%8f-vinh-long.html"""
https://thvl.vn/hoan-thanh-viec-lap-dat-cong-vien-nghe-thuat-gom-do-vinh-long.html,1,docs/research/thvl_du_lich_urls.csv,research_corpus,docs/research/thvl_du_lich_urls.csv,103,"""Vĩnh Long"",""related_candidate"",""Hoàn thành việc lắp đặt công viên nghệ thuật gốm đỏ Vĩnh Long"",""https://thvl.vn/hoan-thanh-viec-lap-dat-cong-vien-nghe-thuat-gom-do-vinh-long.html"""
https://thvl.vn/hoi-thi-dac-san-am-thuc-homestay-vinh-long.html,1,docs/research/thvl_du_lich_urls.csv,research_corpus,docs/research/thvl_du_lich_urls.csv,104,"""Vĩnh Long"",""related_candidate"",""Hội thi đặc sản ẩm thực homestay Vĩnh Long"",""https://thvl.vn/hoi-thi-dac-san-am-thuc-homestay-vinh-long.html"""
https://thvl.vn/khong-gian-nghe-thuat-khong-gian-gom-do-vinh-long-ngay-xuan.html,1,docs/research/thvl_du_lich_urls.csv,research_corpus,docs/research/thvl_du_lich_urls.csv,105,"""Vĩnh Long"",""related_candidate"",""Không gian nghệ thuật: Không gian gốm đỏ Vĩnh Long ngày xuân"",""https://thvl.vn/khong-gian-nghe-thuat-khong-gian-gom-do-vinh-long-ngay-xuan.html"""
https://thvl.vn/ky-su-homestay-dong-bang-tap-5-homestay-vinh-long.html,1,docs/research/thvl_du_lich_urls.csv,research_corpus,docs/research/thvl_du_lich_urls.csv,106,"""Vĩnh Long"",""related_candidate"",""Ký sự Homestay đồng bằng – Tập 5: Homestay Vĩnh Long"",""https://thvl.vn/ky-su-homestay-dong-bang-tap-5-homestay-vinh-long.html"""
https://thvl.vn/ky-su-truyen-hinh-vinh-long-diem-den-an-toan.html,1,docs/research/thvl_du_lich_urls.csv,research_corpus,docs/research/thvl_du_lich_urls.csv,107,"""Vĩnh Long"",""related_candidate"",""Ký sự truyền hình: Vĩnh Long điểm đến an toàn"",""https://thvl.vn/ky-su-truyen-hinh-vinh-long-diem-den-an-toan.html"""
https://thvl.vn/nam-bo-du-ky-dac-sac-van-hoa-gom-do-vinh-long.html,1,docs/research/thvl_du_lich_urls.csv,research_corpus,docs/research/thvl_du_lich_urls.csv,108,"""Vĩnh Long"",""related_candidate"",""Nam Bộ du ký: Đặc sắc văn hóa gốm đỏ Vĩnh Long"",""https://thvl.vn/nam-bo-du-ky-dac-sac-van-hoa-gom-do-vinh-long.html"""
https://thvl.vn/nam-bo-du-ky-noi-luu-giu-ky-uc-cho-noi-tra-on.html,1,docs/research/thvl_du_lich_urls.csv,research_corpus,docs/research/thvl_du_lich_urls.csv,109,"""Vĩnh Long"",""related_candidate"",""Nam Bộ du ký: Nơi lưu giữ ký ức chợ nổi Trà Ôn"",""https://thvl.vn/nam-bo-du-ky-noi-luu-giu-ky-uc-cho-noi-tra-on.html"""
https://thvl.vn/noi-luu-giu-ve-dep-gom-do-vinh-long.html,1,docs/research/thvl_du_lich_urls.csv,research_corpus,docs/research/thvl_du_lich_urls.csv,110,"""Vĩnh Long"",""related_candidate"",""Nơi lưu giữ vẻ đẹp gốm đỏ Vĩnh Long"",""https://thvl.vn/noi-luu-giu-ve-dep-gom-do-vinh-long.html"""
https://thvl.vn/tao-diem-nhan-cho-du-lich-homestay-vinh-long.html,1,docs/research/thvl_du_lich_urls.csv,research_corpus,docs/research/thvl_du_lich_urls.csv,111,"""Vĩnh Long"",""related_candidate"",""Tạo điểm nhấn cho du lịch homestay Vĩnh Long"",""https://thvl.vn/tao-diem-nhan-cho-du-lich-homestay-vinh-long.html"""
https://thvl.vn/thoi-su-18h30-02-5-2026-miet-vuon-vinh-long-diem-den-yen-binh-thu-hut-du-khach-dip-le-30-4-va-1-5.html,1,docs/research/thvl_du_lich_urls.csv,research_corpus,docs/research/thvl_du_lich_urls.csv,112,"""Vĩnh Long"",""related_candidate"",""Thời sự 18h30 (02/5/2026): Miệt vườn Vĩnh Long điểm đến yên bình thu hút du khách dịp lễ 30/4 và 1/5"",""https://thvl.vn/thoi-su-18h30-02-5-2026-miet-vuon-vinh-long-diem-den-yen-binh-thu-hut-du-khach-dip-le-30-4-va-1-5.html"""
https://thvl.vn/van-hoa-van-nghe-khong-gian-nghe-thuat-gom-do-vinh-long.html,1,docs/research/thvl_du_lich_urls.csv,research_corpus,docs/research/thvl_du_lich_urls.csv,113,"""Vĩnh Long"",""related_candidate"",""Văn hóa – văn nghệ: Không gian nghệ thuật gốm đỏ Vĩnh Long"",""https://thvl.vn/van-hoa-van-nghe-khong-gian-nghe-thuat-gom-do-vinh-long.html"""
https://thvl.vn/van-hoa-van-nghe-sang-tao-nghe-thuat-voi-chat-lieu-gach-gom-do-vinh-long.html,1,docs/research/thvl_du_lich_urls.csv,research_corpus,docs/research/thvl_du_lich_urls.csv,114,"""Vĩnh Long"",""related_candidate"",""Văn hóa – văn nghệ: Sáng tạo nghệ thuật với chất liệu gạch gốm đỏ Vĩnh Long"",""https://thvl.vn/van-hoa-van-nghe-sang-tao-nghe-thuat-voi-chat-lieu-gach-gom-do-vinh-long.html"""
https://thvl.vn/van-hoa-va-cuoc-song-khong-gian-nghe-thuat-gom-do-vinh-long.html,1,docs/research/thvl_du_lich_urls.csv,research_corpus,docs/research/thvl_du_lich_urls.csv,115,"""Vĩnh Long"",""related_candidate"",""Văn hóa và Cuộc sống: Không gian nghệ thuật gốm đỏ Vĩnh Long"",""https://thvl.vn/van-hoa-va-cuoc-song-khong-gian-nghe-thuat-gom-do-vinh-long.html"""
https://thvl.vn/van-hoa-va-cuoc-song-sang-tao-nghe-thuat-voi-chat-lieu-gach-gom-do-vinh-long.html,1,docs/research/thvl_du_lich_urls.csv,research_corpus,docs/research/thvl_du_lich_urls.csv,116,"""Vĩnh Long"",""related_candidate"",""Văn hóa và Cuộc sống: Sáng tạo nghệ thuật với chất liệu gạch gốm đỏ Vĩnh Long"",""https://thvl.vn/van-hoa-va-cuoc-song-sang-tao-nghe-thuat-voi-chat-lieu-gach-gom-do-vinh-long.html"""
https://thvl.vn/van-thanh-mieu-vinh-long.html,1,docs/research/thvl_du_lich_urls.csv,research_corpus,docs/research/thvl_du_lich_urls.csv,117,"""Vĩnh Long"",""related_candidate"",""Văn Thánh miếu Vĩnh Long"",""https://thvl.vn/van-thanh-mieu-vinh-long.html"""
https://thvl.vn/vinh-long-diem-den-an-toan-trong-ngay-dau-nghi-le.html,1,docs/research/thvl_du_lich_urls.csv,research_corpus,docs/research/thvl_du_lich_urls.csv,118,"""Vĩnh Long"",""related_candidate"",""Vĩnh Long điểm đến an toàn trong ngày đầu nghỉ lễ"",""https://thvl.vn/vinh-long-diem-den-an-toan-trong-ngay-dau-nghi-le.html"""
