url,source_file,line,category,context
https://xaydungchinhsach.chinhphu.vn/quoc-hoi-da-thong-qua-luat-bao-ve-du-lieu-ca-nhan-119250626153701582.htm,docs/2026-08-21-danh-gia-toan-du-an.md,312,research_report,Nguồn: [xaydungchinhsach.chinhphu.vn](https://xaydungchinhsach.chinhphu.vn/quoc-hoi-da-thong-qua-luat-bao-ve-du-lieu-ca-nhan-119250626153701582.htm)
https://mps.gov.vn/chinh-sach-phap-luat/bai-viet/mot-so-quy-dinh-dang-chu-y-trong-luat-bao-ve-du-lieu-ca-nhan-2025-1753847906,docs/2026-08-21-danh-gia-toan-du-an.md,335,research_report,([mps.gov.vn](https://mps.gov.vn/chinh-sach-phap-luat/bai-viet/mot-so-quy-dinh-dang-chu-y-trong-luat-bao-ve-du-lieu-ca-nhan-2025-1753847906))
https://baovinhlong.com.vn/xa-hoi/du-lich/202602/song-nuoc-miet-vuon-an-binh-giu-chan-du-khach-c180357/,docs/archive/bao_cao_chuyen_sau_dia_diem_le_hoi_van_hoa_vl_tv_bt.md,54,research_report,- **Nguồn corpus:** [Báo Vĩnh Long](https://baovinhlong.com.vn/xa-hoi/du-lich/202602/song-nuoc-miet-vuon-an-binh-giu-chan-du-khach-c180357/); **nguồn bổ sung:** [nguồn chính thống/tham khảo](https://vinhlong.gov.vn/du-khach/%C4%91iem-du-lich)
https://vinhlong.gov.vn/du-khach/%C4%91iem-du-lich,docs/archive/bao_cao_chuyen_sau_dia_diem_le_hoi_van_hoa_vl_tv_bt.md,54,research_report,- **Nguồn corpus:** [Báo Vĩnh Long](https://baovinhlong.com.vn/xa-hoi/du-lich/202602/song-nuoc-miet-vuon-an-binh-giu-chan-du-khach-c180357/); **nguồn bổ sung:** [nguồn chính thống/tham khảo](https://vinhlong.gov.vn/du-khach/%C4%91iem-du-lich)
https://baovinhlong.com.vn/phong-su-ky-su/202604/phat-trien-san-pham-du-lich-dac-thu-tu-lang-nghe-gach-gom-7f54c8b/,docs/archive/bao_cao_chuyen_sau_dia_diem_le_hoi_van_hoa_vl_tv_bt.md,64,research_report,- **Nguồn corpus:** [Báo Vĩnh Long](https://baovinhlong.com.vn/phong-su-ky-su/202604/phat-trien-san-pham-du-lich-dac-thu-tu-lang-nghe-gach-gom-7f54c8b/); **nguồn bổ sung:** [nguồn chính thống/tham khảo](https://vinhlong.gov.vn/du-khach/di-tich-lich-su)
https://vinhlong.gov.vn/du-khach/di-tich-lich-su,docs/archive/bao_cao_chuyen_sau_dia_diem_le_hoi_van_hoa_vl_tv_bt.md,64,research_report,- **Nguồn corpus:** [Báo Vĩnh Long](https://baovinhlong.com.vn/phong-su-ky-su/202604/phat-trien-san-pham-du-lich-dac-thu-tu-lang-nghe-gach-gom-7f54c8b/); **nguồn bổ sung:** [nguồn chính thống/tham khảo](https://vinhlong.gov.vn/du-khach/di-tich-lich-su)
https://baovinhlong.com.vn/van-hoa-giai-tri/202603/le-xuan-dinh-net-dep-van-hoa-tai-di-tich-van-thanh-mieu-2023470/,docs/archive/bao_cao_chuyen_sau_dia_diem_le_hoi_van_hoa_vl_tv_bt.md,74,research_report,- **Nguồn corpus:** [Báo Vĩnh Long](https://baovinhlong.com.vn/van-hoa-giai-tri/202603/le-xuan-dinh-net-dep-van-hoa-tai-di-tich-van-thanh-mieu-2023470/); **nguồn bổ sung:** [nguồn chính thống/tham khảo](https://vinhlong.gov.vn/du-khach/di-tich-lich-su)
https://vinhlong.gov.vn/du-khach/di-tich-lich-su,docs/archive/bao_cao_chuyen_sau_dia_diem_le_hoi_van_hoa_vl_tv_bt.md,74,research_report,- **Nguồn corpus:** [Báo Vĩnh Long](https://baovinhlong.com.vn/van-hoa-giai-tri/202603/le-xuan-dinh-net-dep-van-hoa-tai-di-tich-van-thanh-mieu-2023470/); **nguồn bổ sung:** [nguồn chính thống/tham khảo](https://vinhlong.gov.vn/du-khach/di-tich-lich-su)
https://baovinhlong.com.vn/van-hoa-giai-tri/202601/to-chuc-dat-cay-uoc-nguyen-tai-lang-ong-4d140e2/,docs/archive/bao_cao_chuyen_sau_dia_diem_le_hoi_van_hoa_vl_tv_bt.md,84,research_report,- **Nguồn corpus:** [Báo Vĩnh Long](https://baovinhlong.com.vn/van-hoa-giai-tri/202601/to-chuc-dat-cay-uoc-nguyen-tai-lang-ong-4d140e2/); **nguồn bổ sung:** [nguồn chính thống/tham khảo](https://vinhlong.gov.vn/LinkClick.aspx?fileticket=6imoU-cmqnY%3D&mid=10814&portalid=0&tabid=63)
https://vinhlong.gov.vn/LinkClick.aspx?fileticket=6imoU-cmqnY%3D&mid=10814&portalid=0&tabid=63,docs/archive/bao_cao_chuyen_sau_dia_diem_le_hoi_van_hoa_vl_tv_bt.md,84,research_report,- **Nguồn corpus:** [Báo Vĩnh Long](https://baovinhlong.com.vn/van-hoa-giai-tri/202601/to-chuc-dat-cay-uoc-nguyen-tai-lang-ong-4d140e2/); **nguồn bổ sung:** [nguồn chính thống/tham khảo](https://vinhlong.gov.vn/LinkClick.aspx?fileticket=6imoU-cmqnY%3D&mid=10814&portalid=0&tabid=63)
https://baovinhlong.com.vn/xa-hoi/du-lich/202603/diem-nhan-hap-dan-du-lich-duong-thuy-28331ea/,docs/archive/bao_cao_chuyen_sau_dia_diem_le_hoi_van_hoa_vl_tv_bt.md,94,research_report,- **Nguồn corpus:** [Báo Vĩnh Long](https://baovinhlong.com.vn/xa-hoi/du-lich/202603/diem-nhan-hap-dan-du-lich-duong-thuy-28331ea/)
https://baovinhlong.com.vn/phong-su-anh/202602/thang-canh-ao-ba-om-thu-hut-khach-du-xuan-3db0b58/,docs/archive/bao_cao_chuyen_sau_dia_diem_le_hoi_van_hoa_vl_tv_bt.md,104,research_report,- **Nguồn corpus:** [Báo Vĩnh Long](https://baovinhlong.com.vn/phong-su-anh/202602/thang-canh-ao-ba-om-thu-hut-khach-du-xuan-3db0b58/); **nguồn bổ sung:** [nguồn chính thống/tham khảo](https://vietnamtourism.gov.vn/post/60328)
https://vietnamtourism.gov.vn/post/60328,docs/archive/bao_cao_chuyen_sau_dia_diem_le_hoi_van_hoa_vl_tv_bt.md,104,research_report,- **Nguồn corpus:** [Báo Vĩnh Long](https://baovinhlong.com.vn/phong-su-anh/202602/thang-canh-ao-ba-om-thu-hut-khach-du-xuan-3db0b58/); **nguồn bổ sung:** [nguồn chính thống/tham khảo](https://vietnamtourism.gov.vn/post/60328)
https://baovinhlong.com.vn/phong-su-anh/202606/chum-anh-ngam-dan-co-trang-tao-hinh-song-dong-o-chua-hang-24a6cff/,docs/archive/bao_cao_chuyen_sau_dia_diem_le_hoi_van_hoa_vl_tv_bt.md,114,research_report,- **Nguồn corpus:** [Báo Vĩnh Long](https://baovinhlong.com.vn/phong-su-anh/202606/chum-anh-ngam-dan-co-trang-tao-hinh-song-dong-o-chua-hang-24a6cff/); **nguồn bổ sung:** [nguồn chính thống/tham khảo](https://vinhlong.gov.vn/du-khach/di-tich-lich-su)
https://vinhlong.gov.vn/du-khach/di-tich-lich-su,docs/archive/bao_cao_chuyen_sau_dia_diem_le_hoi_van_hoa_vl_tv_bt.md,114,research_report,- **Nguồn corpus:** [Báo Vĩnh Long](https://baovinhlong.com.vn/phong-su-anh/202606/chum-anh-ngam-dan-co-trang-tao-hinh-song-dong-o-chua-hang-24a6cff/); **nguồn bổ sung:** [nguồn chính thống/tham khảo](https://vinhlong.gov.vn/du-khach/di-tich-lich-su)
https://baovinhlong.com.vn/van-hoa-giai-tri/202605/hang-may-anh-canon-chon-bien-ba-dong-to-chuc-hoi-thaochia-se-ve-kien-thuc-nhiep-anh-d191781/,docs/archive/bao_cao_chuyen_sau_dia_diem_le_hoi_van_hoa_vl_tv_bt.md,124,research_report,- **Nguồn corpus:** [Báo Vĩnh Long](https://baovinhlong.com.vn/van-hoa-giai-tri/202605/hang-may-anh-canon-chon-bien-ba-dong-to-chuc-hoi-thaochia-se-ve-kien-thuc-nhiep-anh-d191781/); **nguồn bổ sung:** [nguồn chính thống/tham khảo](https://vietnamtourism.gov.vn/post/38054)
https://vietnamtourism.gov.vn/post/38054,docs/archive/bao_cao_chuyen_sau_dia_diem_le_hoi_van_hoa_vl_tv_bt.md,124,research_report,- **Nguồn corpus:** [Báo Vĩnh Long](https://baovinhlong.com.vn/van-hoa-giai-tri/202605/hang-may-anh-canon-chon-bien-ba-dong-to-chuc-hoi-thaochia-se-ve-kien-thuc-nhiep-anh-d191781/); **nguồn bổ sung:** [nguồn chính thống/tham khảo](https://vietnamtourism.gov.vn/post/38054)
https://baovinhlong.com.vn/xa-hoi/du-lich/202512/cong-nhan-bao-tang-dua-sap-tra-vinh-diem-du-lich-tieu-bieu-dbscl-52d0937/,docs/archive/bao_cao_chuyen_sau_dia_diem_le_hoi_van_hoa_vl_tv_bt.md,134,research_report,- **Nguồn corpus:** [Báo Vĩnh Long](https://baovinhlong.com.vn/xa-hoi/du-lich/202512/cong-nhan-bao-tang-dua-sap-tra-vinh-diem-du-lich-tieu-bieu-dbscl-52d0937/); **nguồn bổ sung:** [nguồn chính thống/tham khảo](https://vinhlong.gov.vn/LinkClick.aspx?fileticket=xVhEJJDndl0%3D&mid=10814&portalid=0&tabid=63)
https://vinhlong.gov.vn/LinkClick.aspx?fileticket=xVhEJJDndl0%3D&mid=10814&portalid=0&tabid=63,docs/archive/bao_cao_chuyen_sau_dia_diem_le_hoi_van_hoa_vl_tv_bt.md,134,research_report,- **Nguồn corpus:** [Báo Vĩnh Long](https://baovinhlong.com.vn/xa-hoi/du-lich/202512/cong-nhan-bao-tang-dua-sap-tra-vinh-diem-du-lich-tieu-bieu-dbscl-52d0937/); **nguồn bổ sung:** [nguồn chính thống/tham khảo](https://vinhlong.gov.vn/LinkClick.aspx?fileticket=xVhEJJDndl0%3D&mid=10814&portalid=0&tabid=63)
https://baovinhlong.com.vn/phong-su-anh/202511/dac-sac-dem-hoi-ok-om-bok-4aa14cb/,docs/archive/bao_cao_chuyen_sau_dia_diem_le_hoi_van_hoa_vl_tv_bt.md,144,research_report,- **Nguồn corpus:** [Báo Vĩnh Long](https://baovinhlong.com.vn/phong-su-anh/202511/dac-sac-dem-hoi-ok-om-bok-4aa14cb/); **nguồn bổ sung:** [nguồn chính thống/tham khảo](https://vietnamtourism.gov.vn/post/15419)
https://vietnamtourism.gov.vn/post/15419,docs/archive/bao_cao_chuyen_sau_dia_diem_le_hoi_van_hoa_vl_tv_bt.md,144,research_report,- **Nguồn corpus:** [Báo Vĩnh Long](https://baovinhlong.com.vn/phong-su-anh/202511/dac-sac-dem-hoi-ok-om-bok-4aa14cb/); **nguồn bổ sung:** [nguồn chính thống/tham khảo](https://vietnamtourism.gov.vn/post/15419)
https://baovinhlong.com.vn/phong-su-anh/202603/di-san-van-hoa-phi-vat-the-quoc-gia-le-hoi-nguyen-tieu-b955ae0/,docs/archive/bao_cao_chuyen_sau_dia_diem_le_hoi_van_hoa_vl_tv_bt.md,154,research_report,- **Nguồn corpus:** [Báo Vĩnh Long](https://baovinhlong.com.vn/phong-su-anh/202603/di-san-van-hoa-phi-vat-the-quoc-gia-le-hoi-nguyen-tieu-b955ae0/); **nguồn bổ sung:** [nguồn chính thống/tham khảo](https://vinhlong.gov.vn/du-khach/di-tich-lich-su)
https://vinhlong.gov.vn/du-khach/di-tich-lich-su,docs/archive/bao_cao_chuyen_sau_dia_diem_le_hoi_van_hoa_vl_tv_bt.md,154,research_report,- **Nguồn corpus:** [Báo Vĩnh Long](https://baovinhlong.com.vn/phong-su-anh/202603/di-san-van-hoa-phi-vat-the-quoc-gia-le-hoi-nguyen-tieu-b955ae0/); **nguồn bổ sung:** [nguồn chính thống/tham khảo](https://vinhlong.gov.vn/du-khach/di-tich-lich-su)
https://baovinhlong.com.vn/xa-hoi/202509/khai-mac-tuan-le-vu-lan-thang-hoi-tai-xa-cau-ke-f3306db/,docs/archive/bao_cao_chuyen_sau_dia_diem_le_hoi_van_hoa_vl_tv_bt.md,164,research_report,- **Nguồn corpus:** [Báo Vĩnh Long](https://baovinhlong.com.vn/xa-hoi/202509/khai-mac-tuan-le-vu-lan-thang-hoi-tai-xa-cau-ke-f3306db/)
https://baovinhlong.com.vn/xa-hoi/du-lich/202604/ra-mat-chi-hoi-du-lich-xa-phu-tuc-d5b32f7/,docs/archive/bao_cao_chuyen_sau_dia_diem_le_hoi_van_hoa_vl_tv_bt.md,174,research_report,- **Nguồn corpus:** [Báo Vĩnh Long](https://baovinhlong.com.vn/xa-hoi/du-lich/202604/ra-mat-chi-hoi-du-lich-xa-phu-tuc-d5b32f7/); **nguồn bổ sung:** [nguồn chính thống/tham khảo](https://vietnamtourism.vn/index.php/tourism/items/1655)
https://vietnamtourism.vn/index.php/tourism/items/1655,docs/archive/bao_cao_chuyen_sau_dia_diem_le_hoi_van_hoa_vl_tv_bt.md,174,research_report,- **Nguồn corpus:** [Báo Vĩnh Long](https://baovinhlong.com.vn/xa-hoi/du-lich/202604/ra-mat-chi-hoi-du-lich-xa-phu-tuc-d5b32f7/); **nguồn bổ sung:** [nguồn chính thống/tham khảo](https://vietnamtourism.vn/index.php/tourism/items/1655)
https://baovinhlong.com.vn/xa-hoi/du-lich/202604/phu-tuc-khai-thac-loi-the-tiem-nang-du-lich-xanh-24909d2/,docs/archive/bao_cao_chuyen_sau_dia_diem_le_hoi_van_hoa_vl_tv_bt.md,184,research_report,- **Nguồn corpus:** [Báo Vĩnh Long](https://baovinhlong.com.vn/xa-hoi/du-lich/202604/phu-tuc-khai-thac-loi-the-tiem-nang-du-lich-xanh-24909d2/)
https://baovinhlong.com.vn/van-hoa-giai-tri/202604/ra-mat-xom-nghe-lan-vuong-phuc-vu-du-khach-trai-nghiem-dip-le-304-va-15-c942616/,docs/archive/bao_cao_chuyen_sau_dia_diem_le_hoi_van_hoa_vl_tv_bt.md,194,research_report,- **Nguồn corpus:** [Báo Vĩnh Long](https://baovinhlong.com.vn/van-hoa-giai-tri/202604/ra-mat-xom-nghe-lan-vuong-phuc-vu-du-khach-trai-nghiem-dip-le-304-va-15-c942616/)
https://baovinhlong.com.vn/xa-hoi/202510/kien-tao-khong-gian-dac-trung-lang-van-hoa-du-lich-cho-lach-33703b3/,docs/archive/bao_cao_chuyen_sau_dia_diem_le_hoi_van_hoa_vl_tv_bt.md,204,research_report,- **Nguồn corpus:** [Báo Vĩnh Long](https://baovinhlong.com.vn/xa-hoi/202510/kien-tao-khong-gian-dac-trung-lang-van-hoa-du-lich-cho-lach-33703b3/); **nguồn bổ sung:** [nguồn chính thống/tham khảo](https://vietnamtourism.gov.vn/post/45347)
https://vietnamtourism.gov.vn/post/45347,docs/archive/bao_cao_chuyen_sau_dia_diem_le_hoi_van_hoa_vl_tv_bt.md,204,research_report,- **Nguồn corpus:** [Báo Vĩnh Long](https://baovinhlong.com.vn/xa-hoi/202510/kien-tao-khong-gian-dac-trung-lang-van-hoa-du-lich-cho-lach-33703b3/); **nguồn bổ sung:** [nguồn chính thống/tham khảo](https://vietnamtourism.gov.vn/post/45347)
https://baovinhlong.com.vn/kinh-te/thuong-mai-dich-vu/202606/khai-mac-tuan-le-van-hoa-du-lich-am-thuc-banh-dan-gian-nam-bo-vi-ngon-xu-dua-phuong-an-hoi-ce310af/,docs/archive/bao_cao_chuyen_sau_dia_diem_le_hoi_van_hoa_vl_tv_bt.md,214,research_report,- **Nguồn corpus:** [Báo Vĩnh Long](https://baovinhlong.com.vn/kinh-te/thuong-mai-dich-vu/202606/khai-mac-tuan-le-van-hoa-du-lich-am-thuc-banh-dan-gian-nam-bo-vi-ngon-xu-dua-phuong-an-hoi-ce310af/); **nguồn bổ sung:** [nguồn chính thống/tham khảo](https://vietnamtourism.gov.vn/post/62273)
https://vietnamtourism.gov.vn/post/62273,docs/archive/bao_cao_chuyen_sau_dia_diem_le_hoi_van_hoa_vl_tv_bt.md,214,research_report,- **Nguồn corpus:** [Báo Vĩnh Long](https://baovinhlong.com.vn/kinh-te/thuong-mai-dich-vu/202606/khai-mac-tuan-le-van-hoa-du-lich-am-thuc-banh-dan-gian-nam-bo-vi-ngon-xu-dua-phuong-an-hoi-ce310af/); **nguồn bổ sung:** [nguồn chính thống/tham khảo](https://vietnamtourism.gov.vn/post/62273)
https://baovinhlong.com.vn/van-hoa-giai-tri/202604/he-soi-dong-voi-canh-dong-dieu-o-ba-tri-242433c/,docs/archive/bao_cao_chuyen_sau_dia_diem_le_hoi_van_hoa_vl_tv_bt.md,224,research_report,- **Nguồn corpus:** [Báo Vĩnh Long](https://baovinhlong.com.vn/van-hoa-giai-tri/202604/he-soi-dong-voi-canh-dong-dieu-o-ba-tri-242433c/)
https://vinhlong.gov.vn/du-khach/di-tich-lich-su,docs/archive/bao_cao_chuyen_sau_dia_diem_le_hoi_van_hoa_vl_tv_bt.md,234,research_report,- **Nguồn corpus:** Không có một bài đơn lẻ; tổng hợp từ corpus 194 bài.; **nguồn bổ sung:** [nguồn chính thống/tham khảo](https://vinhlong.gov.vn/du-khach/di-tich-lich-su)
https://baovinhlong.com.vn/van-hoa-giai-tri/202512/50-hoc-vien-du-tap-huan-bao-ton-phat-huy-gia-tri-nghe-thuat-mua-ro-bam-gan-voi-phat-trien-du-lich-f4b2c97/,docs/archive/bao_cao_chuyen_sau_dia_diem_le_hoi_van_hoa_vl_tv_bt.md,244,research_report,- **Nguồn corpus:** [Báo Vĩnh Long](https://baovinhlong.com.vn/van-hoa-giai-tri/202512/50-hoc-vien-du-tap-huan-bao-ton-phat-huy-gia-tri-nghe-thuat-mua-ro-bam-gan-voi-phat-trien-du-lich-f4b2c97/); **nguồn bổ sung:** [nguồn chính thống/tham khảo](https://vinhlong.gov.vn/du-khach/le-hoi-truyen-thong)
https://vinhlong.gov.vn/du-khach/le-hoi-truyen-thong,docs/archive/bao_cao_chuyen_sau_dia_diem_le_hoi_van_hoa_vl_tv_bt.md,244,research_report,- **Nguồn corpus:** [Báo Vĩnh Long](https://baovinhlong.com.vn/van-hoa-giai-tri/202512/50-hoc-vien-du-tap-huan-bao-ton-phat-huy-gia-tri-nghe-thuat-mua-ro-bam-gan-voi-phat-trien-du-lich-f4b2c97/); **nguồn bổ sung:** [nguồn chính thống/tham khảo](https://vinhlong.gov.vn/du-khach/le-hoi-truyen-thong)
https://baovinhlong.com.vn/van-hoa-giai-tri/202602/sac-mau-ban-do-am-thuc-vinh-long-c4f07a9/,docs/archive/bao_cao_chuyen_sau_dia_diem_le_hoi_van_hoa_vl_tv_bt.md,254,research_report,- **Nguồn corpus:** [Báo Vĩnh Long](https://baovinhlong.com.vn/van-hoa-giai-tri/202602/sac-mau-ban-do-am-thuc-vinh-long-c4f07a9/)
https://vinhlong.gov.vn/du-khach/%C4%91iem-du-lich,docs/archive/bao_cao_chuyen_sau_dia_diem_le_hoi_van_hoa_vl_tv_bt.md,359,research_report,- [Cổng thông tin Vĩnh Long - Điểm du lịch/Cù lao An Bình](https://vinhlong.gov.vn/du-khach/%C4%91iem-du-lich)
https://vinhlong.gov.vn/du-khach/le-hoi-truyen-thong,docs/archive/bao_cao_chuyen_sau_dia_diem_le_hoi_van_hoa_vl_tv_bt.md,360,research_report,- [Cổng thông tin Vĩnh Long - Lễ hội truyền thống](https://vinhlong.gov.vn/du-khach/le-hoi-truyen-thong)
https://vinhlong.gov.vn/du-khach/di-tich-lich-su,docs/archive/bao_cao_chuyen_sau_dia_diem_le_hoi_van_hoa_vl_tv_bt.md,361,research_report,- [Cổng thông tin Vĩnh Long - Di tích lịch sử](https://vinhlong.gov.vn/du-khach/di-tich-lich-su)
https://vinhlong.gov.vn/LinkClick.aspx?fileticket=6imoU-cmqnY%3D&mid=10814&portalid=0&tabid=63,docs/archive/bao_cao_chuyen_sau_dia_diem_le_hoi_van_hoa_vl_tv_bt.md,362,research_report,- [PDF Lăng Ông Tiền quân Thống chế Điều bát Nguyễn Văn Tồn](https://vinhlong.gov.vn/LinkClick.aspx?fileticket=6imoU-cmqnY%3D&mid=10814&portalid=0&tabid=63)
https://vinhlong.gov.vn/LinkClick.aspx?fileticket=xVhEJJDndl0%3D&mid=10814&portalid=0&tabid=63,docs/archive/bao_cao_chuyen_sau_dia_diem_le_hoi_van_hoa_vl_tv_bt.md,363,research_report,- [PDF Bảo tàng Dừa sáp Trà Vinh](https://vinhlong.gov.vn/LinkClick.aspx?fileticket=xVhEJJDndl0%3D&mid=10814&portalid=0&tabid=63)
https://vietnamtourism.gov.vn/post/60328,docs/archive/bao_cao_chuyen_sau_dia_diem_le_hoi_van_hoa_vl_tv_bt.md,364,research_report,- [Cục Du lịch Quốc gia - Ao Bà Om](https://vietnamtourism.gov.vn/post/60328)
https://vietnamtourism.gov.vn/post/38054,docs/archive/bao_cao_chuyen_sau_dia_diem_le_hoi_van_hoa_vl_tv_bt.md,365,research_report,- [Cục Du lịch Quốc gia - Biển Ba Động](https://vietnamtourism.gov.vn/post/38054)
https://vietnamtourism.gov.vn/post/15419,docs/archive/bao_cao_chuyen_sau_dia_diem_le_hoi_van_hoa_vl_tv_bt.md,366,research_report,- [Cục Du lịch Quốc gia - Ok Om Bok](https://vietnamtourism.gov.vn/post/15419)
https://vietnamtourism.vn/index.php/tourism/items/1655,docs/archive/bao_cao_chuyen_sau_dia_diem_le_hoi_van_hoa_vl_tv_bt.md,367,research_report,- [Cục Du lịch Quốc gia - Cồn Phụng](https://vietnamtourism.vn/index.php/tourism/items/1655)
https://vietnamtourism.gov.vn/post/62273,docs/archive/bao_cao_chuyen_sau_dia_diem_le_hoi_van_hoa_vl_tv_bt.md,368,research_report,- [Cục Du lịch Quốc gia - Du lịch xứ Dừa Bến Tre](https://vietnamtourism.gov.vn/post/62273)
https://vietnamtourism.gov.vn/post/45347,docs/archive/bao_cao_chuyen_sau_dia_diem_le_hoi_van_hoa_vl_tv_bt.md,369,research_report,- [Cục Du lịch Quốc gia - Chợ Lách phát triển du lịch](https://vietnamtourism.gov.vn/post/45347)
https://baovinhlong.com.vn/xa-hoi/du-lich/202602/song-nuoc-miet-vuon-an-binh-giu-chan-du-khach-c180357/,docs/archive/bao_cao_chuyen_sau_dia_diem_le_hoi_van_hoa_vl_tv_bt.md,375,research_report,- [Sông nước miệt vườn An Bình giữ chân du khách](https://baovinhlong.com.vn/xa-hoi/du-lich/202602/song-nuoc-miet-vuon-an-binh-giu-chan-du-khach-c180357/)
https://baovinhlong.com.vn/phong-su-ky-su/202604/phat-trien-san-pham-du-lich-dac-thu-tu-lang-nghe-gach-gom-7f54c8b/,docs/archive/bao_cao_chuyen_sau_dia_diem_le_hoi_van_hoa_vl_tv_bt.md,376,research_report,"- [Phát triển sản phẩm du lịch đặc thù từ làng nghề gạch, gốm](https://baovinhlong.com.vn/phong-su-ky-su/202604/phat-trien-san-pham-du-lich-dac-thu-tu-lang-nghe-gach-gom-7f54c8b/)"
https://baovinhlong.com.vn/xa-hoi/du-lich/202604/vinh-long-ban-hanh-bo-tieu-chi-du-lich-xanh-ae52034/,docs/archive/bao_cao_chuyen_sau_dia_diem_le_hoi_van_hoa_vl_tv_bt.md,377,research_report,- [Vĩnh Long ban hành Bộ tiêu chí du lịch xanh](https://baovinhlong.com.vn/xa-hoi/du-lich/202604/vinh-long-ban-hanh-bo-tieu-chi-du-lich-xanh-ae52034/)
https://baovinhlong.com.vn/xa-hoi/du-lich/202501/to-chuc-lai-khong-gian-phat-trien-du-lich-939670e/,docs/archive/bao_cao_chuyen_sau_dia_diem_le_hoi_van_hoa_vl_tv_bt.md,378,research_report,- [Tổ chức lại không gian phát triển du lịch](https://baovinhlong.com.vn/xa-hoi/du-lich/202501/to-chuc-lai-khong-gian-phat-trien-du-lich-939670e/)
https://baovinhlong.com.vn/xa-hoi/du-lich/202602/song-nuoc-miet-vuon-an-binh-giu-chan-du-khach-c180357/,docs/archive/bao_cao_chuyen_sau_dia_diem_le_hoi_van_hoa_vl_tv_bt.md,379,research_report,- [Từ những dòng sông... mơ về du lịch bên dòng Cổ Chiên](https://baovinhlong.com.vn/xa-hoi/du-lich/202602/song-nuoc-miet-vuon-an-binh-giu-chan-du-khach-c180357/)
https://baovinhlong.com.vn/phong-su-anh/202602/thang-canh-ao-ba-om-thu-hut-khach-du-xuan-3db0b58/,docs/archive/bao_cao_chuyen_sau_dia_diem_le_hoi_van_hoa_vl_tv_bt.md,383,research_report,- [Thắng cảnh Ao Bà Om thu hút khách du xuân](https://baovinhlong.com.vn/phong-su-anh/202602/thang-canh-ao-ba-om-thu-hut-khach-du-xuan-3db0b58/)
https://baovinhlong.com.vn/xa-hoi/du-lich/202602/tren-16000-luot-khach-den-khu-du-lich-bien-ba-dong-dip-tet-0620e93/,docs/archive/bao_cao_chuyen_sau_dia_diem_le_hoi_van_hoa_vl_tv_bt.md,384,research_report,- [Trên 16.000 lượt khách đến Khu du lịch Biển Ba Động dịp Tết](https://baovinhlong.com.vn/xa-hoi/du-lich/202602/tren-16000-luot-khach-den-khu-du-lich-bien-ba-dong-dip-tet-0620e93/)
https://baovinhlong.com.vn/xa-hoi/du-lich/202512/cong-nhan-bao-tang-dua-sap-tra-vinh-diem-du-lich-tieu-bieu-dbscl-52d0937/,docs/archive/bao_cao_chuyen_sau_dia_diem_le_hoi_van_hoa_vl_tv_bt.md,385,research_report,- [Công nhận Bảo tàng dừa sáp Trà Vinh - điểm du lịch tiêu biểu ĐBSCL](https://baovinhlong.com.vn/xa-hoi/du-lich/202512/cong-nhan-bao-tang-dua-sap-tra-vinh-diem-du-lich-tieu-bieu-dbscl-52d0937/)
https://baovinhlong.com.vn/van-hoa-giai-tri/202605/ket-noi-gap-go-gan-40-doanh-nghiep-hoi-vien-du-lich-khu-vuc-tra-vinh-c3f3c46/,docs/archive/bao_cao_chuyen_sau_dia_diem_le_hoi_van_hoa_vl_tv_bt.md,386,research_report,"- [Kết nối, gặp gỡ gần 40 doanh nghiệp, hội viên du lịch khu vực Trà Vinh](https://baovinhlong.com.vn/van-hoa-giai-tri/202605/ket-noi-gap-go-gan-40-doanh-nghiep-hoi-vien-du-lich-khu-vuc-tra-vinh-c3f3c46/)"
https://baovinhlong.com.vn/xa-hoi/du-lich/202509/tuan-le-vu-lan-thang-hoi-dien-ra-tu-ngay-13-199-7fe1191/,docs/archive/bao_cao_chuyen_sau_dia_diem_le_hoi_van_hoa_vl_tv_bt.md,387,research_report,- [Tuần lễ Vu lan Thắng hội diễn ra từ ngày 13-19/9](https://baovinhlong.com.vn/xa-hoi/du-lich/202509/tuan-le-vu-lan-thang-hoi-dien-ra-tu-ngay-13-199-7fe1191/)
https://baovinhlong.com.vn/xa-hoi/du-lich/202604/ra-mat-chi-hoi-du-lich-xa-phu-tuc-d5b32f7/,docs/archive/bao_cao_chuyen_sau_dia_diem_le_hoi_van_hoa_vl_tv_bt.md,391,research_report,- [Ra mắt Chi hội Du lịch xã Phú Túc](https://baovinhlong.com.vn/xa-hoi/du-lich/202604/ra-mat-chi-hoi-du-lich-xa-phu-tuc-d5b32f7/)
https://baovinhlong.com.vn/xa-hoi/du-lich/202604/phu-tuc-khai-thac-loi-the-tiem-nang-du-lich-xanh-24909d2/,docs/archive/bao_cao_chuyen_sau_dia_diem_le_hoi_van_hoa_vl_tv_bt.md,392,research_report,- [Phú Túc khai thác lợi thế tiềm năng du lịch xanh](https://baovinhlong.com.vn/xa-hoi/du-lich/202604/phu-tuc-khai-thac-loi-the-tiem-nang-du-lich-xanh-24909d2/)
https://baovinhlong.com.vn/van-hoa-giai-tri/202604/ra-mat-xom-nghe-lan-vuong-phuc-vu-du-khach-trai-nghiem-dip-le-304-va-15-c942616/,docs/archive/bao_cao_chuyen_sau_dia_diem_le_hoi_van_hoa_vl_tv_bt.md,393,research_report,- [Ra mắt Xóm nghề Lan Vương phục vụ du khách](https://baovinhlong.com.vn/van-hoa-giai-tri/202604/ra-mat-xom-nghe-lan-vuong-phuc-vu-du-khach-trai-nghiem-dip-le-304-va-15-c942616/)
https://baovinhlong.com.vn/kinh-te/thuong-mai-dich-vu/202606/khai-mac-tuan-le-van-hoa-du-lich-am-thuc-banh-dan-gian-nam-bo-vi-ngon-xu-dua-phuong-an-hoi-ce310af/,docs/archive/bao_cao_chuyen_sau_dia_diem_le_hoi_van_hoa_vl_tv_bt.md,394,research_report,"- [Khai mạc Tuần lễ Văn hóa, Du lịch, Ẩm thực bánh dân gian Nam Bộ - Vị ngon xứ dừa phường An Hội](https://baovinhlong.com.vn/kinh-te/thuong-mai-dich-vu/202606/khai-mac-tuan-le-van-hoa-du-lich-am-thuc-banh-dan-gian-nam-bo-vi-ngon-xu-dua-phuong-an-hoi-ce310af/)"
https://baovinhlong.com.vn/kinh-te/202510/cho-lach-tap-trung-phat-trien-cac-lang-nghe-truyen-thong-gan-voi-du-lich-dec2d84/,docs/archive/bao_cao_chuyen_sau_dia_diem_le_hoi_van_hoa_vl_tv_bt.md,395,research_report,- [Chợ Lách tập trung phát triển các làng nghề truyền thống gắn với du lịch](https://baovinhlong.com.vn/kinh-te/202510/cho-lach-tap-trung-phat-trien-cac-lang-nghe-truyen-thong-gan-voi-du-lich-dec2d84/)
https://vinhlong.gov.vn/du-khach/%C4%91iem-du-lich,docs/archive/bao_cao_nghien_cuu_da_nguon_6_tang_vl_tv_bt.md,40,research_report,"- Cổng thông tin Vĩnh Long mô tả Cù lao An Bình là cù lao giữa sông Tiền, có vườn cây ăn trái, nhà vườn, nhà cổ và các điểm phục vụ du khách. Nguồn: https://vinhlong.gov.vn/du-khach/%C4%91iem-du-lich"
https://vinhlong.gov.vn/du-khach/%C4%91iem-du-lich,docs/archive/bao_cao_nghien_cuu_da_nguon_6_tang_vl_tv_bt.md,41,research_report,"- Cùng cổng này ghi nhận Văn Thánh Miếu Vĩnh Long là một trong các Văn Thánh Miếu quan trọng ở Nam Bộ, xây dựng thế kỷ XIX, gắn Phan Thanh Giản và Nguyễn Thông. Nguồn: https://vinhlong.gov.vn/du-khach/%C4%91iem-du-lich"
https://vinhlong.gov.vn/du-khach/le-hoi-truyen-thong,docs/archive/bao_cao_nghien_cuu_da_nguon_6_tang_vl_tv_bt.md,42,research_report,"- Cổng Vĩnh Long về lễ hội truyền thống cho thấy Kỳ Yên là cấu trúc lễ hội làng Nam Bộ với lễ thỉnh sắc, tế Thần Nông, Túc yết, Chánh tế, cúng Tiền hiền/Hậu hiền, hát bội. Nguồn: https://vinhlong.gov.vn/du-khach/le-hoi-truyen-thong"
https://vietnamtourism.vn/index.php/tourism/items/1655,docs/archive/bao_cao_nghien_cuu_da_nguon_6_tang_vl_tv_bt.md,43,research_report,"- Cục Du lịch Quốc gia xác nhận Cồn Phụng nằm ở Châu Thành, Bến Tre, có nghề thủ công từ dừa, trái cây, xe ngựa, đờn ca tài tử và di tích Đạo Dừa. Nguồn: https://vietnamtourism.vn/index.php/tourism/items/1655"
https://dsvh.gov.vn/nghe-thuat-ro-bam-cua-nguoi-khmer-o-soc-trang-3123,docs/archive/bao_cao_nghien_cuu_da_nguon_6_tang_vl_tv_bt.md,44,research_report,- Cục Di sản xác nhận Rô-băm ở Sóc Trăng và Trà Vinh là loại hình sân khấu Khmer bản địa hóa trong môi trường Nam Bộ. Nguồn: https://dsvh.gov.vn/nghe-thuat-ro-bam-cua-nguoi-khmer-o-soc-trang-3123
https://www.vietnamplus.vn/mang-thit-tu-lang-nghe-tram-nam-toi-diem-den-du-lich-doc-dao-post1100389.vnp,docs/archive/bao_cao_nghien_cuu_da_nguon_6_tang_vl_tv_bt.md,54,research_report,"- Mang Thít được nhắc lặp lại như “vương quốc gạch gốm”, từ làng nghề trăm năm chuyển sang điểm đến văn hóa - du lịch. VietnamPlus và VOV đều có bài riêng về hướng hồi sinh/du lịch hóa. Nguồn: https://www.vietnamplus.vn/mang-thit-tu-lang-nghe-tram-nam-toi-diem-den-du-lich-doc-dao-post1100389.vnp và https://vov.vn/du-lich/lo-gach-mang-thit-vuong-quoc-gach-gom-hoi-sinh-thanh-diem-du-lich-hap-dan-post1228814.vov"
https://vov.vn/du-lich/lo-gach-mang-thit-vuong-quoc-gach-gom-hoi-sinh-thanh-diem-du-lich-hap-dan-post1228814.vov,docs/archive/bao_cao_nghien_cuu_da_nguon_6_tang_vl_tv_bt.md,54,research_report,"- Mang Thít được nhắc lặp lại như “vương quốc gạch gốm”, từ làng nghề trăm năm chuyển sang điểm đến văn hóa - du lịch. VietnamPlus và VOV đều có bài riêng về hướng hồi sinh/du lịch hóa. Nguồn: https://www.vietnamplus.vn/mang-thit-tu-lang-nghe-tram-nam-toi-diem-den-du-lich-doc-dao-post1100389.vnp và https://vov.vn/du-lich/lo-gach-mang-thit-vuong-quoc-gach-gom-hoi-sinh-thanh-diem-du-lich-hap-dan-post1228814.vov"
https://www.vietnamplus.vn/tra-vinh-dac-sac-dem-le-hoi-ok-om-bok-cua-dong-bao-khmer-post993712.vnp,docs/archive/bao_cao_nghien_cuu_da_nguon_6_tang_vl_tv_bt.md,55,research_report,"- Ok Om Bok không chỉ là lễ hội, mà đã được tổ chức như tuần lễ văn hóa - du lịch - ẩm thực - OCOP. Nguồn: https://www.vietnamplus.vn/tra-vinh-dac-sac-dem-le-hoi-ok-om-bok-cua-dong-bao-khmer-post993712.vnp"
https://www.vietnamplus.vn/du-lich-ben-tre-nhieu-tin-hieu-tich-cuc-trong-nua-dau-nam-2024-post964743.vnp,docs/archive/bao_cao_nghien_cuu_da_nguon_6_tang_vl_tv_bt.md,56,research_report,"- Bến Tre được báo chí mô tả qua trải nghiệm sông nước, kẹo dừa, dệt chiếu, Chợ Lách và famtrip quốc tế. Nguồn: https://www.vietnamplus.vn/du-lich-ben-tre-nhieu-tin-hieu-tich-cuc-trong-nua-dau-nam-2024-post964743.vnp"
https://www.vietnamplus.vn/ben-tre-thu-hut-du-khach-den-voi-vung-dat-4-mua-sung-tuc-dat-lanh-chim-dau-post965002.vnp,docs/archive/bao_cao_nghien_cuu_da_nguon_6_tang_vl_tv_bt.md,57,research_report,"- Chợ Lách đã có bộ nhận diện Làng Văn hóa Du lịch, gắn 4 xã và diện tích gần 1.500 ha trong bài VietnamPlus. Nguồn: https://www.vietnamplus.vn/ben-tre-thu-hut-du-khach-den-voi-vung-dat-4-mua-sung-tuc-dat-lanh-chim-dau-post965002.vnp"
https://ojs.tapchicongthuong.vn/vi/ojs-post/le-hoi-ok-om-bok-cua-nguoi-khmer--tinh-tra-vinh--trong-phat-trien-du-lich-72737.htm,docs/archive/bao_cao_nghien_cuu_da_nguon_6_tang_vl_tv_bt.md,67,research_report,"- Ok Om Bok có giá trị tâm linh và du lịch, nhưng để khai thác cần cải thiện sản phẩm, kênh quảng bá và hoạt động du lịch tại lễ hội. Nguồn: https://ojs.tapchicongthuong.vn/vi/ojs-post/le-hoi-ok-om-bok-cua-nguoi-khmer--tinh-tra-vinh--trong-phat-trien-du-lich-72737.htm"
https://tapchicongthuong.vn/du-lich-va-cong-tac-bao-ton-di-san-van-hoa-khmer-nam-bo-tai-tra-vinh-bai-hoc-kinh-nghiem-tu-cac-quoc-gia-76425.htm,docs/archive/bao_cao_nghien_cuu_da_nguon_6_tang_vl_tv_bt.md,68,research_report,- Bảo tồn văn hóa Khmer cần đóng gói theo combo sản phẩm thay vì các điểm rời rạc. Nguồn: https://tapchicongthuong.vn/du-lich-va-cong-tac-bao-ton-di-san-van-hoa-khmer-nam-bo-tai-tra-vinh-bai-hoc-kinh-nghiem-tu-cac-quoc-gia-76425.htm
https://tapchicongthuong.vn/giai-phap-phat-trien-du-lich-trai-nghiem-tai-cu-lao-an-binh--tinh-vinh-long-89488.htm,docs/archive/bao_cao_nghien_cuu_da_nguon_6_tang_vl_tv_bt.md,69,research_report,"- Cù lao An Bình có nền tảng nghiên cứu về du lịch trải nghiệm và du lịch sinh thái, xác nhận đây không chỉ là điểm tham quan vườn mà có thể phát triển dựa trên trải nghiệm sống chậm, sông nước, homestay, nhà vườn. Nguồn: https://tapchicongthuong.vn/giai-phap-phat-trien-du-lich-trai-nghiem-tai-cu-lao-an-binh--tinh-vinh-long-89488.htm và https://journal.hcmue.edu.vn/index.php/hcmuejos/article/view/3250"
https://journal.hcmue.edu.vn/index.php/hcmuejos/article/view/3250,docs/archive/bao_cao_nghien_cuu_da_nguon_6_tang_vl_tv_bt.md,69,research_report,"- Cù lao An Bình có nền tảng nghiên cứu về du lịch trải nghiệm và du lịch sinh thái, xác nhận đây không chỉ là điểm tham quan vườn mà có thể phát triển dựa trên trải nghiệm sống chậm, sông nước, homestay, nhà vườn. Nguồn: https://tapchicongthuong.vn/giai-phap-phat-trien-du-lich-trai-nghiem-tai-cu-lao-an-binh--tinh-vinh-long-89488.htm và https://journal.hcmue.edu.vn/index.php/hcmuejos/article/view/3250"
https://www.researchgate.net/publication/395950672_Lang_nghe_gach_gom_Mang_Thit_tu_Di_san_Van_hoa_den_San_pham_Du_lich_dac_thu,docs/archive/bao_cao_nghien_cuu_da_nguon_6_tang_vl_tv_bt.md,70,research_report,"- Mang Thít nên phát triển theo mô hình tích hợp bảo tồn di sản, cộng đồng và sáng tạo sản phẩm mới, không chỉ chụp ảnh lò gạch. Nguồn: https://www.researchgate.net/publication/395950672_Lang_nghe_gach_gom_Mang_Thit_tu_Di_san_Van_hoa_den_San_pham_Du_lich_dac_thu"
https://saigontourist.net/services/tour-1-ngay-ve-mien-dat-cu-lao-kham-pha-con-thoi-son-con-phung-3132,docs/archive/bao_cao_nghien_cuu_da_nguon_6_tang_vl_tv_bt.md,80,research_report,"- Saigontourist có tour 1 ngày Thới Sơn - Cồn Phụng, có giá và dịch vụ bao gồm: đò, xuồng chèo, nước dừa, bữa trưa, trái cây, trà mật ong, đờn ca tài tử, hướng dẫn viên. Nguồn: https://saigontourist.net/services/tour-1-ngay-ve-mien-dat-cu-lao-kham-pha-con-thoi-son-con-phung-3132"
https://www.saigontourist.net/tour/ben-tre-tra-vinh-vinh-long-dong-thap-tien-giang-2369,docs/archive/bao_cao_nghien_cuu_da_nguon_6_tang_vl_tv_bt.md,81,research_report,"- Saigontourist cũng có tour liên vùng Bến Tre - Trà Vinh - Vĩnh Long - Đồng Tháp - Tiền Giang, trong đó có Bảo tàng Dừa sáp Trà Vinh, Ao Bà Om, chùa Âng, Mang Thít. Nguồn: https://www.saigontourist.net/tour/ben-tre-tra-vinh-vinh-long-dong-thap-tien-giang-2369"
https://travel.com.vn/du-lich-con-phung,docs/archive/bao_cao_nghien_cuu_da_nguon_6_tang_vl_tv_bt.md,82,research_report,"- Vietravel có các trang/tour về Cồn Phụng, Bến Tre và Cù lao An Bình, cho thấy thông điệp “sông nước - sinh thái - làng nghề” đã quen thuộc với thị trường. Nguồn: https://travel.com.vn/du-lich-con-phung và https://travel.com.vn/du-lich-cu-lao-an-binh"
https://travel.com.vn/du-lich-cu-lao-an-binh,docs/archive/bao_cao_nghien_cuu_da_nguon_6_tang_vl_tv_bt.md,82,research_report,"- Vietravel có các trang/tour về Cồn Phụng, Bến Tre và Cù lao An Bình, cho thấy thông điệp “sông nước - sinh thái - làng nghề” đã quen thuộc với thị trường. Nguồn: https://travel.com.vn/du-lich-con-phung và https://travel.com.vn/du-lich-cu-lao-an-binh"
https://www.klook.com/en-US/destination/p50293803-c%E1%BB%93n-ph%E1%BB%A5ng/,docs/archive/bao_cao_nghien_cuu_da_nguon_6_tang_vl_tv_bt.md,83,research_report,"- Klook phản ánh nhu cầu khách quốc tế với tour Mekong/coconut village; review nhấn mạnh trải nghiệm kẹo dừa, cộng đồng địa phương và vận hành tour. Nguồn: https://www.klook.com/en-US/destination/p50293803-c%E1%BB%93n-ph%E1%BB%A5ng/"
https://baovinhlong.com.vn/xa-hoi/du-lich/202502/tam-giacket-noi-tour-du-lich-ben-tre-tra-vinh-vinh-long-1ca37b2/,docs/archive/bao_cao_nghien_cuu_van_hoa_du_lich_vinh_long_tra_vinh_ben_tre_2025_2026.md,57,research_report,"Các bài như [“Tam giác” kết nối tour du lịch Bến Tre- Trà Vinh - Vĩnh Long](https://baovinhlong.com.vn/xa-hoi/du-lich/202502/tam-giacket-noi-tour-du-lich-ben-tre-tra-vinh-vinh-long-1ca37b2/), [Điểm nhấn hấp dẫn du lịch đường thủy](https://baovinhlong.com.vn/xa-hoi/du-lich/202603/diem-nhan-hap-dan-du-lich-duong-thuy-28331ea/), [Phát huy tiềm năng, lợi thế đưa du lịch tỉnh phát triển](https://baovinhlong.com.vn/xa-hoi/du-lich/202604/phat-huy-tiem-nang-loi-the-dua-du-lich-tinh-phat-trien-34f44d2/) "
https://baovinhlong.com.vn/xa-hoi/du-lich/202603/diem-nhan-hap-dan-du-lich-duong-thuy-28331ea/,docs/archive/bao_cao_nghien_cuu_van_hoa_du_lich_vinh_long_tra_vinh_ben_tre_2025_2026.md,57,research_report,"Các bài như [“Tam giác” kết nối tour du lịch Bến Tre- Trà Vinh - Vĩnh Long](https://baovinhlong.com.vn/xa-hoi/du-lich/202502/tam-giacket-noi-tour-du-lich-ben-tre-tra-vinh-vinh-long-1ca37b2/), [Điểm nhấn hấp dẫn du lịch đường thủy](https://baovinhlong.com.vn/xa-hoi/du-lich/202603/diem-nhan-hap-dan-du-lich-duong-thuy-28331ea/), [Phát huy tiềm năng, lợi thế đưa du lịch tỉnh phát triển](https://baovinhlong.com.vn/xa-hoi/du-lich/202604/phat-huy-tiem-nang-loi-the-dua-du-lich-tinh-phat-trien-34f44d2/) "
https://baovinhlong.com.vn/xa-hoi/du-lich/202604/phat-huy-tiem-nang-loi-the-dua-du-lich-tinh-phat-trien-34f44d2/,docs/archive/bao_cao_nghien_cuu_van_hoa_du_lich_vinh_long_tra_vinh_ben_tre_2025_2026.md,57,research_report,"Các bài như [“Tam giác” kết nối tour du lịch Bến Tre- Trà Vinh - Vĩnh Long](https://baovinhlong.com.vn/xa-hoi/du-lich/202502/tam-giacket-noi-tour-du-lich-ben-tre-tra-vinh-vinh-long-1ca37b2/), [Điểm nhấn hấp dẫn du lịch đường thủy](https://baovinhlong.com.vn/xa-hoi/du-lich/202603/diem-nhan-hap-dan-du-lich-duong-thuy-28331ea/), [Phát huy tiềm năng, lợi thế đưa du lịch tỉnh phát triển](https://baovinhlong.com.vn/xa-hoi/du-lich/202604/phat-huy-tiem-nang-loi-the-dua-du-lich-tinh-phat-trien-34f44d2/) "
https://baovinhlong.com.vn/xa-hoi/du-lich/202511/day-manh-lien-ket-trong-phat-trien-du-lich-f2c40b6/,docs/archive/bao_cao_nghien_cuu_van_hoa_du_lich_vinh_long_tra_vinh_ben_tre_2025_2026.md,57,research_report,"Các bài như [“Tam giác” kết nối tour du lịch Bến Tre- Trà Vinh - Vĩnh Long](https://baovinhlong.com.vn/xa-hoi/du-lich/202502/tam-giacket-noi-tour-du-lich-ben-tre-tra-vinh-vinh-long-1ca37b2/), [Điểm nhấn hấp dẫn du lịch đường thủy](https://baovinhlong.com.vn/xa-hoi/du-lich/202603/diem-nhan-hap-dan-du-lich-duong-thuy-28331ea/), [Phát huy tiềm năng, lợi thế đưa du lịch tỉnh phát triển](https://baovinhlong.com.vn/xa-hoi/du-lich/202604/phat-huy-tiem-nang-loi-the-dua-du-lich-tinh-phat-trien-34f44d2/) "
https://baovinhlong.com.vn/xa-hoi/du-lich/202602/song-nuoc-miet-vuon-an-binh-giu-chan-du-khach-c180357/,docs/archive/bao_cao_nghien_cuu_van_hoa_du_lich_vinh_long_tra_vinh_ben_tre_2025_2026.md,86,research_report,"- **Cù lao An Bình - Long Hồ:** được nhắc qua các bài về miệt vườn, khách du lịch Long Hồ tăng, trải nghiệm sông nước, homestay và du lịch cộng đồng. Bài [Sông nước miệt vườn An Bình giữ chân du khách](https://baovinhlong.com.vn/xa-hoi/du-lich/202602/song-nuoc-miet-vuon-an-binh-giu-chan-du-khach-c180357/) cho thấy An Bình là điểm neo cảm xúc: sông, vườn, khí hậu, trái cây, giao thông thủy bộ và trải nghiệm Tây Nam Bộ."
https://baovinhlong.com.vn/phong-su-ky-su/202604/phat-trien-san-pham-du-lich-dac-thu-tu-lang-nghe-gach-gom-7f54c8b/,docs/archive/bao_cao_nghien_cuu_van_hoa_du_lich_vinh_long_tra_vinh_ben_tre_2025_2026.md,87,research_report,"- **Khu lò gạch, gốm Mang Thít:** là tài sản có khả năng chuyển hóa từ sản xuất truyền thống thành không gian di sản đương đại. Các bài [Phát triển sản phẩm du lịch đặc thù từ làng nghề gạch, gốm](https://baovinhlong.com.vn/phong-su-ky-su/202604/phat-trien-san-pham-du-lich-dac-thu-tu-lang-nghe-gach-gom-7f54c8b/), [Khảo sát thực tế Khu lò gạch, gốm Mang Thít và các điểm du lịch](https://baovinhlong.com.vn/xa-hoi/du-lich/202604/pho-bi-thu-tinh-uy-chu-tich-ubnd-tinh-tran-tri-quang-khao-sat-thuc-te-"
https://baovinhlong.com.vn/xa-hoi/du-lich/202604/pho-bi-thu-tinh-uy-chu-tich-ubnd-tinh-tran-tri-quang-khao-sat-thuc-te-khu-lo-gach-gom-mang-thit-va-cac-diem-du-lich-3524beb/,docs/archive/bao_cao_nghien_cuu_van_hoa_du_lich_vinh_long_tra_vinh_ben_tre_2025_2026.md,87,research_report,"- **Khu lò gạch, gốm Mang Thít:** là tài sản có khả năng chuyển hóa từ sản xuất truyền thống thành không gian di sản đương đại. Các bài [Phát triển sản phẩm du lịch đặc thù từ làng nghề gạch, gốm](https://baovinhlong.com.vn/phong-su-ky-su/202604/phat-trien-san-pham-du-lich-dac-thu-tu-lang-nghe-gach-gom-7f54c8b/), [Khảo sát thực tế Khu lò gạch, gốm Mang Thít và các điểm du lịch](https://baovinhlong.com.vn/xa-hoi/du-lich/202604/pho-bi-thu-tinh-uy-chu-tich-ubnd-tinh-tran-tri-quang-khao-sat-thuc-te-"
https://baovinhlong.com.vn/nhip-song-dong-bang/202508/suc-song-moi-tu-nhung-lo-gach-cu-be712da/,docs/archive/bao_cao_nghien_cuu_van_hoa_du_lich_vinh_long_tra_vinh_ben_tre_2025_2026.md,87,research_report,"- **Khu lò gạch, gốm Mang Thít:** là tài sản có khả năng chuyển hóa từ sản xuất truyền thống thành không gian di sản đương đại. Các bài [Phát triển sản phẩm du lịch đặc thù từ làng nghề gạch, gốm](https://baovinhlong.com.vn/phong-su-ky-su/202604/phat-trien-san-pham-du-lich-dac-thu-tu-lang-nghe-gach-gom-7f54c8b/), [Khảo sát thực tế Khu lò gạch, gốm Mang Thít và các điểm du lịch](https://baovinhlong.com.vn/xa-hoi/du-lich/202604/pho-bi-thu-tinh-uy-chu-tich-ubnd-tinh-tran-tri-quang-khao-sat-thuc-te-"
https://baovinhlong.com.vn/phong-su-anh/202512/tram-am-duong-gom-do-ve-dem-1345515/,docs/archive/bao_cao_nghien_cuu_van_hoa_du_lich_vinh_long_tra_vinh_ben_tre_2025_2026.md,87,research_report,"- **Khu lò gạch, gốm Mang Thít:** là tài sản có khả năng chuyển hóa từ sản xuất truyền thống thành không gian di sản đương đại. Các bài [Phát triển sản phẩm du lịch đặc thù từ làng nghề gạch, gốm](https://baovinhlong.com.vn/phong-su-ky-su/202604/phat-trien-san-pham-du-lich-dac-thu-tu-lang-nghe-gach-gom-7f54c8b/), [Khảo sát thực tế Khu lò gạch, gốm Mang Thít và các điểm du lịch](https://baovinhlong.com.vn/xa-hoi/du-lich/202604/pho-bi-thu-tinh-uy-chu-tich-ubnd-tinh-tran-tri-quang-khao-sat-thuc-te-"
https://baovinhlong.com.vn/xa-hoi/du-lich/202604/vinh-long-ban-hanh-bo-tieu-chi-du-lich-xanh-ae52034/,docs/archive/bao_cao_nghien_cuu_van_hoa_du_lich_vinh_long_tra_vinh_ben_tre_2025_2026.md,93,research_report,"Vĩnh Long đang chuyển từ tham quan đơn điểm sang **tái cấu trúc không gian sản phẩm**. Các bài về tổ chức lại không gian phát triển du lịch, xây dựng dòng sản phẩm di sản văn hóa - làng nghề, bộ tiêu chí du lịch xanh, nền tảng số, xúc tiến tại hội chợ và famtrip cho thấy cách tiếp cận ngày càng hệ thống. Bài [Vĩnh Long ban hành Bộ tiêu chí du lịch xanh](https://baovinhlong.com.vn/xa-hoi/du-lich/202604/vinh-long-ban-hanh-bo-tieu-chi-du-lich-xanh-ae52034/) là dấu hiệu quan trọng: xanh không chỉ là"
https://baovinhlong.com.vn/phong-su-anh/202602/thang-canh-ao-ba-om-thu-hut-khach-du-xuan-3db0b58/,docs/archive/bao_cao_nghien_cuu_van_hoa_du_lich_vinh_long_tra_vinh_ben_tre_2025_2026.md,115,research_report,"- **Ao Bà Om - Chùa Hang/Kompong Chrây:** nhóm bài về thắng cảnh Ao Bà Om, Chùa Hang, đàn cò và hoạt động du xuân cho thấy đây là cụm cảnh quan - tâm linh - sinh thái rất mạnh. Bài [Thắng cảnh Ao Bà Om thu hút khách du xuân](https://baovinhlong.com.vn/phong-su-anh/202602/thang-canh-ao-ba-om-thu-hut-khach-du-xuan-3db0b58/) và [Ngắm đàn cò trắng tạo hình sống động ở chùa Hang](https://baovinhlong.com.vn/phong-su-anh/202606/chum-anh-ngam-dan-co-trang-tao-hinh-song-dong-o-chua-hang-24a6cff/) gợi ý s"
https://baovinhlong.com.vn/phong-su-anh/202606/chum-anh-ngam-dan-co-trang-tao-hinh-song-dong-o-chua-hang-24a6cff/,docs/archive/bao_cao_nghien_cuu_van_hoa_du_lich_vinh_long_tra_vinh_ben_tre_2025_2026.md,115,research_report,"- **Ao Bà Om - Chùa Hang/Kompong Chrây:** nhóm bài về thắng cảnh Ao Bà Om, Chùa Hang, đàn cò và hoạt động du xuân cho thấy đây là cụm cảnh quan - tâm linh - sinh thái rất mạnh. Bài [Thắng cảnh Ao Bà Om thu hút khách du xuân](https://baovinhlong.com.vn/phong-su-anh/202602/thang-canh-ao-ba-om-thu-hut-khach-du-xuan-3db0b58/) và [Ngắm đàn cò trắng tạo hình sống động ở chùa Hang](https://baovinhlong.com.vn/phong-su-anh/202606/chum-anh-ngam-dan-co-trang-tao-hinh-song-dong-o-chua-hang-24a6cff/) gợi ý s"
https://baovinhlong.com.vn/xa-hoi/du-lich/202512/cong-nhan-bao-tang-dua-sap-tra-vinh-diem-du-lich-tieu-bieu-dbscl-52d0937/,docs/archive/bao_cao_nghien_cuu_van_hoa_du_lich_vinh_long_tra_vinh_ben_tre_2025_2026.md,117,research_report,"- **Dừa sáp Cầu Kè:** xuất hiện trong các bài về Bảo tàng dừa sáp Trà Vinh, “thủ phủ” dừa sáp Cầu Kè và vai trò kết nối văn hóa cộng đồng. Bài [Công nhận Bảo tàng dừa sáp Trà Vinh- điểm du lịch tiêu biểu ĐBSCL](https://baovinhlong.com.vn/xa-hoi/du-lich/202512/cong-nhan-bao-tang-dua-sap-tra-vinh-diem-du-lich-tieu-bieu-dbscl-52d0937/) cho thấy tài sản này đã được nâng tầm thành điểm đến tiêu biểu."
https://baovinhlong.com.vn/kinh-te/202606/truong-long-hoa-phat-huy-loi-the-phat-trien-kinh-te-bien-62d49fc/,docs/archive/bao_cao_nghien_cuu_van_hoa_du_lich_vinh_long_tra_vinh_ben_tre_2025_2026.md,327,research_report,001. 2026-06-15 | Trà Vinh | Trường Long Hòa phát huy lợi thế phát triển kinh tế biển | https://baovinhlong.com.vn/kinh-te/202606/truong-long-hoa-phat-huy-loi-the-phat-trien-kinh-te-bien-62d49fc/
https://baovinhlong.com.vn/kinh-te/thuong-mai-dich-vu/202606/khai-mac-tuan-le-van-hoa-du-lich-am-thuc-banh-dan-gian-nam-bo-vi-ngon-xu-dua-phuong-an-hoi-ce310af/,docs/archive/bao_cao_nghien_cuu_van_hoa_du_lich_vinh_long_tra_vinh_ben_tre_2025_2026.md,328,research_report,"002. 2026-06-14 | Bến Tre | Khai mạc Tuần lễ Văn hóa, Du lịch, Ẩm thực bánh dân gian Nam Bộ - Vị ngon xứ dừa phường An Hội | https://baovinhlong.com.vn/kinh-te/thuong-mai-dich-vu/202606/khai-mac-tuan-le-van-hoa-du-lich-am-thuc-banh-dan-gian-nam-bo-vi-ngon-xu-dua-phuong-an-hoi-ce310af/"
https://baovinhlong.com.vn/nhip-song-dong-bang/202606/khai-mac-tuan-le-van-hoa-am-thuc-ben-tre-tet-doan-ngo-xu-dua-nam-2026-78c0d4f/,docs/archive/bao_cao_nghien_cuu_van_hoa_du_lich_vinh_long_tra_vinh_ben_tre_2025_2026.md,329,research_report,003. 2026-06-13 | Vĩnh Long; Bến Tre | Khai mạc Tuần lễ Văn hóa - Ẩm thực “Bến Tre Tết Đoan Ngọ xứ Dừa” năm 2026 | https://baovinhlong.com.vn/nhip-song-dong-bang/202606/khai-mac-tuan-le-van-hoa-am-thuc-ben-tre-tet-doan-ngo-xu-dua-nam-2026-78c0d4f/
https://baovinhlong.com.vn/xa-hoi/du-lich/202606/khai-truong-vietravel-chi-nhanh-vinh-long-9661c6a/,docs/archive/bao_cao_nghien_cuu_van_hoa_du_lich_vinh_long_tra_vinh_ben_tre_2025_2026.md,330,research_report,004. 2026-06-12 | Vĩnh Long | Khai trương Vietravel chi nhánh Vĩnh Long | https://baovinhlong.com.vn/xa-hoi/du-lich/202606/khai-truong-vietravel-chi-nhanh-vinh-long-9661c6a/
https://baovinhlong.com.vn/phong-su-anh/202606/chum-anh-ngam-dan-co-trang-tao-hinh-song-dong-o-chua-hang-24a6cff/,docs/archive/bao_cao_nghien_cuu_van_hoa_du_lich_vinh_long_tra_vinh_ben_tre_2025_2026.md,331,research_report,005. 2026-06-10 | Trà Vinh | Ngắm đàn cò trắng tạo hình sống động ở chùa Hang | https://baovinhlong.com.vn/phong-su-anh/202606/chum-anh-ngam-dan-co-trang-tao-hinh-song-dong-o-chua-hang-24a6cff/
https://baovinhlong.com.vn/van-hoa-giai-tri/202606/ron-rang-le-hoi-ha-dien-ky-yen-40a25b5/,docs/archive/bao_cao_nghien_cuu_van_hoa_du_lich_vinh_long_tra_vinh_ben_tre_2025_2026.md,332,research_report,006. 2026-06-01 | Vĩnh Long | Rộn ràng lễ hội Hạ Điền – Kỳ Yên | https://baovinhlong.com.vn/van-hoa-giai-tri/202606/ron-rang-le-hoi-ha-dien-ky-yen-40a25b5/
https://baovinhlong.com.vn/xa-hoi/du-lich/202605/tao-nen-tang-so-phat-trien-van-hoa-the-thao-va-du-lich-2cb4abd/,docs/archive/bao_cao_nghien_cuu_van_hoa_du_lich_vinh_long_tra_vinh_ben_tre_2025_2026.md,333,research_report,"007. 2026-05-28 | Vĩnh Long | Tạo nền tảng số phát triển văn hóa, thể thao và du lịch | https://baovinhlong.com.vn/xa-hoi/du-lich/202605/tao-nen-tang-so-phat-trien-van-hoa-the-thao-va-du-lich-2cb4abd/"
https://baovinhlong.com.vn/xa-hoi/du-lich/202605/lien-ket-khai-thac-tiem-nang-tao-da-phat-trien-du-lich-53f40ac/,docs/archive/bao_cao_nghien_cuu_van_hoa_du_lich_vinh_long_tra_vinh_ben_tre_2025_2026.md,334,research_report,"008. 2026-05-24 | Bến Tre | Liên kết khai thác tiềm năng, tạo đà phát triển du lịch | https://baovinhlong.com.vn/xa-hoi/du-lich/202605/lien-ket-khai-thac-tiem-nang-tao-da-phat-trien-du-lich-53f40ac/"
https://baovinhlong.com.vn/multimedia/202605/binh-minh-ba-dong-ban-giao-huong-anh-sang-cua-bien-mien-tay-8433735/,docs/archive/bao_cao_nghien_cuu_van_hoa_du_lich_vinh_long_tra_vinh_ben_tre_2025_2026.md,335,research_report,009. 2026-05-22 | Trà Vinh | Bình minh Ba Động- Bản giao hưởng ánh sáng của biển miền Tây | https://baovinhlong.com.vn/multimedia/202605/binh-minh-ba-dong-ban-giao-huong-anh-sang-cua-bien-mien-tay-8433735/
https://baovinhlong.com.vn/van-hoa-giai-tri/202605/khai-mo-tiem-nang-phat-trien-cong-nghiep-van-hoa-ky-3-lang-nghe-thuc-giac-ben-nhung-dong-song-6526ce6/,docs/archive/bao_cao_nghien_cuu_van_hoa_du_lich_vinh_long_tra_vinh_ben_tre_2025_2026.md,336,research_report,010. 2026-05-17 | Vĩnh Long | Kỳ 3: Làng nghề “thức giấc” bên những dòng sông | https://baovinhlong.com.vn/van-hoa-giai-tri/202605/khai-mo-tiem-nang-phat-trien-cong-nghiep-van-hoa-ky-3-lang-nghe-thuc-giac-ben-nhung-dong-song-6526ce6/
https://baovinhlong.com.vn/van-hoa-giai-tri/202605/khai-mo-tiem-nang-phat-trien-cong-nghiep-van-hoa-ky-2-phat-trien-du-lich-gan-voi-giu-gin-ban-sac-dia-phuong-3f609a6/,docs/archive/bao_cao_nghien_cuu_van_hoa_du_lich_vinh_long_tra_vinh_ben_tre_2025_2026.md,337,research_report,011. 2026-05-15 | Vĩnh Long | Kỳ 2: Phát triển du lịch gắn với giữ gìn bản sắc địa phương | https://baovinhlong.com.vn/van-hoa-giai-tri/202605/khai-mo-tiem-nang-phat-trien-cong-nghiep-van-hoa-ky-2-phat-trien-du-lich-gan-voi-giu-gin-ban-sac-dia-phuong-3f609a6/
https://baovinhlong.com.vn/xa-hoi/du-lich/202605/ra-mat-chi-hoi-du-lich-binh-dai-5ac5d6b/,docs/archive/bao_cao_nghien_cuu_van_hoa_du_lich_vinh_long_tra_vinh_ben_tre_2025_2026.md,338,research_report,012. 2026-05-15 | Vĩnh Long; Bến Tre | Ra mắt Chi hội du lịch Bình Đại | https://baovinhlong.com.vn/xa-hoi/du-lich/202605/ra-mat-chi-hoi-du-lich-binh-dai-5ac5d6b/
https://baovinhlong.com.vn/kinh-te/202605/truong-long-hoa-tap-trung-khai-thac-tiem-nang-du-lich-va-kinh-te-bien-108088d/,docs/archive/bao_cao_nghien_cuu_van_hoa_du_lich_vinh_long_tra_vinh_ben_tre_2025_2026.md,339,research_report,013. 2026-05-14 | Vĩnh Long; Trà Vinh | Trường Long Hòa tập trung khai thác tiềm năng du lịch và kinh tế biển | https://baovinhlong.com.vn/kinh-te/202605/truong-long-hoa-tap-trung-khai-thac-tiem-nang-du-lich-va-kinh-te-bien-108088d/
https://baovinhlong.com.vn/van-hoa-giai-tri/202605/mot-ngay-o-thu-phu-dua-sap-cau-ke-5a63907/,docs/archive/bao_cao_nghien_cuu_van_hoa_du_lich_vinh_long_tra_vinh_ben_tre_2025_2026.md,340,research_report,014. 2026-05-10 | Vĩnh Long; Trà Vinh | Một ngày ở “thủ phủ” dừa sáp Cầu Kè | https://baovinhlong.com.vn/van-hoa-giai-tri/202605/mot-ngay-o-thu-phu-dua-sap-cau-ke-5a63907/
https://baovinhlong.com.vn/van-hoa-giai-tri/202605/hang-may-anh-canon-chon-bien-ba-dong-to-chuc-hoi-thaochia-se-ve-kien-thuc-nhiep-anh-d191781/,docs/archive/bao_cao_nghien_cuu_van_hoa_du_lich_vinh_long_tra_vinh_ben_tre_2025_2026.md,341,research_report,"015. 2026-05-07 | Vĩnh Long; Trà Vinh | Hãng máy ảnh Canon chọn biển Ba Động tổ chức hội thảo, chia sẻ về kiến thức nhiếp ảnh | https://baovinhlong.com.vn/van-hoa-giai-tri/202605/hang-may-anh-canon-chon-bien-ba-dong-to-chuc-hoi-thaochia-se-ve-kien-thuc-nhiep-anh-d191781/"
https://baovinhlong.com.vn/van-hoa-giai-tri/202605/ket-noi-gap-go-gan-40-doanh-nghiep-hoi-vien-du-lich-khu-vuc-tra-vinh-c3f3c46/,docs/archive/bao_cao_nghien_cuu_van_hoa_du_lich_vinh_long_tra_vinh_ben_tre_2025_2026.md,342,research_report,"016. 2026-05-07 | Vĩnh Long; Trà Vinh | Kết nối, gặp gỡ gần 40 doanh nghiệp, hội viên du lịch khu vực Trà Vinh | https://baovinhlong.com.vn/van-hoa-giai-tri/202605/ket-noi-gap-go-gan-40-doanh-nghiep-hoi-vien-du-lich-khu-vuc-tra-vinh-c3f3c46/"
https://baovinhlong.com.vn/xa-hoi/du-lich/202605/diem-den-an-toan-than-thien-chat-luong-9c8410c/,docs/archive/bao_cao_nghien_cuu_van_hoa_du_lich_vinh_long_tra_vinh_ben_tre_2025_2026.md,343,research_report,017. 2026-05-05 | Vĩnh Long; Trà Vinh; Bến Tre | Điểm đến “An toàn- thân thiện- chất lượng” | https://baovinhlong.com.vn/xa-hoi/du-lich/202605/diem-den-an-toan-than-thien-chat-luong-9c8410c/
https://baovinhlong.com.vn/xa-hoi/du-lich/202605/phuong-ben-tre-be-mac-tuan-le-van-hoa-am-thuc-nam-2026-0090994/,docs/archive/bao_cao_nghien_cuu_van_hoa_du_lich_vinh_long_tra_vinh_ben_tre_2025_2026.md,344,research_report,018. 2026-05-04 | Vĩnh Long; Trà Vinh; Bến Tre | Phường Bến Tre bế mạc Tuần lễ Văn hóa - Ẩm thực năm 2026 | https://baovinhlong.com.vn/xa-hoi/du-lich/202605/phuong-ben-tre-be-mac-tuan-le-van-hoa-am-thuc-nam-2026-0090994/
https://baovinhlong.com.vn/xa-hoi/du-lich/202605/bao-dam-an-toan-nang-cao-chat-luong-phuc-vu-du-lich-59d3a28/,docs/archive/bao_cao_nghien_cuu_van_hoa_du_lich_vinh_long_tra_vinh_ben_tre_2025_2026.md,345,research_report,"019. 2026-05-01 | Vĩnh Long | Bảo đảm an toàn, nâng cao chất lượng phục vụ du lịch | https://baovinhlong.com.vn/xa-hoi/du-lich/202605/bao-dam-an-toan-nang-cao-chat-luong-phuc-vu-du-lich-59d3a28/"
https://baovinhlong.com.vn/xa-hoi/du-lich/202604/dua-am-thuc-tro-thanh-san-pham-du-lich-dac-trung-83f421e/,docs/archive/bao_cao_nghien_cuu_van_hoa_du_lich_vinh_long_tra_vinh_ben_tre_2025_2026.md,346,research_report,020. 2026-04-30 | Vĩnh Long; Trà Vinh; Bến Tre | Đưa ẩm thực trở thành sản phẩm du lịch đặc trưng | https://baovinhlong.com.vn/xa-hoi/du-lich/202604/dua-am-thuc-tro-thanh-san-pham-du-lich-dac-trung-83f421e/
https://baovinhlong.com.vn/van-hoa-giai-tri/202604/ra-mat-xom-nghe-lan-vuong-phuc-vu-du-khach-trai-nghiem-dip-le-304-va-15-c942616/,docs/archive/bao_cao_nghien_cuu_van_hoa_du_lich_vinh_long_tra_vinh_ben_tre_2025_2026.md,347,research_report,021. 2026-04-30 | Bến Tre | Ra mắt “Xóm nghề Lan Vương” phục vụ du khách trải nghiệm dịp lễ 30/4 và 1/5 | https://baovinhlong.com.vn/van-hoa-giai-tri/202604/ra-mat-xom-nghe-lan-vuong-phuc-vu-du-khach-trai-nghiem-dip-le-304-va-15-c942616/
https://baovinhlong.com.vn/xa-hoi/du-lich/202604/vinh-danh-29-nghe-nhan-nghe-bep-nghe-banh-nghe-dieu-khac-cu-qua-98a0e9c/,docs/archive/bao_cao_nghien_cuu_van_hoa_du_lich_vinh_long_tra_vinh_ben_tre_2025_2026.md,348,research_report,"022. 2026-04-27 | Vĩnh Long; Bến Tre | Vinh danh 29 nghệ nhân nghề bếp, nghề bánh, nghề điêu khắc củ, quả | https://baovinhlong.com.vn/xa-hoi/du-lich/202604/vinh-danh-29-nghe-nhan-nghe-bep-nghe-banh-nghe-dieu-khac-cu-qua-98a0e9c/"
https://baovinhlong.com.vn/xa-hoi/du-lich/202604/phat-huy-tiem-nang-loi-the-dua-du-lich-tinh-phat-trien-34f44d2/,docs/archive/bao_cao_nghien_cuu_van_hoa_du_lich_vinh_long_tra_vinh_ben_tre_2025_2026.md,349,research_report,"023. 2026-04-23 | Vĩnh Long; Trà Vinh; Bến Tre | Phát huy tiềm năng, lợi thế đưa du lịch tỉnh phát triển | https://baovinhlong.com.vn/xa-hoi/du-lich/202604/phat-huy-tiem-nang-loi-the-dua-du-lich-tinh-phat-trien-34f44d2/"
https://baovinhlong.com.vn/phong-su-ky-su/202604/phat-trien-san-pham-du-lich-dac-thu-tu-lang-nghe-gach-gom-7f54c8b/,docs/archive/bao_cao_nghien_cuu_van_hoa_du_lich_vinh_long_tra_vinh_ben_tre_2025_2026.md,350,research_report,"024. 2026-04-22 | Vĩnh Long | Phát triển sản phẩm du lịch đặc thù từ làng nghề gạch, gốm | https://baovinhlong.com.vn/phong-su-ky-su/202604/phat-trien-san-pham-du-lich-dac-thu-tu-lang-nghe-gach-gom-7f54c8b/"
https://baovinhlong.com.vn/xa-hoi/du-lich/202604/vinh-long-ban-hanh-bo-tieu-chi-du-lich-xanh-ae52034/,docs/archive/bao_cao_nghien_cuu_van_hoa_du_lich_vinh_long_tra_vinh_ben_tre_2025_2026.md,351,research_report,025. 2026-04-22 | Vĩnh Long; Bến Tre | Vĩnh Long ban hành Bộ tiêu chí du lịch xanh | https://baovinhlong.com.vn/xa-hoi/du-lich/202604/vinh-long-ban-hanh-bo-tieu-chi-du-lich-xanh-ae52034/
https://baovinhlong.com.vn/van-hoa-giai-tri/202604/vinh-long-tham-gia-ngay-van-hoa-cac-dan-toc-viet-nam-194-nam-2026-80320dc/,docs/archive/bao_cao_nghien_cuu_van_hoa_du_lich_vinh_long_tra_vinh_ben_tre_2025_2026.md,352,research_report,026. 2026-04-19 | Vĩnh Long | Vĩnh Long tham gia “Ngày Văn hóa các dân tộc Việt Nam 19/4 năm 2026” | https://baovinhlong.com.vn/van-hoa-giai-tri/202604/vinh-long-tham-gia-ngay-van-hoa-cac-dan-toc-viet-nam-194-nam-2026-80320dc/
https://baovinhlong.com.vn/thoi-su/202604/nam-2026-nganh-du-lich-tinh-dung-truoc-nhieu-co-hoi-va-thach-thuc-10c2093/,docs/archive/bao_cao_nghien_cuu_van_hoa_du_lich_vinh_long_tra_vinh_ben_tre_2025_2026.md,353,research_report,027. 2026-04-18 | Vĩnh Long; Bến Tre | Họp mặt doanh nghiệp du lịch năm 2026 | https://baovinhlong.com.vn/thoi-su/202604/nam-2026-nganh-du-lich-tinh-dung-truoc-nhieu-co-hoi-va-thach-thuc-10c2093/
https://baovinhlong.com.vn/van-hoa-giai-tri/202604/he-soi-dong-voi-canh-dong-dieu-o-ba-tri-242433c/,docs/archive/bao_cao_nghien_cuu_van_hoa_du_lich_vinh_long_tra_vinh_ben_tre_2025_2026.md,354,research_report,028. 2026-04-17 | Bến Tre | Hè sôi động với cánh đồng diều ở Ba Tri | https://baovinhlong.com.vn/van-hoa-giai-tri/202604/he-soi-dong-voi-canh-dong-dieu-o-ba-tri-242433c/
https://baovinhlong.com.vn/xa-hoi/du-lich/202604/pho-bi-thu-tinh-uy-chu-tich-ubnd-tinh-tran-tri-quang-khao-sat-thuc-te-khu-lo-gach-gom-mang-thit-va-cac-diem-du-lich-3524beb/,docs/archive/bao_cao_nghien_cuu_van_hoa_du_lich_vinh_long_tra_vinh_ben_tre_2025_2026.md,355,research_report,"029. 2026-04-17 | Vĩnh Long | Phó Bí thư Tỉnh ủy, Chủ tịch UBND tỉnh Trần Trí Quang khảo sát thực tế Khu lò gạch, gốm Mang Thít và các điểm du lịch | https://baovinhlong.com.vn/xa-hoi/du-lich/202604/pho-bi-thu-tinh-uy-chu-tich-ubnd-tinh-tran-tri-quang-khao-sat-thuc-te-khu-lo-gach-gom-mang-thit-va-cac-diem-du-lich-3524beb/"
https://baovinhlong.com.vn/xa-hoi/du-lich/202604/phu-tuc-khai-thac-loi-the-tiem-nang-du-lich-xanh-24909d2/,docs/archive/bao_cao_nghien_cuu_van_hoa_du_lich_vinh_long_tra_vinh_ben_tre_2025_2026.md,356,research_report,030. 2026-04-16 | Bến Tre | Phú Túc khai thác lợi thế tiềm năng du lịch xanh | https://baovinhlong.com.vn/xa-hoi/du-lich/202604/phu-tuc-khai-thac-loi-the-tiem-nang-du-lich-xanh-24909d2/
https://baovinhlong.com.vn/xa-hoi/du-lich/202604/but-pha-tu-cac-nganh-dich-vu-tao-dong-luc-tang-truong-62b4453/,docs/archive/bao_cao_nghien_cuu_van_hoa_du_lich_vinh_long_tra_vinh_ben_tre_2025_2026.md,357,research_report,"031. 2026-04-11 | Vĩnh Long; Bến Tre | Bứt phá từ các ngành dịch vụ, tạo động lực tăng trưởng | https://baovinhlong.com.vn/xa-hoi/du-lich/202604/but-pha-tu-cac-nganh-dich-vu-tao-dong-luc-tang-truong-62b4453/"
https://baovinhlong.com.vn/xa-hoi/du-lich/202604/ket-noi-du-lich-dbscl-voi-ha-noi-va-cac-tinh-phia-bac-c7445aa/,docs/archive/bao_cao_nghien_cuu_van_hoa_du_lich_vinh_long_tra_vinh_ben_tre_2025_2026.md,358,research_report,032. 2026-04-10 | Vĩnh Long | Kết nối du lịch ĐBSCL với Hà Nội và các tỉnh phía Bắc | https://baovinhlong.com.vn/xa-hoi/du-lich/202604/ket-noi-du-lich-dbscl-voi-ha-noi-va-cac-tinh-phia-bac-c7445aa/
https://baovinhlong.com.vn/kinh-te/202604/quang-ba-du-lich-vinh-long-tai-hoi-cho-du-lich-quoc-te-viet-nam-72914bd/,docs/archive/bao_cao_nghien_cuu_van_hoa_du_lich_vinh_long_tra_vinh_ben_tre_2025_2026.md,359,research_report,033. 2026-04-10 | Vĩnh Long | Quảng bá du lịch Vĩnh Long tại Hội chợ Du lịch Quốc tế Việt Nam | https://baovinhlong.com.vn/kinh-te/202604/quang-ba-du-lich-vinh-long-tai-hoi-cho-du-lich-quoc-te-viet-nam-72914bd/
https://baovinhlong.com.vn/xa-hoi/du-lich/202604/day-manh-lien-ket-kien-tao-hanh-trinh-du-lich-chat-luong-65d07fa/,docs/archive/bao_cao_nghien_cuu_van_hoa_du_lich_vinh_long_tra_vinh_ben_tre_2025_2026.md,360,research_report,"034. 2026-04-08 | Vĩnh Long; Trà Vinh; Bến Tre | Đẩy mạnh liên kết, kiến tạo hành trình du lịch chất lượng | https://baovinhlong.com.vn/xa-hoi/du-lich/202604/day-manh-lien-ket-kien-tao-hanh-trinh-du-lich-chat-luong-65d07fa/"
https://baovinhlong.com.vn/van-hoa-giai-tri/202604/vinh-long-mang-sac-mau-van-hoa-nam-bo-ra-thu-do-ha-noi-f2e3866/,docs/archive/bao_cao_nghien_cuu_van_hoa_du_lich_vinh_long_tra_vinh_ben_tre_2025_2026.md,361,research_report,035. 2026-04-08 | Vĩnh Long | Vĩnh Long mang sắc màu văn hóa Nam Bộ ra Thủ đô Hà Nội | https://baovinhlong.com.vn/van-hoa-giai-tri/202604/vinh-long-mang-sac-mau-van-hoa-nam-bo-ra-thu-do-ha-noi-f2e3866/
https://baovinhlong.com.vn/xa-hoi/du-lich/202604/ra-mat-chi-hoi-du-lich-xa-phu-tuc-d5b32f7/,docs/archive/bao_cao_nghien_cuu_van_hoa_du_lich_vinh_long_tra_vinh_ben_tre_2025_2026.md,362,research_report,036. 2026-04-07 | Vĩnh Long; Bến Tre | Ra mắt Chi hội Du lịch xã Phú Túc | https://baovinhlong.com.vn/xa-hoi/du-lich/202604/ra-mat-chi-hoi-du-lich-xa-phu-tuc-d5b32f7/
https://baovinhlong.com.vn/kinh-te/202604/trung-bay-gioi-thieu-hon-1-ngan-an-pham-cua-tinh-tai-ngay-hoi-du-lich-tp-ho-chi-minh-2e60821/,docs/archive/bao_cao_nghien_cuu_van_hoa_du_lich_vinh_long_tra_vinh_ben_tre_2025_2026.md,363,research_report,"037. 2026-04-05 | Vĩnh Long | Trưng bày, giới thiệu hơn 1 ngàn ấn phẩm của tỉnh tại Ngày hội Du lịch TP Hồ Chí Minh | https://baovinhlong.com.vn/kinh-te/202604/trung-bay-gioi-thieu-hon-1-ngan-an-pham-cua-tinh-tai-ngay-hoi-du-lich-tp-ho-chi-minh-2e60821/"
https://baovinhlong.com.vn/xa-hoi/du-lich/202603/toa-dam-lien-ket-hop-tac-phat-trien-tour-tuyen-san-pham-du-lich-tai-vinh-long-1d91728/,docs/archive/bao_cao_nghien_cuu_van_hoa_du_lich_vinh_long_tra_vinh_ben_tre_2025_2026.md,364,research_report,"038. 2026-03-31 | Vĩnh Long; Bến Tre | Tọa đàm “Liên kết, hợp tác phát triển tour - tuyến, sản phẩm du lịch tại Vĩnh Long” | https://baovinhlong.com.vn/xa-hoi/du-lich/202603/toa-dam-lien-ket-hop-tac-phat-trien-tour-tuyen-san-pham-du-lich-tai-vinh-long-1d91728/"
https://baovinhlong.com.vn/xa-hoi/du-lich/202603/tang-cuong-ket-noi-quang-ba-van-hoa-du-lich-9ca1091/,docs/archive/bao_cao_nghien_cuu_van_hoa_du_lich_vinh_long_tra_vinh_ben_tre_2025_2026.md,365,research_report,"039. 2026-03-28 | Vĩnh Long; Trà Vinh | Tăng cường kết nối quảng bá văn hóa, du lịch | https://baovinhlong.com.vn/xa-hoi/du-lich/202603/tang-cuong-ket-noi-quang-ba-van-hoa-du-lich-9ca1091/"
https://baovinhlong.com.vn/van-hoa-giai-tri/202603/le-xuan-dinh-net-dep-van-hoa-tai-di-tich-van-thanh-mieu-2023470/,docs/archive/bao_cao_nghien_cuu_van_hoa_du_lich_vinh_long_tra_vinh_ben_tre_2025_2026.md,366,research_report,040. 2026-03-24 | Vĩnh Long | Lễ Xuân Đinh- nét đẹp văn hóa tại di tích Văn Thánh miếu | https://baovinhlong.com.vn/van-hoa-giai-tri/202603/le-xuan-dinh-net-dep-van-hoa-tai-di-tich-van-thanh-mieu-2023470/
https://baovinhlong.com.vn/xa-hoi/202603/boi-duong-nghiep-vu-du-lich-cho-cong-chuc-xa-phuong-khu-vuc-ben-tre-0301103/,docs/archive/bao_cao_nghien_cuu_van_hoa_du_lich_vinh_long_tra_vinh_ben_tre_2025_2026.md,367,research_report,"041. 2026-03-20 | Bến Tre | Bồi dưỡng nghiệp vụ du lịch cho công chức xã, phường khu vực Bến Tre | https://baovinhlong.com.vn/xa-hoi/202603/boi-duong-nghiep-vu-du-lich-cho-cong-chuc-xa-phuong-khu-vuc-ben-tre-0301103/"
https://baovinhlong.com.vn/xa-hoi/du-lich/202603/diem-nhan-hap-dan-du-lich-duong-thuy-28331ea/,docs/archive/bao_cao_nghien_cuu_van_hoa_du_lich_vinh_long_tra_vinh_ben_tre_2025_2026.md,368,research_report,042. 2026-03-19 | Vĩnh Long; Trà Vinh; Bến Tre | Điểm nhấn hấp dẫn du lịch đường thủy | https://baovinhlong.com.vn/xa-hoi/du-lich/202603/diem-nhan-hap-dan-du-lich-duong-thuy-28331ea/
https://baovinhlong.com.vn/phong-su-anh/202603/di-san-van-hoa-phi-vat-the-quoc-gia-le-hoi-nguyen-tieu-b955ae0/,docs/archive/bao_cao_nghien_cuu_van_hoa_du_lich_vinh_long_tra_vinh_ben_tre_2025_2026.md,369,research_report,043. 2026-03-04 | Vĩnh Long; Trà Vinh | Di sản văn hóa phi vật thể quốc gia- Lễ hội Nguyên Tiêu | https://baovinhlong.com.vn/phong-su-anh/202603/di-san-van-hoa-phi-vat-the-quoc-gia-le-hoi-nguyen-tieu-b955ae0/
https://baovinhlong.com.vn/van-hoa-giai-tri/202603/phong-phu-cac-hoat-dong-tuan-le-van-hoa-xa-dai-an-c780fe2/,docs/archive/bao_cao_nghien_cuu_van_hoa_du_lich_vinh_long_tra_vinh_ben_tre_2025_2026.md,370,research_report,044. 2026-03-04 | Trà Vinh | Phong phú các hoạt động tuần lễ văn hóa xã Đại An | https://baovinhlong.com.vn/van-hoa-giai-tri/202603/phong-phu-cac-hoat-dong-tuan-le-van-hoa-xa-dai-an-c780fe2/
https://baovinhlong.com.vn/van-hoa-giai-tri/202603/cong-bo-quyet-dinh-dua-le-hoi-nguyen-tieu-o-tra-cu-vao-danh-muc-di-san-van-hoa-phi-vat-the-quoc-gia-ba52ad3/,docs/archive/bao_cao_nghien_cuu_van_hoa_du_lich_vinh_long_tra_vinh_ben_tre_2025_2026.md,371,research_report,045. 2026-03-03 | Vĩnh Long; Trà Vinh | Công bố quyết định đưa “Lễ hội Nguyên Tiêu ở Trà Cú” vào danh mục di sản văn hóa phi vật thể quốc gia | https://baovinhlong.com.vn/van-hoa-giai-tri/202603/cong-bo-quyet-dinh-dua-le-hoi-nguyen-tieu-o-tra-cu-vao-danh-muc-di-san-van-hoa-phi-vat-the-quoc-gia-ba52ad3/
https://baovinhlong.com.vn/xa-hoi/du-lich/202603/day-manh-hoat-dong-quang-ba-xuc-tien-du-lich-nam-2026-9ba3f28/,docs/archive/bao_cao_nghien_cuu_van_hoa_du_lich_vinh_long_tra_vinh_ben_tre_2025_2026.md,372,research_report,"046. 2026-03-01 | Vĩnh Long | Đẩy mạnh hoạt động quảng bá, xúc tiến du lịch năm 2026 | https://baovinhlong.com.vn/xa-hoi/du-lich/202603/day-manh-hoat-dong-quang-ba-xuc-tien-du-lich-nam-2026-9ba3f28/"
https://baovinhlong.com.vn/van-hoa-giai-tri/202602/khai-mac-tuan-le-van-hoa-the-thao-va-du-lich-xa-dai-an-f3a077d/,docs/archive/bao_cao_nghien_cuu_van_hoa_du_lich_vinh_long_tra_vinh_ben_tre_2025_2026.md,373,research_report,"047. 2026-02-26 | Vĩnh Long; Trà Vinh | Khai mạc Tuần lễ Văn hóa, Thể thao và Du lịch xã Đại An | https://baovinhlong.com.vn/van-hoa-giai-tri/202602/khai-mac-tuan-le-van-hoa-the-thao-va-du-lich-xa-dai-an-f3a077d/"
https://baovinhlong.com.vn/van-hoa-giai-tri/202602/dai-an-san-sang-vao-mua-le-hoi-nguyen-tieu-91e0433/,docs/archive/bao_cao_nghien_cuu_van_hoa_du_lich_vinh_long_tra_vinh_ben_tre_2025_2026.md,374,research_report,048. 2026-02-25 | Trà Vinh | Đại An sẵn sàng vào mùa Lễ hội Nguyên tiêu | https://baovinhlong.com.vn/van-hoa-giai-tri/202602/dai-an-san-sang-vao-mua-le-hoi-nguyen-tieu-91e0433/
https://baovinhlong.com.vn/van-hoa-giai-tri/202602/doc-dao-le-hoi-nguyen-tieu-fd103c9/,docs/archive/bao_cao_nghien_cuu_van_hoa_du_lich_vinh_long_tra_vinh_ben_tre_2025_2026.md,375,research_report,049. 2026-02-25 | Trà Vinh | Độc đáo Lễ hội Nguyên tiêu | https://baovinhlong.com.vn/van-hoa-giai-tri/202602/doc-dao-le-hoi-nguyen-tieu-fd103c9/
https://baovinhlong.com.vn/thoi-su/202602/le-hoi-nguyen-tieu-gan-voi-tuan-le-van-hoa-the-thao-va-du-lich-xa-dai-an-dien-ra-tu-ngay-252-33-5ad0467/,docs/archive/bao_cao_nghien_cuu_van_hoa_du_lich_vinh_long_tra_vinh_ben_tre_2025_2026.md,376,research_report,"050. 2026-02-23 | Trà Vinh | Lễ hội Nguyên tiêu gắn với Tuần lễ Văn hóa, Thể thao và Du lịch xã Đại An diễn ra từ ngày 25/2- 3/3 | https://baovinhlong.com.vn/thoi-su/202602/le-hoi-nguyen-tieu-gan-voi-tuan-le-van-hoa-the-thao-va-du-lich-xa-dai-an-dien-ra-tu-ngay-252-33-5ad0467/"
https://baovinhlong.com.vn/xa-hoi/du-lich/202602/cac-khu-di-tich-don-tiep-gan-50000-luot-khachdip-tet-nguyen-dan-0c0071f/,docs/archive/bao_cao_nghien_cuu_van_hoa_du_lich_vinh_long_tra_vinh_ben_tre_2025_2026.md,377,research_report,051. 2026-02-21 | Vĩnh Long; Trà Vinh; Bến Tre | Các khu di tích đón gần 50.000 lượt khách dịp Tết Nguyên đán | https://baovinhlong.com.vn/xa-hoi/du-lich/202602/cac-khu-di-tich-don-tiep-gan-50000-luot-khachdip-tet-nguyen-dan-0c0071f/
https://baovinhlong.com.vn/phong-su-anh/202602/thang-canh-ao-ba-om-thu-hut-khach-du-xuan-3db0b58/,docs/archive/bao_cao_nghien_cuu_van_hoa_du_lich_vinh_long_tra_vinh_ben_tre_2025_2026.md,378,research_report,052. 2026-02-20 | Vĩnh Long; Trà Vinh | Thắng cảnh Ao Bà Om thu hút khách du xuân | https://baovinhlong.com.vn/phong-su-anh/202602/thang-canh-ao-ba-om-thu-hut-khach-du-xuan-3db0b58/
https://baovinhlong.com.vn/xa-hoi/du-lich/202602/tren-16000-luot-khach-den-khu-du-lich-bien-ba-dong-dip-tet-0620e93/,docs/archive/bao_cao_nghien_cuu_van_hoa_du_lich_vinh_long_tra_vinh_ben_tre_2025_2026.md,379,research_report,053. 2026-02-20 | Trà Vinh | Trên 16.000 lượt khách đến Khu du lịch Biển Ba Động dịp Tết | https://baovinhlong.com.vn/xa-hoi/du-lich/202602/tren-16000-luot-khach-den-khu-du-lich-bien-ba-dong-dip-tet-0620e93/
https://baovinhlong.com.vn/van-hoa-giai-tri/202602/sac-mau-ban-do-am-thuc-vinh-long-c4f07a9/,docs/archive/bao_cao_nghien_cuu_van_hoa_du_lich_vinh_long_tra_vinh_ben_tre_2025_2026.md,380,research_report,054. 2026-02-19 | Vĩnh Long | Sắc màu “bản đồ ẩm thực” Vĩnh Long | https://baovinhlong.com.vn/van-hoa-giai-tri/202602/sac-mau-ban-do-am-thuc-vinh-long-c4f07a9/
https://baovinhlong.com.vn/xa-hoi/du-lich/202602/song-nuoc-miet-vuon-an-binh-giu-chan-du-khach-c180357/,docs/archive/bao_cao_nghien_cuu_van_hoa_du_lich_vinh_long_tra_vinh_ben_tre_2025_2026.md,381,research_report,055. 2026-02-17 | Vĩnh Long | Sông nước miệt vườn An Bình giữ chân du khách | https://baovinhlong.com.vn/xa-hoi/du-lich/202602/song-nuoc-miet-vuon-an-binh-giu-chan-du-khach-c180357/
https://baovinhlong.com.vn/xa-hoi/du-lich/202602/du-lich-tang-toc-buc-pha-voi-khong-gian-moi-3d90216/,docs/archive/bao_cao_nghien_cuu_van_hoa_du_lich_vinh_long_tra_vinh_ben_tre_2025_2026.md,382,research_report,056. 2026-02-16 | Vĩnh Long; Trà Vinh | Du lịch tăng tốc bứt phá với không gian mới | https://baovinhlong.com.vn/xa-hoi/du-lich/202602/du-lich-tang-toc-buc-pha-voi-khong-gian-moi-3d90216/
https://baovinhlong.com.vn/nhip-song-dong-bang/202602/sac-xuan-cho-que-c374322/,docs/archive/bao_cao_nghien_cuu_van_hoa_du_lich_vinh_long_tra_vinh_ben_tre_2025_2026.md,383,research_report,057. 2026-02-10 | Trà Vinh | Sắc xuân chợ quê | https://baovinhlong.com.vn/nhip-song-dong-bang/202602/sac-xuan-cho-que-c374322/
https://baovinhlong.com.vn/nhip-song-dong-bang/202602/ngay-hoi-cho-noi-van-hoa-song-nuoc-nam-bo-4642f3e/,docs/archive/bao_cao_nghien_cuu_van_hoa_du_lich_vinh_long_tra_vinh_ben_tre_2025_2026.md,384,research_report,058. 2026-02-09 | Bến Tre | Ngày hội “Chợ nổi - Văn hóa sông nước Nam Bộ” | https://baovinhlong.com.vn/nhip-song-dong-bang/202602/ngay-hoi-cho-noi-van-hoa-song-nuoc-nam-bo-4642f3e/
https://baovinhlong.com.vn/phong-su-anh/202601/moi-den-hoi-cho-xuan-xem-livestream-ban-hang-trai-nghiem-goi-banh-tet-tra-cuon-194357b/,docs/archive/bao_cao_nghien_cuu_van_hoa_du_lich_vinh_long_tra_vinh_ben_tre_2025_2026.md,385,research_report,"059. 2026-01-30 | Vĩnh Long | Mời đến hội chợ Xuân xem livestream bán hàng, trải nghiệm gói bánh tét Trà Cuôn | https://baovinhlong.com.vn/phong-su-anh/202601/moi-den-hoi-cho-xuan-xem-livestream-ban-hang-trai-nghiem-goi-banh-tet-tra-cuon-194357b/"
https://baovinhlong.com.vn/tieu-diem/202601/khu-du-lich-bien-ba-dong-san-sang-don-khach-6131e1a/,docs/archive/bao_cao_nghien_cuu_van_hoa_du_lich_vinh_long_tra_vinh_ben_tre_2025_2026.md,386,research_report,060. 2026-01-25 | Trà Vinh | Khu du lịch biển Ba Động sẵn sàng đón khách | https://baovinhlong.com.vn/tieu-diem/202601/khu-du-lich-bien-ba-dong-san-sang-don-khach-6131e1a/
https://baovinhlong.com.vn/van-hoa-giai-tri/202601/to-chuc-dat-cay-uoc-nguyen-tai-lang-ong-4d140e2/,docs/archive/bao_cao_nghien_cuu_van_hoa_du_lich_vinh_long_tra_vinh_ben_tre_2025_2026.md,387,research_report,061. 2026-01-20 | Vĩnh Long | Tổ chức đặt cây ước nguyện tại Lăng Ông | https://baovinhlong.com.vn/van-hoa-giai-tri/202601/to-chuc-dat-cay-uoc-nguyen-tai-lang-ong-4d140e2/
https://baovinhlong.com.vn/nhip-song-dong-bang/202601/lang-nghe-cuc-mam-xoi-long-thoi-ron-rang-sac-xuan-97e5de6/,docs/archive/bao_cao_nghien_cuu_van_hoa_du_lich_vinh_long_tra_vinh_ben_tre_2025_2026.md,388,research_report,062. 2026-01-11 | Bến Tre | Làng nghề cúc mâm xôi Long Thới rộn ràng sắc xuân | https://baovinhlong.com.vn/nhip-song-dong-bang/202601/lang-nghe-cuc-mam-xoi-long-thoi-ron-rang-sac-xuan-97e5de6/
https://baovinhlong.com.vn/xa-hoi/du-lich/202601/du-lich-khoi-dong-nam-2026-voi-ket-qua-tich-cuc-52f005b/,docs/archive/bao_cao_nghien_cuu_van_hoa_du_lich_vinh_long_tra_vinh_ben_tre_2025_2026.md,389,research_report,063. 2026-01-06 | Vĩnh Long; Trà Vinh; Bến Tre | Du lịch khởi động năm 2026 với kết quả tích cực | https://baovinhlong.com.vn/xa-hoi/du-lich/202601/du-lich-khoi-dong-nam-2026-voi-ket-qua-tich-cuc-52f005b/
https://baovinhlong.com.vn/xa-hoi/du-lich/202601/nang-chat-san-pham-dich-vu-du-lich-tinh-79835d0/,docs/archive/bao_cao_nghien_cuu_van_hoa_du_lich_vinh_long_tra_vinh_ben_tre_2025_2026.md,390,research_report,"064. 2026-01-03 | Vĩnh Long | Nâng chất sản phẩm, dịch vụ du lịch tỉnh | https://baovinhlong.com.vn/xa-hoi/du-lich/202601/nang-chat-san-pham-dich-vu-du-lich-tinh-79835d0/"
https://baovinhlong.com.vn/xa-hoi/du-lich/202601/quang-ba-du-lich-mung-dang-mung-xuan-binh-ngo-nam-2026-b1a1cde/,docs/archive/bao_cao_nghien_cuu_van_hoa_du_lich_vinh_long_tra_vinh_ben_tre_2025_2026.md,391,research_report,"065. 2026-01-01 | Vĩnh Long; Bến Tre | Quảng bá du lịch mừng Đảng, mừng Xuân Bính Ngọ năm 2026 | https://baovinhlong.com.vn/xa-hoi/du-lich/202601/quang-ba-du-lich-mung-dang-mung-xuan-binh-ngo-nam-2026-b1a1cde/"
https://baovinhlong.com.vn/video/202512/vinh-long-phat-huy-loi-the-du-lich-gan-voi-lang-nghe-dea046f/,docs/archive/bao_cao_nghien_cuu_van_hoa_du_lich_vinh_long_tra_vinh_ben_tre_2025_2026.md,392,research_report,066. 2025-12-31 | Vĩnh Long | Vĩnh Long phát huy lợi thế du lịch gắn với làng nghề | https://baovinhlong.com.vn/video/202512/vinh-long-phat-huy-loi-the-du-lich-gan-voi-lang-nghe-dea046f/
https://baovinhlong.com.vn/xa-hoi/du-lich/202512/ra-mat-mo-hinh-du-lich-cong-dong-nhi-hoa-97123f7/,docs/archive/bao_cao_nghien_cuu_van_hoa_du_lich_vinh_long_tra_vinh_ben_tre_2025_2026.md,393,research_report,067. 2025-12-30 | Vĩnh Long | Ra mắt mô hình du lịch cộng đồng Nhị Hòa | https://baovinhlong.com.vn/xa-hoi/du-lich/202512/ra-mat-mo-hinh-du-lich-cong-dong-nhi-hoa-97123f7/
https://baovinhlong.com.vn/xa-hoi/du-lich/202512/xay-dung-moi-truong-du-lich-an-toan-chat-luong-4624559/,docs/archive/bao_cao_nghien_cuu_van_hoa_du_lich_vinh_long_tra_vinh_ben_tre_2025_2026.md,394,research_report,"068. 2025-12-25 | Vĩnh Long | Xây dựng môi trường du lịch an toàn, chất lượng | https://baovinhlong.com.vn/xa-hoi/du-lich/202512/xay-dung-moi-truong-du-lich-an-toan-chat-luong-4624559/"
https://baovinhlong.com.vn/xa-hoi/du-lich/202512/du-lich-thuc-day-bao-ton-va-phat-huy-gia-tri-lang-nghe-4634462/,docs/archive/bao_cao_nghien_cuu_van_hoa_du_lich_vinh_long_tra_vinh_ben_tre_2025_2026.md,395,research_report,069. 2025-12-23 | Vĩnh Long; Trà Vinh; Bến Tre | Du lịch thúc đẩy bảo tồn và phát huy giá trị làng nghề | https://baovinhlong.com.vn/xa-hoi/du-lich/202512/du-lich-thuc-day-bao-ton-va-phat-huy-gia-tri-lang-nghe-4634462/
https://baovinhlong.com.vn/phong-su-ky-su/202512/dua-sap-tro-thanh-nhip-cau-ket-noi-van-hoa-cong-dong-a104188/,docs/archive/bao_cao_nghien_cuu_van_hoa_du_lich_vinh_long_tra_vinh_ben_tre_2025_2026.md,396,research_report,070. 2025-12-20 | Trà Vinh | Dừa sáp trở thành nhịp cầu kết nối văn hóa cộng đồng | https://baovinhlong.com.vn/phong-su-ky-su/202512/dua-sap-tro-thanh-nhip-cau-ket-noi-van-hoa-cong-dong-a104188/
https://baovinhlong.com.vn/xa-hoi/202512/nang-cao-nghiep-vu-lam-du-lich-cong-dong-va-du-lich-duong-thuy-7672019/,docs/archive/bao_cao_nghien_cuu_van_hoa_du_lich_vinh_long_tra_vinh_ben_tre_2025_2026.md,397,research_report,071. 2025-12-19 | Vĩnh Long | Nâng cao nghiệp vụ làm du lịch cộng đồng và du lịch đường thủy | https://baovinhlong.com.vn/xa-hoi/202512/nang-cao-nghiep-vu-lam-du-lich-cong-dong-va-du-lich-duong-thuy-7672019/
https://baovinhlong.com.vn/xa-hoi/du-lich/202512/ong-tran-ba-sanh-duoc-bau-lam-chu-tich-hiep-hoi-du-lich-tinh-vinh-long-nhiem-ky-20252030-2c7084b/,docs/archive/bao_cao_nghien_cuu_van_hoa_du_lich_vinh_long_tra_vinh_ben_tre_2025_2026.md,398,research_report,072. 2025-12-18 | Vĩnh Long; Bến Tre | Ông Trần Bá Sanh được bầu làm Chủ tịch Hiệp hội Du lịch tỉnh Vĩnh Long nhiệm kỳ 2025–2030 | https://baovinhlong.com.vn/xa-hoi/du-lich/202512/ong-tran-ba-sanh-duoc-bau-lam-chu-tich-hiep-hoi-du-lich-tinh-vinh-long-nhiem-ky-20252030-2c7084b/
https://baovinhlong.com.vn/xa-hoi/du-lich/202512/cong-nhan-bao-tang-dua-sap-tra-vinh-diem-du-lich-tieu-bieu-dbscl-52d0937/,docs/archive/bao_cao_nghien_cuu_van_hoa_du_lich_vinh_long_tra_vinh_ben_tre_2025_2026.md,399,research_report,073. 2025-12-14 | Vĩnh Long; Trà Vinh | Công nhận Bảo tàng dừa sáp Trà Vinh- điểm du lịch tiêu biểu ĐBSCL | https://baovinhlong.com.vn/xa-hoi/du-lich/202512/cong-nhan-bao-tang-dua-sap-tra-vinh-diem-du-lich-tieu-bieu-dbscl-52d0937/
https://baovinhlong.com.vn/van-hoa-giai-tri/202512/50-hoc-vien-du-tap-huan-bao-ton-phat-huy-gia-tri-nghe-thuat-mua-ro-bam-gan-voi-phat-trien-du-lich-f4b2c97/,docs/archive/bao_cao_nghien_cuu_van_hoa_du_lich_vinh_long_tra_vinh_ben_tre_2025_2026.md,400,research_report,"074. 2025-12-12 | Vĩnh Long | 50 học viên dự tập huấn bảo tồn, phát huy giá trị nghệ thuật múa Rô-băm gắn với phát triển du lịch | https://baovinhlong.com.vn/van-hoa-giai-tri/202512/50-hoc-vien-du-tap-huan-bao-ton-phat-huy-gia-tri-nghe-thuat-mua-ro-bam-gan-voi-phat-trien-du-lich-f4b2c97/"
https://baovinhlong.com.vn/xa-hoi/du-lich/202512/khao-sat-phat-trien-du-lich-lang-nghe-va-du-lich-nong-nghiep-tai-vinh-long-8de34c4/,docs/archive/bao_cao_nghien_cuu_van_hoa_du_lich_vinh_long_tra_vinh_ben_tre_2025_2026.md,401,research_report,075. 2025-12-10 | Vĩnh Long; Bến Tre | Khảo sát phát triển du lịch làng nghề và du lịch nông nghiệp tại Vĩnh Long | https://baovinhlong.com.vn/xa-hoi/du-lich/202512/khao-sat-phat-trien-du-lich-lang-nghe-va-du-lich-nong-nghiep-tai-vinh-long-8de34c4/
https://baovinhlong.com.vn/xa-hoi/du-lich/202512/them-co-hoi-cho-nganh-du-lich-tinh-vuon-minh-3130a8c/,docs/archive/bao_cao_nghien_cuu_van_hoa_du_lich_vinh_long_tra_vinh_ben_tre_2025_2026.md,402,research_report,076. 2025-12-05 | Vĩnh Long; Trà Vinh | Thêm cơ hội cho ngành du lịch tỉnh vươn mình | https://baovinhlong.com.vn/xa-hoi/du-lich/202512/them-co-hoi-cho-nganh-du-lich-tinh-vuon-minh-3130a8c/
https://baovinhlong.com.vn/phong-su-anh/202512/tram-am-duong-gom-do-ve-dem-1345515/,docs/archive/bao_cao_nghien_cuu_van_hoa_du_lich_vinh_long_tra_vinh_ben_tre_2025_2026.md,403,research_report,077. 2025-12-01 | Vĩnh Long | Trầm ấm đường gốm đỏ về đêm | https://baovinhlong.com.vn/phong-su-anh/202512/tram-am-duong-gom-do-ve-dem-1345515/
https://baovinhlong.com.vn/xa-hoi/du-lich/202511/dua-du-lich-tinh-vuon-tam-dde44c2/,docs/archive/bao_cao_nghien_cuu_van_hoa_du_lich_vinh_long_tra_vinh_ben_tre_2025_2026.md,404,research_report,078. 2025-11-29 | Vĩnh Long; Trà Vinh | Đưa du lịch tỉnh vươn tầm | https://baovinhlong.com.vn/xa-hoi/du-lich/202511/dua-du-lich-tinh-vuon-tam-dde44c2/
https://baovinhlong.com.vn/xa-hoi/du-lich/202511/tren-30-doanh-nghiep-lu-hanh-quoc-te-khao-sat-diem-du-lich-tieu-bieu-tai-vinh-long-a1a3dcc/,docs/archive/bao_cao_nghien_cuu_van_hoa_du_lich_vinh_long_tra_vinh_ben_tre_2025_2026.md,405,research_report,079. 2025-11-26 | Vĩnh Long | Trên 30 doanh nghiệp lữ hành quốc tế khảo sát điểm du lịch tiêu biểu tại Vĩnh Long | https://baovinhlong.com.vn/xa-hoi/du-lich/202511/tren-30-doanh-nghiep-lu-hanh-quoc-te-khao-sat-diem-du-lich-tieu-bieu-tai-vinh-long-a1a3dcc/
https://baovinhlong.com.vn/van-hoa-giai-tri/202511/vinh-long-tham-gia-tuan-dai-doan-ket-cac-dan-toc-di-sanvan-hoa-viet-nam-nam-2025-14e25a6/,docs/archive/bao_cao_nghien_cuu_van_hoa_du_lich_vinh_long_tra_vinh_ben_tre_2025_2026.md,406,research_report,080. 2025-11-24 | Vĩnh Long | Vĩnh Long tham gia Tuần “Đại đoàn kết các dân tộc - Di sản Văn hóa Việt Nam” năm 2025 | https://baovinhlong.com.vn/van-hoa-giai-tri/202511/vinh-long-tham-gia-tuan-dai-doan-ket-cac-dan-toc-di-sanvan-hoa-viet-nam-nam-2025-14e25a6/
https://baovinhlong.com.vn/xa-hoi/du-lich/202511/day-manh-lien-ket-trong-phat-trien-du-lich-f2c40b6/,docs/archive/bao_cao_nghien_cuu_van_hoa_du_lich_vinh_long_tra_vinh_ben_tre_2025_2026.md,407,research_report,081. 2025-11-21 | Vĩnh Long; Trà Vinh; Bến Tre | Đẩy mạnh liên kết trong phát triển du lịch | https://baovinhlong.com.vn/xa-hoi/du-lich/202511/day-manh-lien-ket-trong-phat-trien-du-lich-f2c40b6/
https://baovinhlong.com.vn/xa-hoi/du-lich/202511/phat-trien-ket-cau-ha-tang-co-so-vat-chat-phat-trien-du-lich-e3116f5/,docs/archive/bao_cao_nghien_cuu_van_hoa_du_lich_vinh_long_tra_vinh_ben_tre_2025_2026.md,408,research_report,"082. 2025-11-20 | Vĩnh Long; Bến Tre | Phát triển kết cấu hạ tầng, cơ sở vật chất phát triển du lịch | https://baovinhlong.com.vn/xa-hoi/du-lich/202511/phat-trien-ket-cau-ha-tang-co-so-vat-chat-phat-trien-du-lich-e3116f5/"
https://baovinhlong.com.vn/xa-hoi/du-lich/202511/ky-ket-hop-tac-phat-trien-du-lich-voi-dong-nai-dong-thap-va-tp-can-tho-8b83047/,docs/archive/bao_cao_nghien_cuu_van_hoa_du_lich_vinh_long_tra_vinh_ben_tre_2025_2026.md,409,research_report,"083. 2025-11-19 | Vĩnh Long | Ký kết hợp tác phát triển du lịch với Đồng Nai, Đồng Tháp và TP Cần Thơ | https://baovinhlong.com.vn/xa-hoi/du-lich/202511/ky-ket-hop-tac-phat-trien-du-lich-voi-dong-nai-dong-thap-va-tp-can-tho-8b83047/"
https://baovinhlong.com.vn/xa-hoi/du-lich/202511/phat-trien-du-lich-xanh-ben-vung-trong-boi-canh-moi-6ff13aa/,docs/archive/bao_cao_nghien_cuu_van_hoa_du_lich_vinh_long_tra_vinh_ben_tre_2025_2026.md,410,research_report,"084. 2025-11-08 | Vĩnh Long; Bến Tre | Phát triển du lịch xanh, bền vững trong bối cảnh mới | https://baovinhlong.com.vn/xa-hoi/du-lich/202511/phat-trien-du-lich-xanh-ben-vung-trong-boi-canh-moi-6ff13aa/"
https://baovinhlong.com.vn/phong-su-anh/202511/dac-sac-dem-hoi-ok-om-bok-4aa14cb/,docs/archive/bao_cao_nghien_cuu_van_hoa_du_lich_vinh_long_tra_vinh_ben_tre_2025_2026.md,411,research_report,085. 2025-11-06 | Vĩnh Long; Trà Vinh | Đặc sắc đêm hội Ok Om Bok | https://baovinhlong.com.vn/phong-su-anh/202511/dac-sac-dem-hoi-ok-om-bok-4aa14cb/
https://baovinhlong.com.vn/van-hoa-giai-tri/202511/ngan-vang-lan-dieu-am-nhac-dan-toc-khmer-f330f03/,docs/archive/bao_cao_nghien_cuu_van_hoa_du_lich_vinh_long_tra_vinh_ben_tre_2025_2026.md,412,research_report,086. 2025-11-06 | Trà Vinh | Ngân vang làn điệu âm nhạc dân tộc Khmer | https://baovinhlong.com.vn/van-hoa-giai-tri/202511/ngan-vang-lan-dieu-am-nhac-dan-toc-khmer-f330f03/
https://baovinhlong.com.vn/xa-hoi/du-lich/202511/doan-cong-tac-cuc-du-lich-quoc-gia-ve-phat-trien-du-lich-lam-viec-tai-tinh-5e60425/,docs/archive/bao_cao_nghien_cuu_van_hoa_du_lich_vinh_long_tra_vinh_ben_tre_2025_2026.md,413,research_report,087. 2025-11-05 | Vĩnh Long; Trà Vinh; Bến Tre | Đoàn công tác Cục Du lịch quốc gia về phát triển du lịch làm việc tại tỉnh | https://baovinhlong.com.vn/xa-hoi/du-lich/202511/doan-cong-tac-cuc-du-lich-quoc-gia-ve-phat-trien-du-lich-lam-viec-tai-tinh-5e60425/
https://baovinhlong.com.vn/van-hoa-giai-tri/202511/ron-rang-dem-hoi-ok-om-bok-tinh-vinh-long-2025-78e07a6/,docs/archive/bao_cao_nghien_cuu_van_hoa_du_lich_vinh_long_tra_vinh_ben_tre_2025_2026.md,414,research_report,088. 2025-11-05 | Vĩnh Long; Trà Vinh | Rộn ràng đêm hội Ok Om Bok tỉnh Vĩnh Long 2025 | https://baovinhlong.com.vn/van-hoa-giai-tri/202511/ron-rang-dem-hoi-ok-om-bok-tinh-vinh-long-2025-78e07a6/
https://baovinhlong.com.vn/xa-hoi/du-lich/202511/khao-sat-tham-dinh-2-diem-du-lich-tieu-bieu-dong-bang-song-cuu-long-tai-tinh-ae603ef/,docs/archive/bao_cao_nghien_cuu_van_hoa_du_lich_vinh_long_tra_vinh_ben_tre_2025_2026.md,415,research_report,"089. 2025-11-03 | Vĩnh Long; Trà Vinh | Khảo sát, thẩm định 2 điểm du lịch tiêu biểu Đồng bằng sông Cửu Long tại tỉnh | https://baovinhlong.com.vn/xa-hoi/du-lich/202511/khao-sat-tham-dinh-2-diem-du-lich-tieu-bieu-dong-bang-song-cuu-long-tai-tinh-ae603ef/"
https://baovinhlong.com.vn/van-hoa-giai-tri/202511/12-doan-tham-gia-hoi-thi-trinh-dien-nhac-cu-chao-mung-le-hoi-ok-om-bok-9260beb/,docs/archive/bao_cao_nghien_cuu_van_hoa_du_lich_vinh_long_tra_vinh_ben_tre_2025_2026.md,416,research_report,090. 2025-11-01 | Vĩnh Long; Trà Vinh | 12 đoàn tham gia Hội thi trình diễn nhạc cụ chào mừng Lễ hội Ok Om Bok | https://baovinhlong.com.vn/van-hoa-giai-tri/202511/12-doan-tham-gia-hoi-thi-trinh-dien-nhac-cu-chao-mung-le-hoi-ok-om-bok-9260beb/
https://baovinhlong.com.vn/nhip-song-dong-bang/202511/trai-nghiem-miet-vuon-song-nuoc-o-cu-lao-an-binh-34a03cf/,docs/archive/bao_cao_nghien_cuu_van_hoa_du_lich_vinh_long_tra_vinh_ben_tre_2025_2026.md,417,research_report,091. 2025-11-01 | Vĩnh Long | Trải nghiệm miệt vườn sông nước ở cù lao An Bình | https://baovinhlong.com.vn/nhip-song-dong-bang/202511/trai-nghiem-miet-vuon-song-nuoc-o-cu-lao-an-binh-34a03cf/
https://baovinhlong.com.vn/phong-su-anh/202510/dac-sac-chuong-trinh-nghe-thuat-chao-mung-le-hoi-ok-om-bok-afc0c63/,docs/archive/bao_cao_nghien_cuu_van_hoa_du_lich_vinh_long_tra_vinh_ben_tre_2025_2026.md,418,research_report,092. 2025-10-31 | Vĩnh Long; Trà Vinh | Đặc sắc chương trình nghệ thuật chào mừng Lễ hội Ok Om Bok | https://baovinhlong.com.vn/phong-su-anh/202510/dac-sac-chuong-trinh-nghe-thuat-chao-mung-le-hoi-ok-om-bok-afc0c63/
https://baovinhlong.com.vn/van-hoa-giai-tri/202510/khai-mac-chuoi-hoat-dong-tai-tuan-le-van-hoa-the-thao-va-du-lich-3d53b74/,docs/archive/bao_cao_nghien_cuu_van_hoa_du_lich_vinh_long_tra_vinh_ben_tre_2025_2026.md,419,research_report,"093. 2025-10-30 | Trà Vinh | Khai mạc chuỗi hoạt động tại Tuần lễ Văn hóa, Thể thao và Du lịch | https://baovinhlong.com.vn/van-hoa-giai-tri/202510/khai-mac-chuoi-hoat-dong-tai-tuan-le-van-hoa-the-thao-va-du-lich-3d53b74/"
https://baovinhlong.com.vn/thoi-su/202510/vinh-long-khai-mac-tuan-le-van-hoa-the-thao-va-du-lich-chao-mung-le-hoi-ok-om-bok-88b42e3/,docs/archive/bao_cao_nghien_cuu_van_hoa_du_lich_vinh_long_tra_vinh_ben_tre_2025_2026.md,420,research_report,"094. 2025-10-30 | Vĩnh Long; Trà Vinh | Vĩnh Long khai mạc Tuần lễ Văn hóa, Thể thao và Du lịch chào mừng Lễ hội Ok Om Bok | https://baovinhlong.com.vn/thoi-su/202510/vinh-long-khai-mac-tuan-le-van-hoa-the-thao-va-du-lich-chao-mung-le-hoi-ok-om-bok-88b42e3/"
https://baovinhlong.com.vn/xa-hoi/du-lich/202510/cai-thien-chat-luong-nguon-nhan-luc-du-lich-0c33912/,docs/archive/bao_cao_nghien_cuu_van_hoa_du_lich_vinh_long_tra_vinh_ben_tre_2025_2026.md,421,research_report,095. 2025-10-29 | Vĩnh Long | Cải thiện chất lượng nguồn nhân lực du lịch | https://baovinhlong.com.vn/xa-hoi/du-lich/202510/cai-thien-chat-luong-nguon-nhan-luc-du-lich-0c33912/
https://baovinhlong.com.vn/nhip-song-dong-bang/202510/le-hoi-ok-om-bok-giu-gin-va-lan-toa-gia-tri-van-hoa-khmer-dd830aa/,docs/archive/bao_cao_nghien_cuu_van_hoa_du_lich_vinh_long_tra_vinh_ben_tre_2025_2026.md,422,research_report,096. 2025-10-29 | Vĩnh Long | Lễ hội Ok Om Bok: Giữ gìn và lan tỏa giá trị văn hóa Khmer | https://baovinhlong.com.vn/nhip-song-dong-bang/202510/le-hoi-ok-om-bok-giu-gin-va-lan-toa-gia-tri-van-hoa-khmer-dd830aa/
https://baovinhlong.com.vn/chinh-tri/202510/phat-trien-van-hoa-gan-voi-du-lich-xanh-huong-den-phat-trien-ben-vung-trong-giai-doan-toi-37a24b3/,docs/archive/bao_cao_nghien_cuu_van_hoa_du_lich_vinh_long_tra_vinh_ben_tre_2025_2026.md,423,research_report,097. 2025-10-29 | Vĩnh Long | Phát triển văn hóa gắn với du lịch xanh hướng đến phát triển bền vững trong giai đoạn tới | https://baovinhlong.com.vn/chinh-tri/202510/phat-trien-van-hoa-gan-voi-du-lich-xanh-huong-den-phat-trien-ben-vung-trong-giai-doan-toi-37a24b3/
https://baovinhlong.com.vn/multimedia/202510/doc-dao-sac-mau-le-hoi-kathina-o-vinh-long-0b12ba1/,docs/archive/bao_cao_nghien_cuu_van_hoa_du_lich_vinh_long_tra_vinh_ben_tre_2025_2026.md,424,research_report,098. 2025-10-28 | Vĩnh Long | Độc đáo sắc màu Lễ hội Kathina ở Vĩnh Long | https://baovinhlong.com.vn/multimedia/202510/doc-dao-sac-mau-le-hoi-kathina-o-vinh-long-0b12ba1/
https://baovinhlong.com.vn/thoi-su/202510/kiem-tra-cong-tac-chuan-bi-tuan-le-van-hoa-the-thao-va-du-lich-chao-mung-le-hoi-ok-om-bok-nam-2025-31e32d9/,docs/archive/bao_cao_nghien_cuu_van_hoa_du_lich_vinh_long_tra_vinh_ben_tre_2025_2026.md,425,research_report,"099. 2025-10-27 | Vĩnh Long | Kiểm tra công tác chuẩn bị Tuần lễ Văn hóa, Thể thao và Du lịch chào mừng Lễ hội Ok Om Bok năm 2025 | https://baovinhlong.com.vn/thoi-su/202510/kiem-tra-cong-tac-chuan-bi-tuan-le-van-hoa-the-thao-va-du-lich-chao-mung-le-hoi-ok-om-bok-nam-2025-31e32d9/"
https://baovinhlong.com.vn/xa-hoi/202510/kien-tao-khong-gian-dac-trung-lang-van-hoa-du-lich-cho-lach-33703b3/,docs/archive/bao_cao_nghien_cuu_van_hoa_du_lich_vinh_long_tra_vinh_ben_tre_2025_2026.md,426,research_report,100. 2025-10-26 | Bến Tre | Kiến tạo không gian đặc trưng Làng văn hóa du lịch Chợ Lách | https://baovinhlong.com.vn/xa-hoi/202510/kien-tao-khong-gian-dac-trung-lang-van-hoa-du-lich-cho-lach-33703b3/
https://baovinhlong.com.vn/tin-moi/202510/infographic-cac-hoat-dong-chao-mung-le-hoi-ok-om-bok-nam-2025-tai-tinh-vinh-long-77d07db/,docs/archive/bao_cao_nghien_cuu_van_hoa_du_lich_vinh_long_tra_vinh_ben_tre_2025_2026.md,427,research_report,101. 2025-10-23 | Vĩnh Long | [Infographic] Các hoạt động chào mừng Lễ hội Ok Om Bok năm 2025 tại tỉnh Vĩnh Long | https://baovinhlong.com.vn/tin-moi/202510/infographic-cac-hoat-dong-chao-mung-le-hoi-ok-om-bok-nam-2025-tai-tinh-vinh-long-77d07db/
https://baovinhlong.com.vn/van-hoa-giai-tri/202510/trien-lam-trung-bay-cac-san-pham-cua-dong-bao-dan-toc-khmer-0ae4819/,docs/archive/bao_cao_nghien_cuu_van_hoa_du_lich_vinh_long_tra_vinh_ben_tre_2025_2026.md,428,research_report,"102. 2025-10-20 | Trà Vinh | Triển lãm, trưng bày các sản phẩm của đồng bào dân tộc Khmer | https://baovinhlong.com.vn/van-hoa-giai-tri/202510/trien-lam-trung-bay-cac-san-pham-cua-dong-bao-dan-toc-khmer-0ae4819/"
https://baovinhlong.com.vn/xa-hoi/du-lich/202510/don-gan-7-trieu-luot-du-khach-trong-9-thang-5c73188/,docs/archive/bao_cao_nghien_cuu_van_hoa_du_lich_vinh_long_tra_vinh_ben_tre_2025_2026.md,429,research_report,103. 2025-10-14 | Vĩnh Long | Đón gần 7 triệu lượt du khách trong 9 tháng | https://baovinhlong.com.vn/xa-hoi/du-lich/202510/don-gan-7-trieu-luot-du-khach-trong-9-thang-5c73188/
https://baovinhlong.com.vn/video/202510/lang-nghe-mat-xich-quan-trong-phat-trien-du-lich-duong-song-tinh-vinh-long-9500d8a/,docs/archive/bao_cao_nghien_cuu_van_hoa_du_lich_vinh_long_tra_vinh_ben_tre_2025_2026.md,430,research_report,104. 2025-10-14 | Vĩnh Long | Làng nghề - mắt xích quan trọng phát triển du lịch đường sông tỉnh Vĩnh Long | https://baovinhlong.com.vn/video/202510/lang-nghe-mat-xich-quan-trong-phat-trien-du-lich-duong-song-tinh-vinh-long-9500d8a/
https://baovinhlong.com.vn/kinh-te/202510/cho-lach-tap-trung-phat-trien-cac-lang-nghe-truyen-thong-gan-voi-du-lich-dec2d84/,docs/archive/bao_cao_nghien_cuu_van_hoa_du_lich_vinh_long_tra_vinh_ben_tre_2025_2026.md,431,research_report,105. 2025-10-10 | Bến Tre | Chợ Lách tập trung phát triển các làng nghề truyền thống gắn với du lịch | https://baovinhlong.com.vn/kinh-te/202510/cho-lach-tap-trung-phat-trien-cac-lang-nghe-truyen-thong-gan-voi-du-lich-dec2d84/
https://baovinhlong.com.vn/kinh-te/202510/kien-tao-khong-gian-moi-khai-mo-tiem-nang-phat-trien-ky-3huong-den-do-thi-da-cuc-du-lich-tro-thanh-nganh-kinh-te-mui-nhon-0120585/,docs/archive/bao_cao_nghien_cuu_van_hoa_du_lich_vinh_long_tra_vinh_ben_tre_2025_2026.md,432,research_report,"106. 2025-10-10 | Vĩnh Long | Kỳ 3: Hướng đến “đô thị đa cực”, du lịch trở thành ngành kinh tế mũi nhọn | https://baovinhlong.com.vn/kinh-te/202510/kien-tao-khong-gian-moi-khai-mo-tiem-nang-phat-trien-ky-3huong-den-do-thi-da-cuc-du-lich-tro-thanh-nganh-kinh-te-mui-nhon-0120585/"
https://baovinhlong.com.vn/chinh-tri/202510/phuong-truong-long-hoa-tap-trung-phat-trien-nong-nghiep-thuy-san-thuong-mai-va-du-lich-a671b47/,docs/archive/bao_cao_nghien_cuu_van_hoa_du_lich_vinh_long_tra_vinh_ben_tre_2025_2026.md,433,research_report,"107. 2025-10-06 | Trà Vinh | Phường Trường Long Hòa tập trung phát triển nông nghiệp, thủy sản, thương mại và du lịch | https://baovinhlong.com.vn/chinh-tri/202510/phuong-truong-long-hoa-tap-trung-phat-trien-nong-nghiep-thuy-san-thuong-mai-va-du-lich-a671b47/"
https://baovinhlong.com.vn/xa-hoi/du-lich/202510/khai-thac-the-manh-am-thuc-phuc-vu-du-lich-10907f4/,docs/archive/bao_cao_nghien_cuu_van_hoa_du_lich_vinh_long_tra_vinh_ben_tre_2025_2026.md,434,research_report,108. 2025-10-03 | Vĩnh Long; Trà Vinh; Bến Tre | Khai thác thế mạnh ẩm thực phục vụ du lịch | https://baovinhlong.com.vn/xa-hoi/du-lich/202510/khai-thac-the-manh-am-thuc-phuc-vu-du-lich-10907f4/
https://baovinhlong.com.vn/nhip-song-dong-bang/202510/dua-du-lich-tung-buoc-tro-thanh-nganh-kinh-te-mui-nhon-3cc0e4c/,docs/archive/bao_cao_nghien_cuu_van_hoa_du_lich_vinh_long_tra_vinh_ben_tre_2025_2026.md,435,research_report,109. 2025-10-02 | Vĩnh Long | Đưa du lịch từng bước trở thành ngành kinh tế mũi nhọn | https://baovinhlong.com.vn/nhip-song-dong-bang/202510/dua-du-lich-tung-buoc-tro-thanh-nganh-kinh-te-mui-nhon-3cc0e4c/
https://baovinhlong.com.vn/xa-hoi/du-lich/202509/vinh-danh-nhung-dai-su-thuong-hieu-du-lich-0fa3283/,docs/archive/bao_cao_nghien_cuu_van_hoa_du_lich_vinh_long_tra_vinh_ben_tre_2025_2026.md,436,research_report,110. 2025-09-29 | Vĩnh Long | Vinh danh những đại sứ thương hiệu du lịch | https://baovinhlong.com.vn/xa-hoi/du-lich/202509/vinh-danh-nhung-dai-su-thuong-hieu-du-lich-0fa3283/
https://baovinhlong.com.vn/video/202509/the-manh-duong-song-du-dia-phat-trien-du-lich-vinh-long-sau-hop-nhat-c861db5/,docs/archive/bao_cao_nghien_cuu_van_hoa_du_lich_vinh_long_tra_vinh_ben_tre_2025_2026.md,437,research_report,111. 2025-09-26 | Vĩnh Long | Thế mạnh đường sông – Dư địa phát triển du lịch Vĩnh Long sau hợp nhất | https://baovinhlong.com.vn/video/202509/the-manh-duong-song-du-dia-phat-trien-du-lich-vinh-long-sau-hop-nhat-c861db5/
https://baovinhlong.com.vn/xa-hoi/du-lich/202509/toa-dam-ve-cung-co-va-hoan-thien-tuyen-diem-san-pham-du-lich-duong-song-fc91905/,docs/archive/bao_cao_nghien_cuu_van_hoa_du_lich_vinh_long_tra_vinh_ben_tre_2025_2026.md,438,research_report,"112. 2025-09-26 | Vĩnh Long | Toạ đàm về củng cố và hoàn thiện tuyến, điểm sản phẩm du lịch đường sông | https://baovinhlong.com.vn/xa-hoi/du-lich/202509/toa-dam-ve-cung-co-va-hoan-thien-tuyen-diem-san-pham-du-lich-duong-song-fc91905/"
https://baovinhlong.com.vn/xa-hoi/du-lich/202509/to-chuc-famtrip-khao-sat-san-pham-du-lich-duong-song-tai-vinh-long-18531dc/,docs/archive/bao_cao_nghien_cuu_van_hoa_du_lich_vinh_long_tra_vinh_ben_tre_2025_2026.md,439,research_report,113. 2025-09-25 | Vĩnh Long | Tổ chức Famtrip khảo sát sản phẩm du lịch đường sông tại Vĩnh Long | https://baovinhlong.com.vn/xa-hoi/du-lich/202509/to-chuc-famtrip-khao-sat-san-pham-du-lich-duong-song-tai-vinh-long-18531dc/
https://baovinhlong.com.vn/xa-hoi/du-lich/202509/phan-dau-3-thang-cuoi-nam-thu-hut-hon-22-trieu-luot-du-khach-25e03a7/,docs/archive/bao_cao_nghien_cuu_van_hoa_du_lich_vinh_long_tra_vinh_ben_tre_2025_2026.md,440,research_report,"114. 2025-09-23 | Vĩnh Long; Bến Tre | Phấn đấu 3 tháng cuối năm thu hút hơn 2,2 triệu lượt du khách | https://baovinhlong.com.vn/xa-hoi/du-lich/202509/phan-dau-3-thang-cuoi-nam-thu-hut-hon-22-trieu-luot-du-khach-25e03a7/"
https://baovinhlong.com.vn/xa-hoi/du-lich/202509/toa-dam-ket-noi-du-lich-phia-dong-song-hau-7072f7c/,docs/archive/bao_cao_nghien_cuu_van_hoa_du_lich_vinh_long_tra_vinh_ben_tre_2025_2026.md,441,research_report,115. 2025-09-19 | Vĩnh Long; Trà Vinh; Bến Tre | Tọa đàm kết nối du lịch phía Đông sông Hậu | https://baovinhlong.com.vn/xa-hoi/du-lich/202509/toa-dam-ket-noi-du-lich-phia-dong-song-hau-7072f7c/
https://baovinhlong.com.vn/vinh-long-dat-nuoc-con-nguoi/202509/ve-cai-von-thuong-thuc-dac-san-ben-song-hau-6fe03cd/,docs/archive/bao_cao_nghien_cuu_van_hoa_du_lich_vinh_long_tra_vinh_ben_tre_2025_2026.md,442,research_report,116. 2025-09-16 | Vĩnh Long | Về Cái Vồn thưởng thức đặc sản bên sông Hậu | https://baovinhlong.com.vn/vinh-long-dat-nuoc-con-nguoi/202509/ve-cai-von-thuong-thuc-dac-san-ben-song-hau-6fe03cd/
https://baovinhlong.com.vn/xa-hoi/202509/khai-mac-tuan-le-vu-lan-thang-hoi-tai-xa-cau-ke-f3306db/,docs/archive/bao_cao_nghien_cuu_van_hoa_du_lich_vinh_long_tra_vinh_ben_tre_2025_2026.md,443,research_report,117. 2025-09-14 | Trà Vinh | Khai mạc Tuần lễ Vu lan Thắng hội tại xã Cầu Kè | https://baovinhlong.com.vn/xa-hoi/202509/khai-mac-tuan-le-vu-lan-thang-hoi-tai-xa-cau-ke-f3306db/
https://baovinhlong.com.vn/xa-hoi/du-lich/202509/tuan-le-vu-lan-thang-hoi-dien-ra-tu-ngay-13-199-7fe1191/,docs/archive/bao_cao_nghien_cuu_van_hoa_du_lich_vinh_long_tra_vinh_ben_tre_2025_2026.md,444,research_report,118. 2025-09-12 | Vĩnh Long; Trà Vinh | Tuần lễ Vu lan Thắng hội diễn ra từ ngày 13-19/9 | https://baovinhlong.com.vn/xa-hoi/du-lich/202509/tuan-le-vu-lan-thang-hoi-dien-ra-tu-ngay-13-199-7fe1191/
https://baovinhlong.com.vn/xa-hoi/du-lich/202509/quang-ba-du-lich-vinh-long-tai-hoi-cho-du-lich-quoc-te-tp-ho-chi-minh-44d03c8/,docs/archive/bao_cao_nghien_cuu_van_hoa_du_lich_vinh_long_tra_vinh_ben_tre_2025_2026.md,445,research_report,119. 2025-09-07 | Vĩnh Long | Quảng bá du lịch Vĩnh Long tại Hội chợ Du lịch quốc tế TP Hồ Chí Minh | https://baovinhlong.com.vn/xa-hoi/du-lich/202509/quang-ba-du-lich-vinh-long-tai-hoi-cho-du-lich-quoc-te-tp-ho-chi-minh-44d03c8/
https://baovinhlong.com.vn/xa-hoi/202509/du-lich-don-tin-hieu-kha-quan-tu-ky-nghi-le-a1809c7/,docs/archive/bao_cao_nghien_cuu_van_hoa_du_lich_vinh_long_tra_vinh_ben_tre_2025_2026.md,446,research_report,120. 2025-09-04 | Vĩnh Long | Du lịch đón tín hiệu khả quan từ kỳ nghỉ lễ | https://baovinhlong.com.vn/xa-hoi/202509/du-lich-don-tin-hieu-kha-quan-tu-ky-nghi-le-a1809c7/
https://baovinhlong.com.vn/xa-hoi/du-lich/202509/nhon-phu-day-manh-phat-trien-du-lich-gan-voi-nong-nghiep-a1c12d7/,docs/archive/bao_cao_nghien_cuu_van_hoa_du_lich_vinh_long_tra_vinh_ben_tre_2025_2026.md,447,research_report,121. 2025-09-03 | Vĩnh Long | Nhơn Phú đẩy mạnh phát triển du lịch gắn với nông nghiệp | https://baovinhlong.com.vn/xa-hoi/du-lich/202509/nhon-phu-day-manh-phat-trien-du-lich-gan-voi-nong-nghiep-a1c12d7/
https://baovinhlong.com.vn/van-hoa-giai-tri/202509/van-thanh-mieu-luu-giu-ve-dep-truyen-thong-cua-dan-toc-7e21432/,docs/archive/bao_cao_nghien_cuu_van_hoa_du_lich_vinh_long_tra_vinh_ben_tre_2025_2026.md,448,research_report,122. 2025-09-01 | Vĩnh Long | Văn Thánh miếu- Lưu giữ vẻ đẹp truyền thống của dân tộc | https://baovinhlong.com.vn/van-hoa-giai-tri/202509/van-thanh-mieu-luu-giu-ve-dep-truyen-thong-cua-dan-toc-7e21432/
https://baovinhlong.com.vn/chinh-tri/202508/nhon-phu-phat-trien-dich-vu-du-lich-gan-voi-khu-lo-gach-gom-mang-thit-f2e2796/,docs/archive/bao_cao_nghien_cuu_van_hoa_du_lich_vinh_long_tra_vinh_ben_tre_2025_2026.md,449,research_report,"123. 2025-08-28 | Vĩnh Long | Nhơn Phú phát triển dịch vụ du lịch gắn với “Khu lò gạch, gốm Mang Thít” | https://baovinhlong.com.vn/chinh-tri/202508/nhon-phu-phat-trien-dich-vu-du-lich-gan-voi-khu-lo-gach-gom-mang-thit-f2e2796/"
https://baovinhlong.com.vn/van-hoa-giai-tri/202508/van-thanh-mieu-to-chuc-le-gio-lan-thu-158-cu-phan-thanh-gian-b9e2695/,docs/archive/bao_cao_nghien_cuu_van_hoa_du_lich_vinh_long_tra_vinh_ben_tre_2025_2026.md,450,research_report,124. 2025-08-27 | Vĩnh Long | Văn Thánh Miếu tổ chức lễ giỗ lần thứ 158 cụ Phan Thanh Giản | https://baovinhlong.com.vn/van-hoa-giai-tri/202508/van-thanh-mieu-to-chuc-le-gio-lan-thu-158-cu-phan-thanh-gian-b9e2695/
https://baovinhlong.com.vn/kinh-te/202508/ket-noi-cac-vung-ven-bien-tao-khong-gian-phat-trien-moi-61515a4/,docs/archive/bao_cao_nghien_cuu_van_hoa_du_lich_vinh_long_tra_vinh_ben_tre_2025_2026.md,451,research_report,"125. 2025-08-26 | Vĩnh Long | Kết nối các vùng ven biển, tạo không gian phát triển mới | https://baovinhlong.com.vn/kinh-te/202508/ket-noi-cac-vung-ven-bien-tao-khong-gian-phat-trien-moi-61515a4/"
https://baovinhlong.com.vn/xa-hoi/du-lich/202508/nganh-du-lich-tinh-chuan-bi-don-du-khach-dip-le-29-70b1669/,docs/archive/bao_cao_nghien_cuu_van_hoa_du_lich_vinh_long_tra_vinh_ben_tre_2025_2026.md,452,research_report,126. 2025-08-26 | Vĩnh Long; Trà Vinh; Bến Tre | Ngành du lịch tỉnh chuẩn bị đón du khách dịp lễ 2/9 | https://baovinhlong.com.vn/xa-hoi/du-lich/202508/nganh-du-lich-tinh-chuan-bi-don-du-khach-dip-le-29-70b1669/
https://baovinhlong.com.vn/video/202508/du-lich-vinh-long-chuan-bi-phuc-vu-le-29-10e2e61/,docs/archive/bao_cao_nghien_cuu_van_hoa_du_lich_vinh_long_tra_vinh_ben_tre_2025_2026.md,453,research_report,127. 2025-08-25 | Vĩnh Long | Du lịch Vĩnh Long chuẩn bị phục vụ lễ 2/9 | https://baovinhlong.com.vn/video/202508/du-lich-vinh-long-chuan-bi-phuc-vu-le-29-10e2e61/
https://baovinhlong.com.vn/xa-hoi/du-lich/202508/nganh-du-lich-chuan-bi-don-khach-dip-le-29-c0a13a1/,docs/archive/bao_cao_nghien_cuu_van_hoa_du_lich_vinh_long_tra_vinh_ben_tre_2025_2026.md,454,research_report,128. 2025-08-25 | Vĩnh Long | Ngành du lịch chuẩn bị đón khách dịp lễ 2/9 | https://baovinhlong.com.vn/xa-hoi/du-lich/202508/nganh-du-lich-chuan-bi-don-khach-dip-le-29-c0a13a1/
https://baovinhlong.com.vn/nhip-song-dong-bang/202508/suc-song-moi-tu-nhung-lo-gach-cu-be712da/,docs/archive/bao_cao_nghien_cuu_van_hoa_du_lich_vinh_long_tra_vinh_ben_tre_2025_2026.md,455,research_report,129. 2025-08-24 | Vĩnh Long | Sức sống mới từ những lò gạch cũ | https://baovinhlong.com.vn/nhip-song-dong-bang/202508/suc-song-moi-tu-nhung-lo-gach-cu-be712da/
https://baovinhlong.com.vn/xa-hoi/du-lich/202508/hoa-minh-huong-toi-xa-nong-thon-moi-kieu-mau-ve-du-lich-432130e/,docs/archive/bao_cao_nghien_cuu_van_hoa_du_lich_vinh_long_tra_vinh_ben_tre_2025_2026.md,456,research_report,130. 2025-08-15 | Trà Vinh | Hòa Minh hướng tới xã nông thôn mới kiểu mẫu về du lịch | https://baovinhlong.com.vn/xa-hoi/du-lich/202508/hoa-minh-huong-toi-xa-nong-thon-moi-kieu-mau-ve-du-lich-432130e/
https://baovinhlong.com.vn/chinh-tri/202508/dong-gop-du-thao-van-kien-dai-hoi-dang-bo-tinh-vinh-long-nhiem-ky-2025-2030-can-nghi-quyet-chuyen-de-ve-du-lich-xay-dung-va-phat-trien-vinh-long-thanh-tinh-kha-khu-vuc-6c7073c/,docs/archive/bao_cao_nghien_cuu_van_hoa_du_lich_vinh_long_tra_vinh_ben_tre_2025_2026.md,457,research_report,"131. 2025-08-08 | Vĩnh Long | Cần nghị quyết chuyên đề về du lịch, xây dựng và phát triển Vĩnh Long thành tỉnh khá khu vực | https://baovinhlong.com.vn/chinh-tri/202508/dong-gop-du-thao-van-kien-dai-hoi-dang-bo-tinh-vinh-long-nhiem-ky-2025-2030-can-nghi-quyet-chuyen-de-ve-du-lich-xay-dung-va-phat-trien-vinh-long-thanh-tinh-kha-khu-vuc-6c7073c/"
https://baovinhlong.com.vn/van-hoa-giai-tri/202508/don-ca-tai-tu-hat-boi-tao-suc-hut-cho-du-lich-vinh-long-25512e5/,docs/archive/bao_cao_nghien_cuu_van_hoa_du_lich_vinh_long_tra_vinh_ben_tre_2025_2026.md,458,research_report,"132. 2025-08-06 | Vĩnh Long | Đờn ca tài tử, hát bội tạo sức hút cho du lịch Vĩnh Long | https://baovinhlong.com.vn/van-hoa-giai-tri/202508/don-ca-tai-tu-hat-boi-tao-suc-hut-cho-du-lich-vinh-long-25512e5/"
https://baovinhlong.com.vn/kinh-te/202508/cu-lao-an-binh-huong-toi-nuoi-thuy-san-cong-nghe-cao-ef82631/,docs/archive/bao_cao_nghien_cuu_van_hoa_du_lich_vinh_long_tra_vinh_ben_tre_2025_2026.md,459,research_report,133. 2025-08-03 | Vĩnh Long | Cù lao An Bình hướng tới nuôi thủy sản công nghệ cao | https://baovinhlong.com.vn/kinh-te/202508/cu-lao-an-binh-huong-toi-nuoi-thuy-san-cong-nghe-cao-ef82631/
https://baovinhlong.com.vn/xa-hoi/du-lich/202507/vinh-long-don-gan-6-trieu-du-khach-trong-7-thang-29716cb/,docs/archive/bao_cao_nghien_cuu_van_hoa_du_lich_vinh_long_tra_vinh_ben_tre_2025_2026.md,460,research_report,134. 2025-07-29 | Vĩnh Long; Bến Tre | Vĩnh Long đón gần 6 triệu du khách trong 7 tháng | https://baovinhlong.com.vn/xa-hoi/du-lich/202507/vinh-long-don-gan-6-trieu-du-khach-trong-7-thang-29716cb/
https://baovinhlong.com.vn/xa-hoi/du-lich/202507/nhieu-hoat-dong-thuc-day-du-lich-phat-trien-c800851/,docs/archive/bao_cao_nghien_cuu_van_hoa_du_lich_vinh_long_tra_vinh_ben_tre_2025_2026.md,461,research_report,135. 2025-07-19 | Vĩnh Long; Trà Vinh; Bến Tre | Nhiều hoạt động thúc đẩy du lịch phát triển | https://baovinhlong.com.vn/xa-hoi/du-lich/202507/nhieu-hoat-dong-thuc-day-du-lich-phat-trien-c800851/
https://baovinhlong.com.vn/thoi-su/202507/phat-huy-the-manh-van-hoa-the-thao-du-lich-vinh-long-sau-sap-nhap-20548b8/,docs/archive/bao_cao_nghien_cuu_van_hoa_du_lich_vinh_long_tra_vinh_ben_tre_2025_2026.md,462,research_report,"136. 2025-07-17 | Vĩnh Long | Phát huy thế mạnh văn hóa, thể thao, du lịch Vĩnh Long sau sáp nhập | https://baovinhlong.com.vn/thoi-su/202507/phat-huy-the-manh-van-hoa-the-thao-du-lich-vinh-long-sau-sap-nhap-20548b8/"
https://baovinhlong.com.vn/nhip-song-dong-bang/202507/vinh-long-co-11-diem-du-lich-tieu-bieu-khu-vuc-nam-2025-341183a/,docs/archive/bao_cao_nghien_cuu_van_hoa_du_lich_vinh_long_tra_vinh_ben_tre_2025_2026.md,463,research_report,137. 2025-07-16 | Vĩnh Long | Vĩnh Long có 11 điểm du lịch tiêu biểu khu vực năm 2025 | https://baovinhlong.com.vn/nhip-song-dong-bang/202507/vinh-long-co-11-diem-du-lich-tieu-bieu-khu-vuc-nam-2025-341183a/
https://baovinhlong.com.vn/xa-hoi/du-lich/202507/hop-mat-ky-niem-65-nam-ngay-thanh-lap-nganh-du-lich-viet-nam-b4f2bfc/,docs/archive/bao_cao_nghien_cuu_van_hoa_du_lich_vinh_long_tra_vinh_ben_tre_2025_2026.md,464,research_report,138. 2025-07-15 | Vĩnh Long; Trà Vinh; Bến Tre | Họp mặt kỷ niệm 65 năm Ngày thành lập ngành Du lịch Việt Nam | https://baovinhlong.com.vn/xa-hoi/du-lich/202507/hop-mat-ky-niem-65-nam-ngay-thanh-lap-nganh-du-lich-viet-nam-b4f2bfc/
https://baovinhlong.com.vn/nhip-song-dong-bang/202507/du-lich-xanh-huong-phat-trien-ben-vung-66305c3/,docs/archive/bao_cao_nghien_cuu_van_hoa_du_lich_vinh_long_tra_vinh_ben_tre_2025_2026.md,465,research_report,139. 2025-07-12 | Vĩnh Long | Du lịch xanh- hướng phát triển bền vững | https://baovinhlong.com.vn/nhip-song-dong-bang/202507/du-lich-xanh-huong-phat-trien-ben-vung-66305c3/
https://baovinhlong.com.vn/xa-hoi/du-lich/202506/6-thang-vinh-long-don-12-trieu-luot-khach-du-lich-6b20d96/,docs/archive/bao_cao_nghien_cuu_van_hoa_du_lich_vinh_long_tra_vinh_ben_tre_2025_2026.md,466,research_report,"140. 2025-06-24 | Vĩnh Long | 6 tháng: Vĩnh Long đón 1,2 triệu lượt khách du lịch | https://baovinhlong.com.vn/xa-hoi/du-lich/202506/6-thang-vinh-long-don-12-trieu-luot-khach-du-lich-6b20d96/"
https://baovinhlong.com.vn/nhip-song-dong-bang/202506/nganh-du-lich-xu-dua-tiep-tuc-tang-truong-cao-99e1a81/,docs/archive/bao_cao_nghien_cuu_van_hoa_du_lich_vinh_long_tra_vinh_ben_tre_2025_2026.md,467,research_report,141. 2025-06-19 | Bến Tre | Ngành du lịch xứ Dừa tiếp tục tăng trưởng cao | https://baovinhlong.com.vn/nhip-song-dong-bang/202506/nganh-du-lich-xu-dua-tiep-tuc-tang-truong-cao-99e1a81/
https://baovinhlong.com.vn/xa-hoi/du-lich/202506/khao-sat-tham-dinh-de-tai-cong-nhan-diem-du-lich-tieu-bieu-dbscl-9f4007b/,docs/archive/bao_cao_nghien_cuu_van_hoa_du_lich_vinh_long_tra_vinh_ben_tre_2025_2026.md,468,research_report,"142. 2025-06-15 | Vĩnh Long; Trà Vinh; Bến Tre | Khảo sát, thẩm định để tái công nhận điểm du lịch tiêu biểu ĐBSCL | https://baovinhlong.com.vn/xa-hoi/du-lich/202506/khao-sat-tham-dinh-de-tai-cong-nhan-diem-du-lich-tieu-bieu-dbscl-9f4007b/"
https://baovinhlong.com.vn/xa-hoi/du-lich/202506/phat-trien-du-lich-nong-thon-trong-xay-dung-nong-thon-moi-d960bbc/,docs/archive/bao_cao_nghien_cuu_van_hoa_du_lich_vinh_long_tra_vinh_ben_tre_2025_2026.md,469,research_report,143. 2025-06-10 | Vĩnh Long | Phát triển du lịch nông thôn trong xây dựng nông thôn mới | https://baovinhlong.com.vn/xa-hoi/du-lich/202506/phat-trien-du-lich-nong-thon-trong-xay-dung-nong-thon-moi-d960bbc/
https://baovinhlong.com.vn/nhip-song-dong-bang/202506/dau-an-tram-nam-gom-nam-bo-e710c82/,docs/archive/bao_cao_nghien_cuu_van_hoa_du_lich_vinh_long_tra_vinh_ben_tre_2025_2026.md,470,research_report,144. 2025-06-08 | Vĩnh Long | Dấu ấn trăm năm gốm Nam Bộ | https://baovinhlong.com.vn/nhip-song-dong-bang/202506/dau-an-tram-nam-gom-nam-bo-e710c82/
https://baovinhlong.com.vn/xa-hoi/du-lich/202506/dau-tu-co-so-ha-tang-phuc-vu-phat-trien-du-lich-7560f13/,docs/archive/bao_cao_nghien_cuu_van_hoa_du_lich_vinh_long_tra_vinh_ben_tre_2025_2026.md,471,research_report,145. 2025-06-06 | Vĩnh Long; Bến Tre | Đầu tư cơ sở hạ tầng phục vụ phát triển du lịch | https://baovinhlong.com.vn/xa-hoi/du-lich/202506/dau-tu-co-so-ha-tang-phuc-vu-phat-trien-du-lich-7560f13/
https://baovinhlong.com.vn/kinh-te/202506/hon-2000-ty-dong-dau-tu-du-ankhu-thuong-mai-dich-vu-du-lich-my-thuan-c300009/,docs/archive/bao_cao_nghien_cuu_van_hoa_du_lich_vinh_long_tra_vinh_ben_tre_2025_2026.md,472,research_report,146. 2025-06-03 | Vĩnh Long | Hơn 2.000 tỷ đồng đầu tư dự án khu thương mại- dịch vụ- du lịch Mỹ Thuận | https://baovinhlong.com.vn/kinh-te/202506/hon-2000-ty-dong-dau-tu-du-ankhu-thuong-mai-dich-vu-du-lich-my-thuan-c300009/
https://baovinhlong.com.vn/xa-hoi/du-lich/202505/tim-net-rieng-hap-dan-cua-du-lich-vinh-long-4d23014/,docs/archive/bao_cao_nghien_cuu_van_hoa_du_lich_vinh_long_tra_vinh_ben_tre_2025_2026.md,473,research_report,147. 2025-05-20 | Vĩnh Long; Bến Tre | Tìm nét riêng hấp dẫn của du lịch Vĩnh Long | https://baovinhlong.com.vn/xa-hoi/du-lich/202505/tim-net-rieng-hap-dan-cua-du-lich-vinh-long-4d23014/
https://baovinhlong.com.vn/tin-moi/202505/khai-thac-hieu-qua-san-pham-du-lich-dac-thuthu-hut-du-khach-ff9072f/,docs/archive/bao_cao_nghien_cuu_van_hoa_du_lich_vinh_long_tra_vinh_ben_tre_2025_2026.md,474,research_report,148. 2025-05-17 | Vĩnh Long | Khai thác hiệu quả sản phẩm du lịch đặc thù thu hút du khách | https://baovinhlong.com.vn/tin-moi/202505/khai-thac-hieu-qua-san-pham-du-lich-dac-thuthu-hut-du-khach-ff9072f/
https://baovinhlong.com.vn/tin-moi/202505/co-hoi-lam-moi-thuong-hieu-du-lich-acb019e/,docs/archive/bao_cao_nghien_cuu_van_hoa_du_lich_vinh_long_tra_vinh_ben_tre_2025_2026.md,475,research_report,149. 2025-05-13 | Vĩnh Long; Trà Vinh; Bến Tre | Cơ hội làm mới thương hiệu du lịch | https://baovinhlong.com.vn/tin-moi/202505/co-hoi-lam-moi-thuong-hieu-du-lich-acb019e/
https://baovinhlong.com.vn/tin-moi/202505/gin-giu-ban-sac-van-hoa-va-khat-vong-vuon-xa-50d005e/,docs/archive/bao_cao_nghien_cuu_van_hoa_du_lich_vinh_long_tra_vinh_ben_tre_2025_2026.md,476,research_report,150. 2025-05-03 | Vĩnh Long | Gìn giữ bản sắc văn hóa và khát vọng vươn xa | https://baovinhlong.com.vn/tin-moi/202505/gin-giu-ban-sac-van-hoa-va-khat-vong-vuon-xa-50d005e/
https://baovinhlong.com.vn/tin-moi/202505/be-mac-tuan-le-van-hoa-the-thao-va-du-lich-tinh-vinh-long-2025-thu-hut-hon-97000-luot-khach-tham-quan-7163da1/,docs/archive/bao_cao_nghien_cuu_van_hoa_du_lich_vinh_long_tra_vinh_ben_tre_2025_2026.md,477,research_report,"151. 2025-05-02 | Vĩnh Long | Bế mạc Tuần lễ Văn hóa, Thể thao và Du lịch tỉnh Vĩnh Long 2025: Thu hút hơn 97.000 lượt khách tham quan | https://baovinhlong.com.vn/tin-moi/202505/be-mac-tuan-le-van-hoa-the-thao-va-du-lich-tinh-vinh-long-2025-thu-hut-hon-97000-luot-khach-tham-quan-7163da1/"
https://baovinhlong.com.vn/tin-moi/202505/dong-dao-nguoi-dan-tham-gia-ngay-hoi-banh-dan-gian-o-cu-lao-an-binh-3331393/,docs/archive/bao_cao_nghien_cuu_van_hoa_du_lich_vinh_long_tra_vinh_ben_tre_2025_2026.md,478,research_report,152. 2025-05-02 | Vĩnh Long | Đông đảo người dân tham gia Ngày hội Bánh dân gian ở cù lao An Bình | https://baovinhlong.com.vn/tin-moi/202505/dong-dao-nguoi-dan-tham-gia-ngay-hoi-banh-dan-gian-o-cu-lao-an-binh-3331393/
https://baovinhlong.com.vn/tin-moi/202505/vinh-long-sac-mau-hoi-tu-khat-vong-vuon-xa-4ad0aa8/,docs/archive/bao_cao_nghien_cuu_van_hoa_du_lich_vinh_long_tra_vinh_ben_tre_2025_2026.md,479,research_report,153. 2025-05-02 | Vĩnh Long | Vĩnh Long - Sắc màu hội tụ - Khát vọng vươn xa | https://baovinhlong.com.vn/tin-moi/202505/vinh-long-sac-mau-hoi-tu-khat-vong-vuon-xa-4ad0aa8/
https://baovinhlong.com.vn/kinh-te/202505/blog-thi-truong-tuan-le-van-hoa-don-bay-kich-cau-du-lich-79103bb/,docs/archive/bao_cao_nghien_cuu_van_hoa_du_lich_vinh_long_tra_vinh_ben_tre_2025_2026.md,480,research_report,154. 2025-05-01 | Vĩnh Long | Tuần lễ văn hóa- “đòn bẩy” kích cầu du lịch | https://baovinhlong.com.vn/kinh-te/202505/blog-thi-truong-tuan-le-van-hoa-don-bay-kich-cau-du-lich-79103bb/
https://baovinhlong.com.vn/xa-hoi/du-lich/202504/cong-ty-du-lich-quoc-te-vinh-long-dong-hanh-cung-tuan-van-hoa-the-thao-va-du-lich-tinh-vinh-long-2025-62d04b0/,docs/archive/bao_cao_nghien_cuu_van_hoa_du_lich_vinh_long_tra_vinh_ben_tre_2025_2026.md,481,research_report,"155. 2025-04-30 | Vĩnh Long | Công ty Du Lịch Quốc tế Vĩnh Long: đồng hành cùng Tuần Văn hóa, Thể thao và Du lịch tỉnh Vĩnh Long 2025 | https://baovinhlong.com.vn/xa-hoi/du-lich/202504/cong-ty-du-lich-quoc-te-vinh-long-dong-hanh-cung-tuan-van-hoa-the-thao-va-du-lich-tinh-vinh-long-2025-62d04b0/"
https://baovinhlong.com.vn/tieu-diem/202504/gan-200-vdv-tranh-tai-giai-vo-dich-dua-ghe-tam-ban-tinh-vinh-long-3dc0604/,docs/archive/bao_cao_nghien_cuu_van_hoa_du_lich_vinh_long_tra_vinh_ben_tre_2025_2026.md,482,research_report,156. 2025-04-30 | Vĩnh Long | Gần 200 VĐV tranh tài Giải Vô địch đua ghe tam bản tỉnh Vĩnh Long | https://baovinhlong.com.vn/tieu-diem/202504/gan-200-vdv-tranh-tai-giai-vo-dich-dua-ghe-tam-ban-tinh-vinh-long-3dc0604/
https://baovinhlong.com.vn/tin-moi/202504/famtrip-quang-ba-tour-du-lich-den-voi-di-san-mang-thit-1bf02b5/,docs/archive/bao_cao_nghien_cuu_van_hoa_du_lich_vinh_long_tra_vinh_ben_tre_2025_2026.md,483,research_report,157. 2025-04-29 | Vĩnh Long | “Famtrip quảng bá tour du lịch đến với di sản Mang Thít” | https://baovinhlong.com.vn/tin-moi/202504/famtrip-quang-ba-tour-du-lich-den-voi-di-san-mang-thit-1bf02b5/
https://baovinhlong.com.vn/tin-moi/202504/20-gio-toi-nay-thvl2-se-truc-tiep-khai-mac-tuan-le-van-hoa-the-thao-va-du-lich-tinh-vinh-long-nam-2025-37e087f/,docs/archive/bao_cao_nghien_cuu_van_hoa_du_lich_vinh_long_tra_vinh_ben_tre_2025_2026.md,484,research_report,"158. 2025-04-29 | Vĩnh Long | Pháo hoa rực sáng khai mạc “Tuần lễ Văn hóa, Thể thao và Du lịch tỉnh Vĩnh Long năm 2025” | https://baovinhlong.com.vn/tin-moi/202504/20-gio-toi-nay-thvl2-se-truc-tiep-khai-mac-tuan-le-van-hoa-the-thao-va-du-lich-tinh-vinh-long-nam-2025-37e087f/"
https://baovinhlong.com.vn/tin-moi/202504/gan-150-vdv-tranh-tai-giai-vo-dich-xe-dap-tinh-vinh-long-mo-rong-c1901db/,docs/archive/bao_cao_nghien_cuu_van_hoa_du_lich_vinh_long_tra_vinh_ben_tre_2025_2026.md,485,research_report,159. 2025-04-26 | Vĩnh Long | Gần 150 VĐV tranh tài Giải Vô địch xe đạp tỉnh Vĩnh Long mở rộng | https://baovinhlong.com.vn/tin-moi/202504/gan-150-vdv-tranh-tai-giai-vo-dich-xe-dap-tinh-vinh-long-mo-rong-c1901db/
https://baovinhlong.com.vn/phong-su-anh/202504/soi-noi-giai-vo-dich-xe-dap-tinh-vinh-long-mo-rong-9b00ad6/,docs/archive/bao_cao_nghien_cuu_van_hoa_du_lich_vinh_long_tra_vinh_ben_tre_2025_2026.md,486,research_report,160. 2025-04-26 | Vĩnh Long | Sôi nổi Giải Vô địch xe đạp tỉnh Vĩnh Long mở rộng | https://baovinhlong.com.vn/phong-su-anh/202504/soi-noi-giai-vo-dich-xe-dap-tinh-vinh-long-mo-rong-9b00ad6/
https://baovinhlong.com.vn/tin-moi/202504/tuan-le-van-hoa-the-thao-va-du-lich-hua-hen-ban-sac-an-toan-hap-dan-05709a1/,docs/archive/bao_cao_nghien_cuu_van_hoa_du_lich_vinh_long_tra_vinh_ben_tre_2025_2026.md,487,research_report,"161. 2025-04-25 | Vĩnh Long | Tuần lễ Văn hóa, thể thao và Du lịch: Hứa hẹn bản sắc, an toàn, hấp dẫn | https://baovinhlong.com.vn/tin-moi/202504/tuan-le-van-hoa-the-thao-va-du-lich-hua-hen-ban-sac-an-toan-hap-dan-05709a1/"
https://baovinhlong.com.vn/tin-moi/202504/hang-ngan-du-khach-thich-thu-tham-gia-chuong-trinh-quang-dien-tai-ngay-hoi-banh-dan-gian-nam-bo-42e3bbd/,docs/archive/bao_cao_nghien_cuu_van_hoa_du_lich_vinh_long_tra_vinh_ben_tre_2025_2026.md,488,research_report,162. 2025-04-19 | Vĩnh Long | Hàng ngàn du khách thích thú tham gia chương trình quảng diễn tại Ngày hội Bánh dân gian Nam Bộ | https://baovinhlong.com.vn/tin-moi/202504/hang-ngan-du-khach-thich-thu-tham-gia-chuong-trinh-quang-dien-tai-ngay-hoi-banh-dan-gian-nam-bo-42e3bbd/
https://baovinhlong.com.vn/phap-luat/202504/trien-khai-phuong-an-bao-ve-an-ninhtrat-tu-tuan-le-van-hoa-the-thaova-du-lich-tinh-va-cac-hoat-dong-dip-le-304-2360c31/,docs/archive/bao_cao_nghien_cuu_van_hoa_du_lich_vinh_long_tra_vinh_ben_tre_2025_2026.md,489,research_report,"163. 2025-04-16 | Vĩnh Long | Triển khai phương án bảo vệ an ninh trật tự Tuần lễ Văn hóa, thể thao và du lịch tỉnh và các hoạt động dịp lễ 30/4 | https://baovinhlong.com.vn/phap-luat/202504/trien-khai-phuong-an-bao-ve-an-ninhtrat-tu-tuan-le-van-hoa-the-thaova-du-lich-tinh-va-cac-hoat-dong-dip-le-304-2360c31/"
https://baovinhlong.com.vn/tin-moi/202504/tim-huong-sac-rienggiua-mien-song-nuoc-ef43078/,docs/archive/bao_cao_nghien_cuu_van_hoa_du_lich_vinh_long_tra_vinh_ben_tre_2025_2026.md,490,research_report,164. 2025-04-12 | Vĩnh Long | Tìm hương sắc riêng giữa miền sông nước | https://baovinhlong.com.vn/tin-moi/202504/tim-huong-sac-rienggiua-mien-song-nuoc-ef43078/
https://baovinhlong.com.vn/tin-moi/202504/tuan-le-van-hoa-the-thao-va-du-lich-2025-lan-toa-thong-diep-diem-hen-phuong-nam-voi-gia-tri-lich-su-van-hoa-doc-dao-0e0240b/,docs/archive/bao_cao_nghien_cuu_van_hoa_du_lich_vinh_long_tra_vinh_ben_tre_2025_2026.md,491,research_report,"165. 2025-04-10 | Vĩnh Long | Lan tỏa thông điệp Điểm hẹn phương Nam với giá trị lịch sử, văn hóa độc đáo | https://baovinhlong.com.vn/tin-moi/202504/tuan-le-van-hoa-the-thao-va-du-lich-2025-lan-toa-thong-diep-diem-hen-phuong-nam-voi-gia-tri-lich-su-van-hoa-doc-dao-0e0240b/"
https://baovinhlong.com.vn/tin-moi/202504/to-chuc-tuan-le-van-hoa-the-thao-va-du-lich-tinh-vinh-long-cc70940/,docs/archive/bao_cao_nghien_cuu_van_hoa_du_lich_vinh_long_tra_vinh_ben_tre_2025_2026.md,492,research_report,"166. 2025-04-10 | Vĩnh Long | Tổ chức Tuần lễ văn hóa, thể thao và du lịch tỉnh Vĩnh Long | https://baovinhlong.com.vn/tin-moi/202504/to-chuc-tuan-le-van-hoa-the-thao-va-du-lich-tinh-vinh-long-cc70940/"
https://baovinhlong.com.vn/xa-hoi/202504/khach-du-lich-den-long-hotang-trong-quy-i-628447e/,docs/archive/bao_cao_nghien_cuu_van_hoa_du_lich_vinh_long_tra_vinh_ben_tre_2025_2026.md,493,research_report,167. 2025-04-04 | Vĩnh Long | Khách du lịch đến Long Hồ tăng trong quý I | https://baovinhlong.com.vn/xa-hoi/202504/khach-du-lich-den-long-hotang-trong-quy-i-628447e/
https://baovinhlong.com.vn/phong-su-ky-su/202503/yeu-van-hoa-dan-toc-theo-cach-cua-nguoi-tre-ky3cham-sach-giua-miet-vuon-song-nuoc-9c26ddc/,docs/archive/bao_cao_nghien_cuu_van_hoa_du_lich_vinh_long_tra_vinh_ben_tre_2025_2026.md,494,research_report,168. 2025-03-26 | Vĩnh Long | Kỳ 3: “Chạm sách” giữa miệt vườn sông nước | https://baovinhlong.com.vn/phong-su-ky-su/202503/yeu-van-hoa-dan-toc-theo-cach-cua-nguoi-tre-ky3cham-sach-giua-miet-vuon-song-nuoc-9c26ddc/
https://baovinhlong.com.vn/van-hoa-giai-tri/202503/nhieu-hoat-dong-tai-le-hoi-xuan-dinh-di-tich-van-thanh-mieu-e1f30f4/,docs/archive/bao_cao_nghien_cuu_van_hoa_du_lich_vinh_long_tra_vinh_ben_tre_2025_2026.md,495,research_report,169. 2025-03-10 | Vĩnh Long | Nhiều hoạt động tại lễ hội Xuân đinh di tích Văn Thánh Miếu | https://baovinhlong.com.vn/van-hoa-giai-tri/202503/nhieu-hoat-dong-tai-le-hoi-xuan-dinh-di-tich-van-thanh-mieu-e1f30f4/
https://baovinhlong.com.vn/tin-noi-bat/202503/gin-giu-phat-huy-ban-sac-van-hoa-cac-dan-toc-641676b/,docs/archive/bao_cao_nghien_cuu_van_hoa_du_lich_vinh_long_tra_vinh_ben_tre_2025_2026.md,496,research_report,"170. 2025-03-01 | Vĩnh Long | Gìn giữ, phát huy bản sắc văn hóa các dân tộc | https://baovinhlong.com.vn/tin-noi-bat/202503/gin-giu-phat-huy-ban-sac-van-hoa-cac-dan-toc-641676b/"
https://baovinhlong.com.vn/xa-hoi/du-lich/202502/tang-cuong-chat-van-hoa-vao-san-pham-du-lich-1b863bd/,docs/archive/bao_cao_nghien_cuu_van_hoa_du_lich_vinh_long_tra_vinh_ben_tre_2025_2026.md,497,research_report,171. 2025-02-25 | Vĩnh Long | Tăng cường chất văn hóa vào sản phẩm du lịch | https://baovinhlong.com.vn/xa-hoi/du-lich/202502/tang-cuong-chat-van-hoa-vao-san-pham-du-lich-1b863bd/
https://baovinhlong.com.vn/xa-hoi/giao-duc-dao-tao/202502/nganh-quan-tri-dich-vu-du-lich-va-lu-hanh-hoc-gi-lam-gi-f0522f7/,docs/archive/bao_cao_nghien_cuu_van_hoa_du_lich_vinh_long_tra_vinh_ben_tre_2025_2026.md,498,research_report,"172. 2025-02-24 | Vĩnh Long | Ngành quản trị dịch vụ du lịch và lữ hành học gì, làm gì? | https://baovinhlong.com.vn/xa-hoi/giao-duc-dao-tao/202502/nganh-quan-tri-dich-vu-du-lich-va-lu-hanh-hoc-gi-lam-gi-f0522f7/"
https://baovinhlong.com.vn/thoi-su/202502/bi-thu-tinh-uy-tran-tien-dung-khao-sat-cac-diem-du-lich-cong-ty-tai-huyen-long-ho-bf13126/,docs/archive/bao_cao_nghien_cuu_van_hoa_du_lich_vinh_long_tra_vinh_ben_tre_2025_2026.md,499,research_report,"173. 2025-02-14 | Vĩnh Long | Bí thư Tỉnh ủy Trần Tiến Dũng khảo sát các điểm du lịch, công ty tại huyện Long Hồ | https://baovinhlong.com.vn/thoi-su/202502/bi-thu-tinh-uy-tran-tien-dung-khao-sat-cac-diem-du-lich-cong-ty-tai-huyen-long-ho-bf13126/"
https://baovinhlong.com.vn/phap-luat/202502/xu-phat-555-trieu-dong-hoat-dong-van-hoa-du-lich-va-quang-cao-f6208c6/,docs/archive/bao_cao_nghien_cuu_van_hoa_du_lich_vinh_long_tra_vinh_ben_tre_2025_2026.md,500,research_report,"174. 2025-02-06 | Vĩnh Long | Xử phạt 55,5 triệu đồng hoạt động văn hóa, du lịch và quảng cáo | https://baovinhlong.com.vn/phap-luat/202502/xu-phat-555-trieu-dong-hoat-dong-van-hoa-du-lich-va-quang-cao-f6208c6/"
https://baovinhlong.com.vn/xa-hoi/du-lich/202502/tam-giacket-noi-tour-du-lich-ben-tre-tra-vinh-vinh-long-1ca37b2/,docs/archive/bao_cao_nghien_cuu_van_hoa_du_lich_vinh_long_tra_vinh_ben_tre_2025_2026.md,501,research_report,175. 2025-02-03 | Vĩnh Long; Trà Vinh; Bến Tre | “Tam giác” kết nối tour du lịch Bến Tre- Trà Vinh - Vĩnh Long | https://baovinhlong.com.vn/xa-hoi/du-lich/202502/tam-giacket-noi-tour-du-lich-ben-tre-tra-vinh-vinh-long-1ca37b2/
https://baovinhlong.com.vn/kinh-te/202502/ho-tro-doanh-nghiep-trang-bi-may-moc-phuc-vu-san-xuat-kinh-doanh-phat-trien-san-pham-gom-du-lich-b7a0885/,docs/archive/bao_cao_nghien_cuu_van_hoa_du_lich_vinh_long_tra_vinh_ben_tre_2025_2026.md,502,research_report,"176. 2025-02-03 | Vĩnh Long | Hỗ trợ doanh nghiệp trang bị máy móc phục vụ sản xuất kinh doanh, phát triển sản phẩm gốm du lịch | https://baovinhlong.com.vn/kinh-te/202502/ho-tro-doanh-nghiep-trang-bi-may-moc-phuc-vu-san-xuat-kinh-doanh-phat-trien-san-pham-gom-du-lich-b7a0885/"
https://baovinhlong.com.vn/tin-moi/202502/khoang-18600-luot-khach-vieng-lang-ong-nhung-ngay-dau-xuan-at-ty-2025-e34339a/,docs/archive/bao_cao_nghien_cuu_van_hoa_du_lich_vinh_long_tra_vinh_ben_tre_2025_2026.md,503,research_report,177. 2025-02-03 | Vĩnh Long | Khoảng 18.600 lượt khách viếng Lăng Ông những ngày đầu xuân Ất Tỵ 2025 | https://baovinhlong.com.vn/tin-moi/202502/khoang-18600-luot-khach-vieng-lang-ong-nhung-ngay-dau-xuan-at-ty-2025-e34339a/
https://baovinhlong.com.vn/xa-hoi/du-lich/202502/ky-vong-nang-tamdi-san-lang-nghegach-gom-do-0f23a4f/,docs/archive/bao_cao_nghien_cuu_van_hoa_du_lich_vinh_long_tra_vinh_ben_tre_2025_2026.md,504,research_report,178. 2025-02-03 | Vĩnh Long | Kỳ vọng nâng tầm di sản làng nghề gạch gốm đỏ | https://baovinhlong.com.vn/xa-hoi/du-lich/202502/ky-vong-nang-tamdi-san-lang-nghegach-gom-do-0f23a4f/
https://baovinhlong.com.vn/video/202502/vinh-long-thu-hut-dong-dao-khach-du-lich-dip-tet-84405f6/,docs/archive/bao_cao_nghien_cuu_van_hoa_du_lich_vinh_long_tra_vinh_ben_tre_2025_2026.md,505,research_report,179. 2025-02-03 | Vĩnh Long | Vĩnh Long thu hút đông đảo khách du lịch dịp Tết | https://baovinhlong.com.vn/video/202502/vinh-long-thu-hut-dong-dao-khach-du-lich-dip-tet-84405f6/
https://baovinhlong.com.vn/xa-hoi/du-lich/202502/vinh-long-don-75000-luot-du-khach-trong-dip-tet-at-ty-d7a2174/,docs/archive/bao_cao_nghien_cuu_van_hoa_du_lich_vinh_long_tra_vinh_ben_tre_2025_2026.md,506,research_report,180. 2025-02-02 | Vĩnh Long | Vĩnh Long đón 75.000 lượt du khách trong dịp Tết Ất Tỵ | https://baovinhlong.com.vn/xa-hoi/du-lich/202502/vinh-long-don-75000-luot-du-khach-trong-dip-tet-at-ty-d7a2174/
https://baovinhlong.com.vn/van-hoa-giai-tri/202502/22-doi-thi-lam-banh-dan-gian-tai-le-hoi-lang-ong-tra-on-10f34b2/,docs/archive/bao_cao_nghien_cuu_van_hoa_du_lich_vinh_long_tra_vinh_ben_tre_2025_2026.md,507,research_report,181. 2025-02-01 | Vĩnh Long | 22 đội thi “Làm bánh dân gian” tại Lễ hội Lăng ông Trà Ôn | https://baovinhlong.com.vn/van-hoa-giai-tri/202502/22-doi-thi-lam-banh-dan-gian-tai-le-hoi-lang-ong-tra-on-10f34b2/
https://baovinhlong.com.vn/multimedia/202502/dac-sac-le-hoi-lang-ong-tien-quan-thong-che-dieu-bat-1dc30aa/,docs/archive/bao_cao_nghien_cuu_van_hoa_du_lich_vinh_long_tra_vinh_ben_tre_2025_2026.md,508,research_report,182. 2025-02-01 | Vĩnh Long | Đặc sắc lễ hội Lăng ông Tiền quân Thống chế Điều bát | https://baovinhlong.com.vn/multimedia/202502/dac-sac-le-hoi-lang-ong-tien-quan-thong-che-dieu-bat-1dc30aa/
https://baovinhlong.com.vn/video/202502/du-xuan-vui-le-hoi-lang-ong-bc94638/,docs/archive/bao_cao_nghien_cuu_van_hoa_du_lich_vinh_long_tra_vinh_ben_tre_2025_2026.md,509,research_report,183. 2025-02-01 | Vĩnh Long | Du Xuân vui lễ hội Lăng ông | https://baovinhlong.com.vn/video/202502/du-xuan-vui-le-hoi-lang-ong-bc94638/
https://baovinhlong.com.vn/xa-hoi/du-lich/202501/long-ho-diem-nhan-rieng-tu-du-lich-dac-thudia-phuong-b7038f9/,docs/archive/bao_cao_nghien_cuu_van_hoa_du_lich_vinh_long_tra_vinh_ben_tre_2025_2026.md,510,research_report,184. 2025-01-31 | Vĩnh Long; Trà Vinh | Long Hồ: Điểm nhấn riêng từ du lịch đặc thù địa phương | https://baovinhlong.com.vn/xa-hoi/du-lich/202501/long-ho-diem-nhan-rieng-tu-du-lich-dac-thudia-phuong-b7038f9/
https://baovinhlong.com.vn/kinh-te/202501/phat-trien-kinh-te-xanhgan-voi-bao-ton-phat-huygia-tri-van-hoa-33e22bc/,docs/archive/bao_cao_nghien_cuu_van_hoa_du_lich_vinh_long_tra_vinh_ben_tre_2025_2026.md,511,research_report,"185. 2025-01-31 | Vĩnh Long | Phát triển kinh tế xanh gắn với bảo tồn, phát huy giá trị văn hóa | https://baovinhlong.com.vn/kinh-te/202501/phat-trien-kinh-te-xanhgan-voi-bao-ton-phat-huygia-tri-van-hoa-33e22bc/"
https://baovinhlong.com.vn/tin-moi/202501/chao-mung-doan-du-khach-quoc-te-dau-tien-den-vinh-long-dau-xuan-at-ty-2025-30c1adf/,docs/archive/bao_cao_nghien_cuu_van_hoa_du_lich_vinh_long_tra_vinh_ben_tre_2025_2026.md,512,research_report,186. 2025-01-29 | Vĩnh Long | Chào mừng đoàn du khách quốc tế đầu tiên đến Vĩnh Long đầu Xuân Ất Tỵ 2025 | https://baovinhlong.com.vn/tin-moi/202501/chao-mung-doan-du-khach-quoc-te-dau-tien-den-vinh-long-dau-xuan-at-ty-2025-30c1adf/
https://baovinhlong.com.vn/tin-moi/202501/du-xuan-dau-nam-moi-0ba1bf7/,docs/archive/bao_cao_nghien_cuu_van_hoa_du_lich_vinh_long_tra_vinh_ben_tre_2025_2026.md,513,research_report,187. 2025-01-29 | Vĩnh Long | Du xuân đầu năm mới | https://baovinhlong.com.vn/tin-moi/202501/du-xuan-dau-nam-moi-0ba1bf7/
https://baovinhlong.com.vn/multimedia/202501/xum-xinh-ao-quan-di-chup-anh-tet-tai-la-con-duong-gom-va-dai-nhat-viet-nam-a9a1fea/,docs/archive/bao_cao_nghien_cuu_van_hoa_du_lich_vinh_long_tra_vinh_ben_tre_2025_2026.md,514,research_report,188. 2025-01-28 | Vĩnh Long | Xúm xính áo quần đi chụp ảnh Tết tại là “Con đường gốm và dài nhất Việt Nam” | https://baovinhlong.com.vn/multimedia/202501/xum-xinh-ao-quan-di-chup-anh-tet-tai-la-con-duong-gom-va-dai-nhat-viet-nam-a9a1fea/
https://baovinhlong.com.vn/video/202501/xuan-ve-ron-rang-tai-cac-diem-kinh-doanh-dich-vu-du-lich-c861ca4/,docs/archive/bao_cao_nghien_cuu_van_hoa_du_lich_vinh_long_tra_vinh_ben_tre_2025_2026.md,515,research_report,189. 2025-01-27 | Vĩnh Long | Xuân về rộn ràng tại các điểm kinh doanh dịch vụ du lịch | https://baovinhlong.com.vn/video/202501/xuan-ve-ron-rang-tai-cac-diem-kinh-doanh-dich-vu-du-lich-c861ca4/
https://baovinhlong.com.vn/nhip-song-dong-bang/202501/mien-tay-vao-mua-hoa-dep-nhat-ky3ve-lang-mai-vang-bac-ty-phuoc-dinh-dc25e73/,docs/archive/bao_cao_nghien_cuu_van_hoa_du_lich_vinh_long_tra_vinh_ben_tre_2025_2026.md,516,research_report,190. 2025-01-22 | Vĩnh Long | Kỳ 3: Về làng mai vàng “bạc tỷ” Phước Định | https://baovinhlong.com.vn/nhip-song-dong-bang/202501/mien-tay-vao-mua-hoa-dep-nhat-ky3ve-lang-mai-vang-bac-ty-phuoc-dinh-dc25e73/
https://baovinhlong.com.vn/tin-moi/202501/xay-dung-va-phat-triensan-pham-du-lich-dac-thu-c140778/,docs/archive/bao_cao_nghien_cuu_van_hoa_du_lich_vinh_long_tra_vinh_ben_tre_2025_2026.md,517,research_report,191. 2025-01-14 | Vĩnh Long | Xây dựng và phát triển sản phẩm du lịch đặc thù | https://baovinhlong.com.vn/tin-moi/202501/xay-dung-va-phat-triensan-pham-du-lich-dac-thu-c140778/
https://baovinhlong.com.vn/xa-hoi/du-lich/202501/to-chuc-lai-khong-gian-phat-trien-du-lich-ky-cuoixay-dung-dong-san-pham-di-san-van-hoa-lang-nghe-b206409/,docs/archive/bao_cao_nghien_cuu_van_hoa_du_lich_vinh_long_tra_vinh_ben_tre_2025_2026.md,518,research_report,"192. 2025-01-08 | Vĩnh Long | Kỳ cuối: Xây dựng dòng sản phẩm di sản văn hóa, làng nghề | https://baovinhlong.com.vn/xa-hoi/du-lich/202501/to-chuc-lai-khong-gian-phat-trien-du-lich-ky-cuoixay-dung-dong-san-pham-di-san-van-hoa-lang-nghe-b206409/"
https://baovinhlong.com.vn/thoi-su/202501/ban-hanh-23-danh-muc-dich-vu-su-nghiep-cong-su-dung-ngan-sach-nha-nuoc-linh-vuc-van-hoa-gia-dinh-va-du-lich-aa862cd/,docs/archive/bao_cao_nghien_cuu_van_hoa_du_lich_vinh_long_tra_vinh_ben_tre_2025_2026.md,519,research_report,"193. 2025-01-08 | Vĩnh Long | Trình ban hành 23 danh mục dịch vụ sự nghiệp công sử dụng ngân sách nhà nước lĩnh vực văn hóa, gia đình và du lịch | https://baovinhlong.com.vn/thoi-su/202501/ban-hanh-23-danh-muc-dich-vu-su-nghiep-cong-su-dung-ngan-sach-nha-nuoc-linh-vuc-van-hoa-gia-dinh-va-du-lich-aa862cd/"
https://baovinhlong.com.vn/xa-hoi/du-lich/202501/to-chuc-lai-khong-gian-phat-trien-du-lich-939670e/,docs/archive/bao_cao_nghien_cuu_van_hoa_du_lich_vinh_long_tra_vinh_ben_tre_2025_2026.md,520,research_report,194. 2025-01-07 | Vĩnh Long | Tổ chức lại không gian phát triển du lịch | https://baovinhlong.com.vn/xa-hoi/du-lich/202501/to-chuc-lai-khong-gian-phat-trien-du-lich-939670e/
https://schema.org,docs/archive/design-research-2026-06-27.md,893,research_report,"""@context"": ""https://schema.org"","
https://vinhlong360.vn/,docs/archive/design-research-2026-06-27.md,896,research_report,"{ ""@type"": ""ListItem"", ""position"": 1, ""name"": ""Trang chủ"", ""item"": ""https://vinhlong360.vn/"" },"
https://vinhlong360.vn/huyen/cai-be,docs/archive/design-research-2026-06-27.md,897,research_report,"{ ""@type"": ""ListItem"", ""position"": 2, ""name"": ""Cái Bè"", ""item"": ""https://vinhlong360.vn/huyen/cai-be"" },"
https://baovinhlong.com.vn/kinh-te/202606/truong-long-hoa-phat-huy-loi-the-phat-trien-kinh-te-bien-62d49fc/,docs/research/baovinhlong_du_lich_evidence_matrix_2025_2026.csv,2,research_corpus,"""2026"",""2026-06-15"",""Trà Vinh"",""direct_lead"",""high"",""Du lịch chung/chiến lược; Sông nước - miệt vườn; Biển - sinh thái ven biển"",""Cù lao An Bình - Long Hồ; Ba Động - Trường Long Hòa"",""Trường Long Hòa phát huy lợi thế phát triển kinh tế biển"",""https://baovinhlong.com.vn/kinh-te/202606/truong-long-hoa-phat-huy-loi-the-phat-trien-kinh-te-bien-62d49fc/"""
https://baovinhlong.com.vn/kinh-te/thuong-mai-dich-vu/202606/khai-mac-tuan-le-van-hoa-du-lich-am-thuc-banh-dan-gian-nam-bo-vi-ngon-xu-dua-phuong-an-hoi-ce310af/,docs/research/baovinhlong_du_lich_evidence_matrix_2025_2026.csv,3,research_corpus,"""2026"",""2026-06-14"",""Bến Tre"",""direct_title"",""high"",""Du lịch chung/chiến lược; Sông nước - miệt vườn; Làng nghề - di sản nghề; Ẩm thực - đặc sản"",""Bến Tre - xứ Dừa/An Hội"",""Khai mạc Tuần lễ Văn hóa, Du lịch, Ẩm thực bánh dân gian Nam Bộ - Vị ngon xứ dừa phường An Hội"",""https://baovinhlong.com.vn/kinh-te/thuong-mai-dich-vu/202606/khai-mac-tuan-le-van-hoa-du-lich-am-thuc-banh-dan-gian-nam-bo-vi-ngon-xu-dua-phuong-an-hoi-ce310af/"""
https://baovinhlong.com.vn/nhip-song-dong-bang/202606/khai-mac-tuan-le-van-hoa-am-thuc-ben-tre-tet-doan-ngo-xu-dua-nam-2026-78c0d4f/,docs/research/baovinhlong_du_lich_evidence_matrix_2025_2026.csv,4,research_corpus,"""2026"",""2026-06-13"",""Vĩnh Long; Bến Tre"",""destination_event"",""medium"",""Du lịch chung/chiến lược; Sông nước - miệt vườn; Ẩm thực - đặc sản"",""Bến Tre - xứ Dừa/An Hội"",""Khai mạc Tuần lễ Văn hóa - Ẩm thực “Bến Tre Tết Đoan Ngọ xứ Dừa” năm 2026"",""https://baovinhlong.com.vn/nhip-song-dong-bang/202606/khai-mac-tuan-le-van-hoa-am-thuc-ben-tre-tet-doan-ngo-xu-dua-nam-2026-78c0d4f/"""
https://baovinhlong.com.vn/xa-hoi/du-lich/202606/khai-truong-vietravel-chi-nhanh-vinh-long-9661c6a/,docs/research/baovinhlong_du_lich_evidence_matrix_2025_2026.csv,5,research_corpus,"""2026"",""2026-06-12"",""Vĩnh Long"",""tourism_category"",""high"",""Du lịch chung/chiến lược; Sông nước - miệt vườn"","""",""Khai trương Vietravel chi nhánh Vĩnh Long"",""https://baovinhlong.com.vn/xa-hoi/du-lich/202606/khai-truong-vietravel-chi-nhanh-vinh-long-9661c6a/"""
https://baovinhlong.com.vn/phong-su-anh/202606/chum-anh-ngam-dan-co-trang-tao-hinh-song-dong-o-chua-hang-24a6cff/,docs/research/baovinhlong_du_lich_evidence_matrix_2025_2026.csv,6,research_corpus,"""2026"",""2026-06-10"",""Trà Vinh"",""destination_event"",""medium"",""Sông nước - miệt vườn; Văn hóa Khmer - lễ hội"",""Ao Bà Om - Chùa Hang"",""Ngắm đàn cò trắng tạo hình sống động ở chùa Hang"",""https://baovinhlong.com.vn/phong-su-anh/202606/chum-anh-ngam-dan-co-trang-tao-hinh-song-dong-o-chua-hang-24a6cff/"""
https://baovinhlong.com.vn/van-hoa-giai-tri/202606/ron-rang-le-hoi-ha-dien-ky-yen-40a25b5/,docs/research/baovinhlong_du_lich_evidence_matrix_2025_2026.csv,7,research_corpus,"""2026"",""2026-06-01"",""Vĩnh Long"",""direct_lead"",""high"",""Sông nước - miệt vườn; Di tích - bảo tàng - tâm linh"","""",""Rộn ràng lễ hội Hạ Điền – Kỳ Yên"",""https://baovinhlong.com.vn/van-hoa-giai-tri/202606/ron-rang-le-hoi-ha-dien-ky-yen-40a25b5/"""
https://baovinhlong.com.vn/xa-hoi/du-lich/202605/tao-nen-tang-so-phat-trien-van-hoa-the-thao-va-du-lich-2cb4abd/,docs/research/baovinhlong_du_lich_evidence_matrix_2025_2026.csv,8,research_corpus,"""2026"",""2026-05-28"",""Vĩnh Long"",""tourism_category"",""high"",""Du lịch chung/chiến lược; Sông nước - miệt vườn; Di tích - bảo tàng - tâm linh"","""",""Tạo nền tảng số phát triển văn hóa, thể thao và du lịch"",""https://baovinhlong.com.vn/xa-hoi/du-lich/202605/tao-nen-tang-so-phat-trien-van-hoa-the-thao-va-du-lich-2cb4abd/"""
https://baovinhlong.com.vn/xa-hoi/du-lich/202605/lien-ket-khai-thac-tiem-nang-tao-da-phat-trien-du-lich-53f40ac/,docs/research/baovinhlong_du_lich_evidence_matrix_2025_2026.csv,9,research_corpus,"""2026"",""2026-05-24"",""Bến Tre"",""tourism_category"",""high"",""Du lịch chung/chiến lược; Sông nước - miệt vườn; Cộng đồng - nông thôn"",""Bến Tre - xứ Dừa/An Hội"",""Liên kết khai thác tiềm năng, tạo đà phát triển du lịch"",""https://baovinhlong.com.vn/xa-hoi/du-lich/202605/lien-ket-khai-thac-tiem-nang-tao-da-phat-trien-du-lich-53f40ac/"""
https://baovinhlong.com.vn/multimedia/202605/binh-minh-ba-dong-ban-giao-huong-anh-sang-cua-bien-mien-tay-8433735/,docs/research/baovinhlong_du_lich_evidence_matrix_2025_2026.csv,10,research_corpus,"""2026"",""2026-05-22"",""Trà Vinh"",""direct_lead"",""high"",""Du lịch chung/chiến lược; Sông nước - miệt vườn; Biển - sinh thái ven biển"",""Ba Động - Trường Long Hòa"",""Bình minh Ba Động- Bản giao hưởng ánh sáng của biển miền Tây"",""https://baovinhlong.com.vn/multimedia/202605/binh-minh-ba-dong-ban-giao-huong-anh-sang-cua-bien-mien-tay-8433735/"""
https://baovinhlong.com.vn/van-hoa-giai-tri/202605/khai-mo-tiem-nang-phat-trien-cong-nghiep-van-hoa-ky-3-lang-nghe-thuc-giac-ben-nhung-dong-song-6526ce6/,docs/research/baovinhlong_du_lich_evidence_matrix_2025_2026.csv,11,research_corpus,"""2026"",""2026-05-17"",""Vĩnh Long"",""direct_lead"",""high"",""Du lịch chung/chiến lược; Sông nước - miệt vườn; Làng nghề - di sản nghề"","""",""Kỳ 3: Làng nghề “thức giấc” bên những dòng sông"",""https://baovinhlong.com.vn/van-hoa-giai-tri/202605/khai-mo-tiem-nang-phat-trien-cong-nghiep-van-hoa-ky-3-lang-nghe-thuc-giac-ben-nhung-dong-song-6526ce6/"""
https://baovinhlong.com.vn/van-hoa-giai-tri/202605/khai-mo-tiem-nang-phat-trien-cong-nghiep-van-hoa-ky-2-phat-trien-du-lich-gan-voi-giu-gin-ban-sac-dia-phuong-3f609a6/,docs/research/baovinhlong_du_lich_evidence_matrix_2025_2026.csv,12,research_corpus,"""2026"",""2026-05-15"",""Vĩnh Long"",""direct_title"",""high"",""Du lịch chung/chiến lược; Sông nước - miệt vườn"","""",""Kỳ 2: Phát triển du lịch gắn với giữ gìn bản sắc địa phương"",""https://baovinhlong.com.vn/van-hoa-giai-tri/202605/khai-mo-tiem-nang-phat-trien-cong-nghiep-van-hoa-ky-2-phat-trien-du-lich-gan-voi-giu-gin-ban-sac-dia-phuong-3f609a6/"""
https://baovinhlong.com.vn/xa-hoi/du-lich/202605/ra-mat-chi-hoi-du-lich-binh-dai-5ac5d6b/,docs/research/baovinhlong_du_lich_evidence_matrix_2025_2026.csv,13,research_corpus,"""2026"",""2026-05-15"",""Vĩnh Long; Bến Tre"",""tourism_category"",""high"",""Du lịch chung/chiến lược; Biển - sinh thái ven biển"",""Bình Đại/Ba Tri"",""Ra mắt Chi hội du lịch Bình Đại"",""https://baovinhlong.com.vn/xa-hoi/du-lich/202605/ra-mat-chi-hoi-du-lich-binh-dai-5ac5d6b/"""
https://baovinhlong.com.vn/kinh-te/202605/truong-long-hoa-tap-trung-khai-thac-tiem-nang-du-lich-va-kinh-te-bien-108088d/,docs/research/baovinhlong_du_lich_evidence_matrix_2025_2026.csv,14,research_corpus,"""2026"",""2026-05-14"",""Vĩnh Long; Trà Vinh"",""direct_title"",""high"",""Du lịch chung/chiến lược; Sông nước - miệt vườn; Biển - sinh thái ven biển"",""Cù lao An Bình - Long Hồ; Ba Động - Trường Long Hòa"",""Trường Long Hòa tập trung khai thác tiềm năng du lịch và kinh tế biển"",""https://baovinhlong.com.vn/kinh-te/202605/truong-long-hoa-tap-trung-khai-thac-tiem-nang-du-lich-va-kinh-te-bien-108088d/"""
https://baovinhlong.com.vn/van-hoa-giai-tri/202605/mot-ngay-o-thu-phu-dua-sap-cau-ke-5a63907/,docs/research/baovinhlong_du_lich_evidence_matrix_2025_2026.csv,15,research_corpus,"""2026"",""2026-05-10"",""Vĩnh Long; Trà Vinh"",""destination_event"",""medium"",""Làng nghề - di sản nghề; Văn hóa Khmer - lễ hội; Ẩm thực - đặc sản; Di tích - bảo tàng - tâm linh"",""Dừa sáp Cầu Kè"",""Một ngày ở “thủ phủ” dừa sáp Cầu Kè"",""https://baovinhlong.com.vn/van-hoa-giai-tri/202605/mot-ngay-o-thu-phu-dua-sap-cau-ke-5a63907/"""
https://baovinhlong.com.vn/van-hoa-giai-tri/202605/hang-may-anh-canon-chon-bien-ba-dong-to-chuc-hoi-thaochia-se-ve-kien-thuc-nhiep-anh-d191781/,docs/research/baovinhlong_du_lich_evidence_matrix_2025_2026.csv,16,research_corpus,"""2026"",""2026-05-07"",""Vĩnh Long; Trà Vinh"",""destination_event"",""medium"",""Sông nước - miệt vườn; Biển - sinh thái ven biển"",""Cù lao An Bình - Long Hồ; Ba Động - Trường Long Hòa"",""Hãng máy ảnh Canon chọn biển Ba Động tổ chức hội thảo, chia sẻ về kiến thức nhiếp ảnh"",""https://baovinhlong.com.vn/van-hoa-giai-tri/202605/hang-may-anh-canon-chon-bien-ba-dong-to-chuc-hoi-thaochia-se-ve-kien-thuc-nhiep-anh-d191781/"""
https://baovinhlong.com.vn/van-hoa-giai-tri/202605/ket-noi-gap-go-gan-40-doanh-nghiep-hoi-vien-du-lich-khu-vuc-tra-vinh-c3f3c46/,docs/research/baovinhlong_du_lich_evidence_matrix_2025_2026.csv,17,research_corpus,"""2026"",""2026-05-07"",""Vĩnh Long; Trà Vinh"",""direct_title"",""high"",""Du lịch chung/chiến lược; Văn hóa Khmer - lễ hội; Di tích - bảo tàng - tâm linh"",""Ao Bà Om - Chùa Hang"",""Kết nối, gặp gỡ gần 40 doanh nghiệp, hội viên du lịch khu vực Trà Vinh"",""https://baovinhlong.com.vn/van-hoa-giai-tri/202605/ket-noi-gap-go-gan-40-doanh-nghiep-hoi-vien-du-lich-khu-vuc-tra-vinh-c3f3c46/"""
https://baovinhlong.com.vn/xa-hoi/du-lich/202605/diem-den-an-toan-than-thien-chat-luong-9c8410c/,docs/research/baovinhlong_du_lich_evidence_matrix_2025_2026.csv,18,research_corpus,"""2026"",""2026-05-05"",""Vĩnh Long; Trà Vinh; Bến Tre"",""tourism_category"",""high"",""Du lịch chung/chiến lược; Sông nước - miệt vườn; Di tích - bảo tàng - tâm linh"","""",""Điểm đến “An toàn- thân thiện- chất lượng”"",""https://baovinhlong.com.vn/xa-hoi/du-lich/202605/diem-den-an-toan-than-thien-chat-luong-9c8410c/"""
https://baovinhlong.com.vn/xa-hoi/du-lich/202605/phuong-ben-tre-be-mac-tuan-le-van-hoa-am-thuc-nam-2026-0090994/,docs/research/baovinhlong_du_lich_evidence_matrix_2025_2026.csv,19,research_corpus,"""2026"",""2026-05-04"",""Vĩnh Long; Trà Vinh; Bến Tre"",""tourism_category"",""high"",""Sông nước - miệt vườn; Ẩm thực - đặc sản; Di tích - bảo tàng - tâm linh"",""Bến Tre - xứ Dừa/An Hội"",""Phường Bến Tre bế mạc Tuần lễ Văn hóa - Ẩm thực năm 2026"",""https://baovinhlong.com.vn/xa-hoi/du-lich/202605/phuong-ben-tre-be-mac-tuan-le-van-hoa-am-thuc-nam-2026-0090994/"""
https://baovinhlong.com.vn/xa-hoi/du-lich/202605/bao-dam-an-toan-nang-cao-chat-luong-phuc-vu-du-lich-59d3a28/,docs/research/baovinhlong_du_lich_evidence_matrix_2025_2026.csv,20,research_corpus,"""2026"",""2026-05-01"",""Vĩnh Long"",""tourism_category"",""high"",""Du lịch chung/chiến lược"","""",""Bảo đảm an toàn, nâng cao chất lượng phục vụ du lịch"",""https://baovinhlong.com.vn/xa-hoi/du-lich/202605/bao-dam-an-toan-nang-cao-chat-luong-phuc-vu-du-lich-59d3a28/"""
https://baovinhlong.com.vn/xa-hoi/du-lich/202604/dua-am-thuc-tro-thanh-san-pham-du-lich-dac-trung-83f421e/,docs/research/baovinhlong_du_lich_evidence_matrix_2025_2026.csv,21,research_corpus,"""2026"",""2026-04-30"",""Vĩnh Long; Trà Vinh; Bến Tre"",""tourism_category"",""high"",""Du lịch chung/chiến lược; Sông nước - miệt vườn; Ẩm thực - đặc sản"","""",""Đưa ẩm thực trở thành sản phẩm du lịch đặc trưng"",""https://baovinhlong.com.vn/xa-hoi/du-lich/202604/dua-am-thuc-tro-thanh-san-pham-du-lich-dac-trung-83f421e/"""
https://baovinhlong.com.vn/van-hoa-giai-tri/202604/ra-mat-xom-nghe-lan-vuong-phuc-vu-du-khach-trai-nghiem-dip-le-304-va-15-c942616/,docs/research/baovinhlong_du_lich_evidence_matrix_2025_2026.csv,22,research_corpus,"""2026"",""2026-04-30"",""Bến Tre"",""direct_title"",""high"",""Du lịch chung/chiến lược; Làng nghề - di sản nghề"",""Bến Tre - xứ Dừa/An Hội; Cồn Phụng/Lan Vương/Phú Túc"",""Ra mắt “Xóm nghề Lan Vương” phục vụ du khách trải nghiệm dịp lễ 30/4 và 1/5"",""https://baovinhlong.com.vn/van-hoa-giai-tri/202604/ra-mat-xom-nghe-lan-vuong-phuc-vu-du-khach-trai-nghiem-dip-le-304-va-15-c942616/"""
https://baovinhlong.com.vn/xa-hoi/du-lich/202604/vinh-danh-29-nghe-nhan-nghe-bep-nghe-banh-nghe-dieu-khac-cu-qua-98a0e9c/,docs/research/baovinhlong_du_lich_evidence_matrix_2025_2026.csv,23,research_corpus,"""2026"",""2026-04-27"",""Vĩnh Long; Bến Tre"",""tourism_category"",""high"",""Du lịch chung/chiến lược; Ẩm thực - đặc sản"","""",""Vinh danh 29 nghệ nhân nghề bếp, nghề bánh, nghề điêu khắc củ, quả"",""https://baovinhlong.com.vn/xa-hoi/du-lich/202604/vinh-danh-29-nghe-nhan-nghe-bep-nghe-banh-nghe-dieu-khac-cu-qua-98a0e9c/"""
https://baovinhlong.com.vn/xa-hoi/du-lich/202604/phat-huy-tiem-nang-loi-the-dua-du-lich-tinh-phat-trien-34f44d2/,docs/research/baovinhlong_du_lich_evidence_matrix_2025_2026.csv,24,research_corpus,"""2026"",""2026-04-23"",""Vĩnh Long; Trà Vinh; Bến Tre"",""tourism_category"",""high"",""Du lịch chung/chiến lược; Sông nước - miệt vườn; Làng nghề - di sản nghề; Văn hóa Khmer - lễ hội"",""Mang Thít - gạch gốm; Ok Om Bok/Khmer"",""Phát huy tiềm năng, lợi thế đưa du lịch tỉnh phát triển"",""https://baovinhlong.com.vn/xa-hoi/du-lich/202604/phat-huy-tiem-nang-loi-the-dua-du-lich-tinh-phat-trien-34f44d2/"""
https://baovinhlong.com.vn/phong-su-ky-su/202604/phat-trien-san-pham-du-lich-dac-thu-tu-lang-nghe-gach-gom-7f54c8b/,docs/research/baovinhlong_du_lich_evidence_matrix_2025_2026.csv,25,research_corpus,"""2026"",""2026-04-22"",""Vĩnh Long"",""direct_title"",""high"",""Du lịch chung/chiến lược; Làng nghề - di sản nghề"",""Mang Thít - gạch gốm"",""Phát triển sản phẩm du lịch đặc thù từ làng nghề gạch, gốm"",""https://baovinhlong.com.vn/phong-su-ky-su/202604/phat-trien-san-pham-du-lich-dac-thu-tu-lang-nghe-gach-gom-7f54c8b/"""
https://baovinhlong.com.vn/xa-hoi/du-lich/202604/vinh-long-ban-hanh-bo-tieu-chi-du-lich-xanh-ae52034/,docs/research/baovinhlong_du_lich_evidence_matrix_2025_2026.csv,26,research_corpus,"""2026"",""2026-04-22"",""Vĩnh Long; Bến Tre"",""tourism_category"",""high"",""Du lịch chung/chiến lược"","""",""Vĩnh Long ban hành Bộ tiêu chí du lịch xanh"",""https://baovinhlong.com.vn/xa-hoi/du-lich/202604/vinh-long-ban-hanh-bo-tieu-chi-du-lich-xanh-ae52034/"""
https://baovinhlong.com.vn/van-hoa-giai-tri/202604/vinh-long-tham-gia-ngay-van-hoa-cac-dan-toc-viet-nam-194-nam-2026-80320dc/,docs/research/baovinhlong_du_lich_evidence_matrix_2025_2026.csv,27,research_corpus,"""2026"",""2026-04-19"",""Vĩnh Long"",""direct_lead"",""high"",""Du lịch chung/chiến lược; Văn hóa Khmer - lễ hội"","""",""Vĩnh Long tham gia “Ngày Văn hóa các dân tộc Việt Nam 19/4 năm 2026”"",""https://baovinhlong.com.vn/van-hoa-giai-tri/202604/vinh-long-tham-gia-ngay-van-hoa-cac-dan-toc-viet-nam-194-nam-2026-80320dc/"""
https://baovinhlong.com.vn/thoi-su/202604/nam-2026-nganh-du-lich-tinh-dung-truoc-nhieu-co-hoi-va-thach-thuc-10c2093/,docs/research/baovinhlong_du_lich_evidence_matrix_2025_2026.csv,28,research_corpus,"""2026"",""2026-04-18"",""Vĩnh Long; Bến Tre"",""direct_title"",""high"",""Du lịch chung/chiến lược"",""Bến Tre - xứ Dừa/An Hội"",""Họp mặt doanh nghiệp du lịch năm 2026"",""https://baovinhlong.com.vn/thoi-su/202604/nam-2026-nganh-du-lich-tinh-dung-truoc-nhieu-co-hoi-va-thach-thuc-10c2093/"""
https://baovinhlong.com.vn/van-hoa-giai-tri/202604/he-soi-dong-voi-canh-dong-dieu-o-ba-tri-242433c/,docs/research/baovinhlong_du_lich_evidence_matrix_2025_2026.csv,29,research_corpus,"""2026"",""2026-04-17"",""Bến Tre"",""direct_lead"",""high"",""Biển - sinh thái ven biển"",""Bình Đại/Ba Tri"",""Hè sôi động với cánh đồng diều ở Ba Tri"",""https://baovinhlong.com.vn/van-hoa-giai-tri/202604/he-soi-dong-voi-canh-dong-dieu-o-ba-tri-242433c/"""
https://baovinhlong.com.vn/xa-hoi/du-lich/202604/pho-bi-thu-tinh-uy-chu-tich-ubnd-tinh-tran-tri-quang-khao-sat-thuc-te-khu-lo-gach-gom-mang-thit-va-cac-diem-du-lich-3524beb/,docs/research/baovinhlong_du_lich_evidence_matrix_2025_2026.csv,30,research_corpus,"""2026"",""2026-04-17"",""Vĩnh Long"",""tourism_category"",""high"",""Du lịch chung/chiến lược; Sông nước - miệt vườn; Làng nghề - di sản nghề; Cộng đồng - nông thôn"",""Mang Thít - gạch gốm; Cù lao An Bình - Long Hồ"",""Phó Bí thư Tỉnh ủy, Chủ tịch UBND tỉnh Trần Trí Quang khảo sát thực tế Khu lò gạch, gốm Mang Thít và các điểm du lịch"",""https://baovinhlong.com.vn/xa-hoi/du-lich/202604/pho-bi-thu-tinh-uy-chu-tich-ubnd-tinh-tran-tri-quang-khao-sat-thuc-te-khu-lo-gach-gom-mang-thit-va-cac-diem-du-lich-3524beb/"""
https://baovinhlong.com.vn/xa-hoi/du-lich/202604/phu-tuc-khai-thac-loi-the-tiem-nang-du-lich-xanh-24909d2/,docs/research/baovinhlong_du_lich_evidence_matrix_2025_2026.csv,31,research_corpus,"""2026"",""2026-04-16"",""Bến Tre"",""tourism_category"",""high"",""Du lịch chung/chiến lược; Sông nước - miệt vườn; Cộng đồng - nông thôn"",""Cồn Phụng/Lan Vương/Phú Túc"",""Phú Túc khai thác lợi thế tiềm năng du lịch xanh"",""https://baovinhlong.com.vn/xa-hoi/du-lich/202604/phu-tuc-khai-thac-loi-the-tiem-nang-du-lich-xanh-24909d2/"""
https://baovinhlong.com.vn/xa-hoi/du-lich/202604/but-pha-tu-cac-nganh-dich-vu-tao-dong-luc-tang-truong-62b4453/,docs/research/baovinhlong_du_lich_evidence_matrix_2025_2026.csv,32,research_corpus,"""2026"",""2026-04-11"",""Vĩnh Long; Bến Tre"",""tourism_category"",""high"",""Du lịch chung/chiến lược; Sông nước - miệt vườn"","""",""Bứt phá từ các ngành dịch vụ, tạo động lực tăng trưởng"",""https://baovinhlong.com.vn/xa-hoi/du-lich/202604/but-pha-tu-cac-nganh-dich-vu-tao-dong-luc-tang-truong-62b4453/"""
https://baovinhlong.com.vn/xa-hoi/du-lich/202604/ket-noi-du-lich-dbscl-voi-ha-noi-va-cac-tinh-phia-bac-c7445aa/,docs/research/baovinhlong_du_lich_evidence_matrix_2025_2026.csv,33,research_corpus,"""2026"",""2026-04-10"",""Vĩnh Long"",""tourism_category"",""high"",""Du lịch chung/chiến lược"","""",""Kết nối du lịch ĐBSCL với Hà Nội và các tỉnh phía Bắc"",""https://baovinhlong.com.vn/xa-hoi/du-lich/202604/ket-noi-du-lich-dbscl-voi-ha-noi-va-cac-tinh-phia-bac-c7445aa/"""
https://baovinhlong.com.vn/kinh-te/202604/quang-ba-du-lich-vinh-long-tai-hoi-cho-du-lich-quoc-te-viet-nam-72914bd/,docs/research/baovinhlong_du_lich_evidence_matrix_2025_2026.csv,34,research_corpus,"""2026"",""2026-04-10"",""Vĩnh Long"",""direct_title"",""high"",""Du lịch chung/chiến lược"","""",""Quảng bá du lịch Vĩnh Long tại Hội chợ Du lịch Quốc tế Việt Nam"",""https://baovinhlong.com.vn/kinh-te/202604/quang-ba-du-lich-vinh-long-tai-hoi-cho-du-lich-quoc-te-viet-nam-72914bd/"""
https://baovinhlong.com.vn/xa-hoi/du-lich/202604/day-manh-lien-ket-kien-tao-hanh-trinh-du-lich-chat-luong-65d07fa/,docs/research/baovinhlong_du_lich_evidence_matrix_2025_2026.csv,35,research_corpus,"""2026"",""2026-04-08"",""Vĩnh Long; Trà Vinh; Bến Tre"",""tourism_category"",""high"",""Du lịch chung/chiến lược"","""",""Đẩy mạnh liên kết, kiến tạo hành trình du lịch chất lượng"",""https://baovinhlong.com.vn/xa-hoi/du-lich/202604/day-manh-lien-ket-kien-tao-hanh-trinh-du-lich-chat-luong-65d07fa/"""
https://baovinhlong.com.vn/van-hoa-giai-tri/202604/vinh-long-mang-sac-mau-van-hoa-nam-bo-ra-thu-do-ha-noi-f2e3866/,docs/research/baovinhlong_du_lich_evidence_matrix_2025_2026.csv,36,research_corpus,"""2026"",""2026-04-08"",""Vĩnh Long"",""direct_lead"",""high"",""Du lịch chung/chiến lược; Văn hóa Khmer - lễ hội"","""",""Vĩnh Long mang sắc màu văn hóa Nam Bộ ra Thủ đô Hà Nội"",""https://baovinhlong.com.vn/van-hoa-giai-tri/202604/vinh-long-mang-sac-mau-van-hoa-nam-bo-ra-thu-do-ha-noi-f2e3866/"""
https://baovinhlong.com.vn/xa-hoi/du-lich/202604/ra-mat-chi-hoi-du-lich-xa-phu-tuc-d5b32f7/,docs/research/baovinhlong_du_lich_evidence_matrix_2025_2026.csv,37,research_corpus,"""2026"",""2026-04-07"",""Vĩnh Long; Bến Tre"",""tourism_category"",""high"",""Du lịch chung/chiến lược; Sông nước - miệt vườn; Cộng đồng - nông thôn"",""Cồn Phụng/Lan Vương/Phú Túc"",""Ra mắt Chi hội Du lịch xã Phú Túc"",""https://baovinhlong.com.vn/xa-hoi/du-lich/202604/ra-mat-chi-hoi-du-lich-xa-phu-tuc-d5b32f7/"""
https://baovinhlong.com.vn/kinh-te/202604/trung-bay-gioi-thieu-hon-1-ngan-an-pham-cua-tinh-tai-ngay-hoi-du-lich-tp-ho-chi-minh-2e60821/,docs/research/baovinhlong_du_lich_evidence_matrix_2025_2026.csv,38,research_corpus,"""2026"",""2026-04-05"",""Vĩnh Long"",""direct_title"",""high"",""Du lịch chung/chiến lược; Sông nước - miệt vườn"","""",""Trưng bày, giới thiệu hơn 1 ngàn ấn phẩm của tỉnh tại Ngày hội Du lịch TP Hồ Chí Minh"",""https://baovinhlong.com.vn/kinh-te/202604/trung-bay-gioi-thieu-hon-1-ngan-an-pham-cua-tinh-tai-ngay-hoi-du-lich-tp-ho-chi-minh-2e60821/"""
https://baovinhlong.com.vn/xa-hoi/du-lich/202603/toa-dam-lien-ket-hop-tac-phat-trien-tour-tuyen-san-pham-du-lich-tai-vinh-long-1d91728/,docs/research/baovinhlong_du_lich_evidence_matrix_2025_2026.csv,39,research_corpus,"""2026"",""2026-03-31"",""Vĩnh Long; Bến Tre"",""tourism_category"",""high"",""Du lịch chung/chiến lược"","""",""Tọa đàm “Liên kết, hợp tác phát triển tour - tuyến, sản phẩm du lịch tại Vĩnh Long”"",""https://baovinhlong.com.vn/xa-hoi/du-lich/202603/toa-dam-lien-ket-hop-tac-phat-trien-tour-tuyen-san-pham-du-lich-tai-vinh-long-1d91728/"""
https://baovinhlong.com.vn/xa-hoi/du-lich/202603/tang-cuong-ket-noi-quang-ba-van-hoa-du-lich-9ca1091/,docs/research/baovinhlong_du_lich_evidence_matrix_2025_2026.csv,40,research_corpus,"""2026"",""2026-03-28"",""Vĩnh Long; Trà Vinh"",""tourism_category"",""high"",""Du lịch chung/chiến lược; Sông nước - miệt vườn"","""",""Tăng cường kết nối quảng bá văn hóa, du lịch"",""https://baovinhlong.com.vn/xa-hoi/du-lich/202603/tang-cuong-ket-noi-quang-ba-van-hoa-du-lich-9ca1091/"""
https://baovinhlong.com.vn/van-hoa-giai-tri/202603/le-xuan-dinh-net-dep-van-hoa-tai-di-tich-van-thanh-mieu-2023470/,docs/research/baovinhlong_du_lich_evidence_matrix_2025_2026.csv,41,research_corpus,"""2026"",""2026-03-24"",""Vĩnh Long"",""destination_event"",""medium"",""Sông nước - miệt vườn; Di tích - bảo tàng - tâm linh"",""Văn Thánh Miếu"",""Lễ Xuân Đinh- nét đẹp văn hóa tại di tích Văn Thánh miếu"",""https://baovinhlong.com.vn/van-hoa-giai-tri/202603/le-xuan-dinh-net-dep-van-hoa-tai-di-tich-van-thanh-mieu-2023470/"""
https://baovinhlong.com.vn/xa-hoi/202603/boi-duong-nghiep-vu-du-lich-cho-cong-chuc-xa-phuong-khu-vuc-ben-tre-0301103/,docs/research/baovinhlong_du_lich_evidence_matrix_2025_2026.csv,42,research_corpus,"""2026"",""2026-03-20"",""Bến Tre"",""direct_title"",""high"",""Du lịch chung/chiến lược; Sông nước - miệt vườn"",""Bến Tre - xứ Dừa/An Hội"",""Bồi dưỡng nghiệp vụ du lịch cho công chức xã, phường khu vực Bến Tre"",""https://baovinhlong.com.vn/xa-hoi/202603/boi-duong-nghiep-vu-du-lich-cho-cong-chuc-xa-phuong-khu-vuc-ben-tre-0301103/"""
https://baovinhlong.com.vn/xa-hoi/du-lich/202603/diem-nhan-hap-dan-du-lich-duong-thuy-28331ea/,docs/research/baovinhlong_du_lich_evidence_matrix_2025_2026.csv,43,research_corpus,"""2026"",""2026-03-19"",""Vĩnh Long; Trà Vinh; Bến Tre"",""tourism_category"",""high"",""Du lịch chung/chiến lược; Sông nước - miệt vườn"","""",""Điểm nhấn hấp dẫn du lịch đường thủy"",""https://baovinhlong.com.vn/xa-hoi/du-lich/202603/diem-nhan-hap-dan-du-lich-duong-thuy-28331ea/"""
https://baovinhlong.com.vn/phong-su-anh/202603/di-san-van-hoa-phi-vat-the-quoc-gia-le-hoi-nguyen-tieu-b955ae0/,docs/research/baovinhlong_du_lich_evidence_matrix_2025_2026.csv,44,research_corpus,"""2026"",""2026-03-04"",""Vĩnh Long; Trà Vinh"",""destination_event"",""medium"",""Du lịch chung/chiến lược; Sông nước - miệt vườn; Văn hóa Khmer - lễ hội; Di tích - bảo tàng - tâm linh"",""Ok Om Bok/Khmer"",""Di sản văn hóa phi vật thể quốc gia- Lễ hội Nguyên Tiêu"",""https://baovinhlong.com.vn/phong-su-anh/202603/di-san-van-hoa-phi-vat-the-quoc-gia-le-hoi-nguyen-tieu-b955ae0/"""
https://baovinhlong.com.vn/van-hoa-giai-tri/202603/phong-phu-cac-hoat-dong-tuan-le-van-hoa-xa-dai-an-c780fe2/,docs/research/baovinhlong_du_lich_evidence_matrix_2025_2026.csv,45,research_corpus,"""2026"",""2026-03-04"",""Trà Vinh"",""direct_lead"",""high"",""Du lịch chung/chiến lược; Sông nước - miệt vườn; Văn hóa Khmer - lễ hội; Di tích - bảo tàng - tâm linh"",""Ok Om Bok/Khmer"",""Phong phú các hoạt động tuần lễ văn hóa xã Đại An"",""https://baovinhlong.com.vn/van-hoa-giai-tri/202603/phong-phu-cac-hoat-dong-tuan-le-van-hoa-xa-dai-an-c780fe2/"""
https://baovinhlong.com.vn/van-hoa-giai-tri/202603/cong-bo-quyet-dinh-dua-le-hoi-nguyen-tieu-o-tra-cu-vao-danh-muc-di-san-van-hoa-phi-vat-the-quoc-gia-ba52ad3/,docs/research/baovinhlong_du_lich_evidence_matrix_2025_2026.csv,46,research_corpus,"""2026"",""2026-03-03"",""Vĩnh Long; Trà Vinh"",""destination_event"",""medium"",""Du lịch chung/chiến lược; Sông nước - miệt vườn; Văn hóa Khmer - lễ hội; Di tích - bảo tàng - tâm linh"",""Ok Om Bok/Khmer"",""Công bố quyết định đưa “Lễ hội Nguyên Tiêu ở Trà Cú” vào danh mục di sản văn hóa phi vật thể quốc gia"",""https://baovinhlong.com.vn/van-hoa-giai-tri/202603/cong-bo-quyet-dinh-dua-le-hoi-nguyen-tieu-o-tra-cu-vao-danh-muc-di-san-van-hoa-phi-vat-the-quoc-gia-ba52ad3/"""
https://baovinhlong.com.vn/xa-hoi/du-lich/202603/day-manh-hoat-dong-quang-ba-xuc-tien-du-lich-nam-2026-9ba3f28/,docs/research/baovinhlong_du_lich_evidence_matrix_2025_2026.csv,47,research_corpus,"""2026"",""2026-03-01"",""Vĩnh Long"",""tourism_category"",""high"",""Du lịch chung/chiến lược"","""",""Đẩy mạnh hoạt động quảng bá, xúc tiến du lịch năm 2026"",""https://baovinhlong.com.vn/xa-hoi/du-lich/202603/day-manh-hoat-dong-quang-ba-xuc-tien-du-lich-nam-2026-9ba3f28/"""
https://baovinhlong.com.vn/van-hoa-giai-tri/202602/khai-mac-tuan-le-van-hoa-the-thao-va-du-lich-xa-dai-an-f3a077d/,docs/research/baovinhlong_du_lich_evidence_matrix_2025_2026.csv,48,research_corpus,"""2026"",""2026-02-26"",""Vĩnh Long; Trà Vinh"",""direct_title"",""high"",""Du lịch chung/chiến lược; Sông nước - miệt vườn; Văn hóa Khmer - lễ hội; Di tích - bảo tàng - tâm linh"",""Ok Om Bok/Khmer"",""Khai mạc Tuần lễ Văn hóa, Thể thao và Du lịch xã Đại An"",""https://baovinhlong.com.vn/van-hoa-giai-tri/202602/khai-mac-tuan-le-van-hoa-the-thao-va-du-lich-xa-dai-an-f3a077d/"""
https://baovinhlong.com.vn/van-hoa-giai-tri/202602/dai-an-san-sang-vao-mua-le-hoi-nguyen-tieu-91e0433/,docs/research/baovinhlong_du_lich_evidence_matrix_2025_2026.csv,49,research_corpus,"""2026"",""2026-02-25"",""Trà Vinh"",""direct_lead"",""high"",""Du lịch chung/chiến lược; Sông nước - miệt vườn; Văn hóa Khmer - lễ hội; Di tích - bảo tàng - tâm linh"",""Ok Om Bok/Khmer"",""Đại An sẵn sàng vào mùa Lễ hội Nguyên tiêu"",""https://baovinhlong.com.vn/van-hoa-giai-tri/202602/dai-an-san-sang-vao-mua-le-hoi-nguyen-tieu-91e0433/"""
https://baovinhlong.com.vn/van-hoa-giai-tri/202602/doc-dao-le-hoi-nguyen-tieu-fd103c9/,docs/research/baovinhlong_du_lich_evidence_matrix_2025_2026.csv,50,research_corpus,"""2026"",""2026-02-25"",""Trà Vinh"",""destination_event"",""medium"",""Văn hóa Khmer - lễ hội; Di tích - bảo tàng - tâm linh"",""Ok Om Bok/Khmer"",""Độc đáo Lễ hội Nguyên tiêu"",""https://baovinhlong.com.vn/van-hoa-giai-tri/202602/doc-dao-le-hoi-nguyen-tieu-fd103c9/"""
https://baovinhlong.com.vn/thoi-su/202602/le-hoi-nguyen-tieu-gan-voi-tuan-le-van-hoa-the-thao-va-du-lich-xa-dai-an-dien-ra-tu-ngay-252-33-5ad0467/,docs/research/baovinhlong_du_lich_evidence_matrix_2025_2026.csv,51,research_corpus,"""2026"",""2026-02-23"",""Trà Vinh"",""direct_title"",""high"",""Du lịch chung/chiến lược; Sông nước - miệt vườn; Văn hóa Khmer - lễ hội; Di tích - bảo tàng - tâm linh"",""Ok Om Bok/Khmer"",""Lễ hội Nguyên tiêu gắn với Tuần lễ Văn hóa, Thể thao và Du lịch xã Đại An diễn ra từ ngày 25/2- 3/3"",""https://baovinhlong.com.vn/thoi-su/202602/le-hoi-nguyen-tieu-gan-voi-tuan-le-van-hoa-the-thao-va-du-lich-xa-dai-an-dien-ra-tu-ngay-252-33-5ad0467/"""
https://baovinhlong.com.vn/xa-hoi/du-lich/202602/cac-khu-di-tich-don-tiep-gan-50000-luot-khachdip-tet-nguyen-dan-0c0071f/,docs/research/baovinhlong_du_lich_evidence_matrix_2025_2026.csv,52,research_corpus,"""2026"",""2026-02-21"",""Vĩnh Long; Trà Vinh; Bến Tre"",""tourism_category"",""high"",""Du lịch chung/chiến lược; Sông nước - miệt vườn; Di tích - bảo tàng - tâm linh"",""Cù lao An Bình - Long Hồ"",""Các khu di tích đón gần 50.000 lượt khách dịp Tết Nguyên đán"",""https://baovinhlong.com.vn/xa-hoi/du-lich/202602/cac-khu-di-tich-don-tiep-gan-50000-luot-khachdip-tet-nguyen-dan-0c0071f/"""
https://baovinhlong.com.vn/phong-su-anh/202602/thang-canh-ao-ba-om-thu-hut-khach-du-xuan-3db0b58/,docs/research/baovinhlong_du_lich_evidence_matrix_2025_2026.csv,53,research_corpus,"""2026"",""2026-02-20"",""Vĩnh Long; Trà Vinh"",""direct_title"",""high"",""Văn hóa Khmer - lễ hội; Di tích - bảo tàng - tâm linh"",""Ao Bà Om - Chùa Hang; Ok Om Bok/Khmer"",""Thắng cảnh Ao Bà Om thu hút khách du xuân"",""https://baovinhlong.com.vn/phong-su-anh/202602/thang-canh-ao-ba-om-thu-hut-khach-du-xuan-3db0b58/"""
https://baovinhlong.com.vn/xa-hoi/du-lich/202602/tren-16000-luot-khach-den-khu-du-lich-bien-ba-dong-dip-tet-0620e93/,docs/research/baovinhlong_du_lich_evidence_matrix_2025_2026.csv,54,research_corpus,"""2026"",""2026-02-20"",""Trà Vinh"",""tourism_category"",""high"",""Du lịch chung/chiến lược; Sông nước - miệt vườn; Biển - sinh thái ven biển"",""Cù lao An Bình - Long Hồ; Ba Động - Trường Long Hòa"",""Trên 16.000 lượt khách đến Khu du lịch Biển Ba Động dịp Tết"",""https://baovinhlong.com.vn/xa-hoi/du-lich/202602/tren-16000-luot-khach-den-khu-du-lich-bien-ba-dong-dip-tet-0620e93/"""
https://baovinhlong.com.vn/van-hoa-giai-tri/202602/sac-mau-ban-do-am-thuc-vinh-long-c4f07a9/,docs/research/baovinhlong_du_lich_evidence_matrix_2025_2026.csv,55,research_corpus,"""2026"",""2026-02-19"",""Vĩnh Long"",""direct_lead"",""high"",""Sông nước - miệt vườn; Làng nghề - di sản nghề; Ẩm thực - đặc sản; Cộng đồng - nông thôn"",""Cù lao An Bình - Long Hồ"",""Sắc màu “bản đồ ẩm thực” Vĩnh Long"",""https://baovinhlong.com.vn/van-hoa-giai-tri/202602/sac-mau-ban-do-am-thuc-vinh-long-c4f07a9/"""
https://baovinhlong.com.vn/xa-hoi/du-lich/202602/song-nuoc-miet-vuon-an-binh-giu-chan-du-khach-c180357/,docs/research/baovinhlong_du_lich_evidence_matrix_2025_2026.csv,56,research_corpus,"""2026"",""2026-02-17"",""Vĩnh Long"",""tourism_category"",""high"",""Sông nước - miệt vườn"",""Cù lao An Bình - Long Hồ"",""Sông nước miệt vườn An Bình giữ chân du khách"",""https://baovinhlong.com.vn/xa-hoi/du-lich/202602/song-nuoc-miet-vuon-an-binh-giu-chan-du-khach-c180357/"""
https://baovinhlong.com.vn/xa-hoi/du-lich/202602/du-lich-tang-toc-buc-pha-voi-khong-gian-moi-3d90216/,docs/research/baovinhlong_du_lich_evidence_matrix_2025_2026.csv,57,research_corpus,"""2026"",""2026-02-16"",""Vĩnh Long; Trà Vinh"",""tourism_category"",""high"",""Du lịch chung/chiến lược; Sông nước - miệt vườn; Ẩm thực - đặc sản; Cộng đồng - nông thôn"","""",""Du lịch tăng tốc bứt phá với không gian mới"",""https://baovinhlong.com.vn/xa-hoi/du-lich/202602/du-lich-tang-toc-buc-pha-voi-khong-gian-moi-3d90216/"""
https://baovinhlong.com.vn/nhip-song-dong-bang/202602/sac-xuan-cho-que-c374322/,docs/research/baovinhlong_du_lich_evidence_matrix_2025_2026.csv,58,research_corpus,"""2026"",""2026-02-10"",""Trà Vinh"",""destination_event"",""medium"",""Sông nước - miệt vườn; Làng nghề - di sản nghề; Ẩm thực - đặc sản"","""",""Sắc xuân chợ quê"",""https://baovinhlong.com.vn/nhip-song-dong-bang/202602/sac-xuan-cho-que-c374322/"""
https://baovinhlong.com.vn/nhip-song-dong-bang/202602/ngay-hoi-cho-noi-van-hoa-song-nuoc-nam-bo-4642f3e/,docs/research/baovinhlong_du_lich_evidence_matrix_2025_2026.csv,59,research_corpus,"""2026"",""2026-02-09"",""Bến Tre"",""destination_event"",""medium"",""Sông nước - miệt vườn"",""Cù lao An Bình - Long Hồ; Bến Tre - xứ Dừa/An Hội"",""Ngày hội “Chợ nổi - Văn hóa sông nước Nam Bộ”"",""https://baovinhlong.com.vn/nhip-song-dong-bang/202602/ngay-hoi-cho-noi-van-hoa-song-nuoc-nam-bo-4642f3e/"""
https://baovinhlong.com.vn/phong-su-anh/202601/moi-den-hoi-cho-xuan-xem-livestream-ban-hang-trai-nghiem-goi-banh-tet-tra-cuon-194357b/,docs/research/baovinhlong_du_lich_evidence_matrix_2025_2026.csv,60,research_corpus,"""2026"",""2026-01-30"",""Vĩnh Long"",""direct_lead"",""high"",""Du lịch chung/chiến lược; Sông nước - miệt vườn; Làng nghề - di sản nghề; Văn hóa Khmer - lễ hội; Ẩm thực - đặc sản"",""Cù lao An Bình - Long Hồ; Ok Om Bok/Khmer"",""Mời đến hội chợ Xuân xem livestream bán hàng, trải nghiệm gói bánh tét Trà Cuôn"",""https://baovinhlong.com.vn/phong-su-anh/202601/moi-den-hoi-cho-xuan-xem-livestream-ban-hang-trai-nghiem-goi-banh-tet-tra-cuon-194357b/"""
https://baovinhlong.com.vn/tieu-diem/202601/khu-du-lich-bien-ba-dong-san-sang-don-khach-6131e1a/,docs/research/baovinhlong_du_lich_evidence_matrix_2025_2026.csv,61,research_corpus,"""2026"",""2026-01-25"",""Trà Vinh"",""direct_title"",""high"",""Du lịch chung/chiến lược; Biển - sinh thái ven biển"",""Ba Động - Trường Long Hòa"",""Khu du lịch biển Ba Động sẵn sàng đón khách"",""https://baovinhlong.com.vn/tieu-diem/202601/khu-du-lich-bien-ba-dong-san-sang-don-khach-6131e1a/"""
https://baovinhlong.com.vn/van-hoa-giai-tri/202601/to-chuc-dat-cay-uoc-nguyen-tai-lang-ong-4d140e2/,docs/research/baovinhlong_du_lich_evidence_matrix_2025_2026.csv,62,research_corpus,"""2026"",""2026-01-20"",""Vĩnh Long"",""destination_event"",""medium"",""Di tích - bảo tàng - tâm linh"",""Lăng Ông Trà Ôn"",""Tổ chức đặt cây ước nguyện tại Lăng Ông"",""https://baovinhlong.com.vn/van-hoa-giai-tri/202601/to-chuc-dat-cay-uoc-nguyen-tai-lang-ong-4d140e2/"""
https://baovinhlong.com.vn/nhip-song-dong-bang/202601/lang-nghe-cuc-mam-xoi-long-thoi-ron-rang-sac-xuan-97e5de6/,docs/research/baovinhlong_du_lich_evidence_matrix_2025_2026.csv,63,research_corpus,"""2026"",""2026-01-11"",""Bến Tre"",""destination_event"",""medium"",""Sông nước - miệt vườn; Làng nghề - di sản nghề"",""Chợ Lách - hoa kiểng"",""Làng nghề cúc mâm xôi Long Thới rộn ràng sắc xuân"",""https://baovinhlong.com.vn/nhip-song-dong-bang/202601/lang-nghe-cuc-mam-xoi-long-thoi-ron-rang-sac-xuan-97e5de6/"""
https://baovinhlong.com.vn/xa-hoi/du-lich/202601/du-lich-khoi-dong-nam-2026-voi-ket-qua-tich-cuc-52f005b/,docs/research/baovinhlong_du_lich_evidence_matrix_2025_2026.csv,64,research_corpus,"""2026"",""2026-01-06"",""Vĩnh Long; Trà Vinh; Bến Tre"",""tourism_category"",""high"",""Du lịch chung/chiến lược"","""",""Du lịch khởi động năm 2026 với kết quả tích cực"",""https://baovinhlong.com.vn/xa-hoi/du-lich/202601/du-lich-khoi-dong-nam-2026-voi-ket-qua-tich-cuc-52f005b/"""
https://baovinhlong.com.vn/xa-hoi/du-lich/202601/nang-chat-san-pham-dich-vu-du-lich-tinh-79835d0/,docs/research/baovinhlong_du_lich_evidence_matrix_2025_2026.csv,65,research_corpus,"""2026"",""2026-01-03"",""Vĩnh Long"",""tourism_category"",""high"",""Du lịch chung/chiến lược; Sông nước - miệt vườn"",""Cù lao An Bình - Long Hồ"",""Nâng chất sản phẩm, dịch vụ du lịch tỉnh"",""https://baovinhlong.com.vn/xa-hoi/du-lich/202601/nang-chat-san-pham-dich-vu-du-lich-tinh-79835d0/"""
https://baovinhlong.com.vn/xa-hoi/du-lich/202601/quang-ba-du-lich-mung-dang-mung-xuan-binh-ngo-nam-2026-b1a1cde/,docs/research/baovinhlong_du_lich_evidence_matrix_2025_2026.csv,66,research_corpus,"""2026"",""2026-01-01"",""Vĩnh Long; Bến Tre"",""tourism_category"",""high"",""Du lịch chung/chiến lược; Sông nước - miệt vườn"",""Cù lao An Bình - Long Hồ"",""Quảng bá du lịch mừng Đảng, mừng Xuân Bính Ngọ năm 2026"",""https://baovinhlong.com.vn/xa-hoi/du-lich/202601/quang-ba-du-lich-mung-dang-mung-xuan-binh-ngo-nam-2026-b1a1cde/"""
https://baovinhlong.com.vn/video/202512/vinh-long-phat-huy-loi-the-du-lich-gan-voi-lang-nghe-dea046f/,docs/research/baovinhlong_du_lich_evidence_matrix_2025_2026.csv,67,research_corpus,"""2025"",""2025-12-31"",""Vĩnh Long"",""direct_title"",""high"",""Du lịch chung/chiến lược; Sông nước - miệt vườn; Làng nghề - di sản nghề"","""",""Vĩnh Long phát huy lợi thế du lịch gắn với làng nghề"",""https://baovinhlong.com.vn/video/202512/vinh-long-phat-huy-loi-the-du-lich-gan-voi-lang-nghe-dea046f/"""
https://baovinhlong.com.vn/xa-hoi/du-lich/202512/ra-mat-mo-hinh-du-lich-cong-dong-nhi-hoa-97123f7/,docs/research/baovinhlong_du_lich_evidence_matrix_2025_2026.csv,68,research_corpus,"""2025"",""2025-12-30"",""Vĩnh Long"",""tourism_category"",""high"",""Du lịch chung/chiến lược; Sông nước - miệt vườn; Cộng đồng - nông thôn"","""",""Ra mắt mô hình du lịch cộng đồng Nhị Hòa"",""https://baovinhlong.com.vn/xa-hoi/du-lich/202512/ra-mat-mo-hinh-du-lich-cong-dong-nhi-hoa-97123f7/"""
https://baovinhlong.com.vn/xa-hoi/du-lich/202512/xay-dung-moi-truong-du-lich-an-toan-chat-luong-4624559/,docs/research/baovinhlong_du_lich_evidence_matrix_2025_2026.csv,69,research_corpus,"""2025"",""2025-12-25"",""Vĩnh Long"",""tourism_category"",""high"",""Du lịch chung/chiến lược; Sông nước - miệt vườn"",""Cù lao An Bình - Long Hồ"",""Xây dựng môi trường du lịch an toàn, chất lượng"",""https://baovinhlong.com.vn/xa-hoi/du-lich/202512/xay-dung-moi-truong-du-lich-an-toan-chat-luong-4624559/"""
https://baovinhlong.com.vn/xa-hoi/du-lich/202512/du-lich-thuc-day-bao-ton-va-phat-huy-gia-tri-lang-nghe-4634462/,docs/research/baovinhlong_du_lich_evidence_matrix_2025_2026.csv,70,research_corpus,"""2025"",""2025-12-23"",""Vĩnh Long; Trà Vinh; Bến Tre"",""tourism_category"",""high"",""Du lịch chung/chiến lược; Làng nghề - di sản nghề"","""",""Du lịch thúc đẩy bảo tồn và phát huy giá trị làng nghề"",""https://baovinhlong.com.vn/xa-hoi/du-lich/202512/du-lich-thuc-day-bao-ton-va-phat-huy-gia-tri-lang-nghe-4634462/"""
https://baovinhlong.com.vn/phong-su-ky-su/202512/dua-sap-tro-thanh-nhip-cau-ket-noi-van-hoa-cong-dong-a104188/,docs/research/baovinhlong_du_lich_evidence_matrix_2025_2026.csv,71,research_corpus,"""2025"",""2025-12-20"",""Trà Vinh"",""direct_lead"",""high"",""Du lịch chung/chiến lược; Sông nước - miệt vườn; Làng nghề - di sản nghề; Văn hóa Khmer - lễ hội; Ẩm thực - đặc sản; Di tích - bảo tàng - tâm linh; Cộng đồng - nông thôn"",""Dừa sáp Cầu Kè; Ok Om Bok/Khmer"",""Dừa sáp trở thành nhịp cầu kết nối văn hóa cộng đồng"",""https://baovinhlong.com.vn/phong-su-ky-su/202512/dua-sap-tro-thanh-nhip-cau-ket-noi-van-hoa-cong-dong-a104188/"""
https://baovinhlong.com.vn/xa-hoi/202512/nang-cao-nghiep-vu-lam-du-lich-cong-dong-va-du-lich-duong-thuy-7672019/,docs/research/baovinhlong_du_lich_evidence_matrix_2025_2026.csv,72,research_corpus,"""2025"",""2025-12-19"",""Vĩnh Long"",""direct_title"",""high"",""Du lịch chung/chiến lược; Sông nước - miệt vườn; Cộng đồng - nông thôn"","""",""Nâng cao nghiệp vụ làm du lịch cộng đồng và du lịch đường thủy"",""https://baovinhlong.com.vn/xa-hoi/202512/nang-cao-nghiep-vu-lam-du-lich-cong-dong-va-du-lich-duong-thuy-7672019/"""
https://baovinhlong.com.vn/xa-hoi/du-lich/202512/ong-tran-ba-sanh-duoc-bau-lam-chu-tich-hiep-hoi-du-lich-tinh-vinh-long-nhiem-ky-20252030-2c7084b/,docs/research/baovinhlong_du_lich_evidence_matrix_2025_2026.csv,73,research_corpus,"""2025"",""2025-12-18"",""Vĩnh Long; Bến Tre"",""tourism_category"",""high"",""Du lịch chung/chiến lược; Sông nước - miệt vườn"",""Bến Tre - xứ Dừa/An Hội; Cồn Phụng/Lan Vương/Phú Túc"",""Ông Trần Bá Sanh được bầu làm Chủ tịch Hiệp hội Du lịch tỉnh Vĩnh Long nhiệm kỳ 2025–2030"",""https://baovinhlong.com.vn/xa-hoi/du-lich/202512/ong-tran-ba-sanh-duoc-bau-lam-chu-tich-hiep-hoi-du-lich-tinh-vinh-long-nhiem-ky-20252030-2c7084b/"""
https://baovinhlong.com.vn/xa-hoi/du-lich/202512/cong-nhan-bao-tang-dua-sap-tra-vinh-diem-du-lich-tieu-bieu-dbscl-52d0937/,docs/research/baovinhlong_du_lich_evidence_matrix_2025_2026.csv,74,research_corpus,"""2025"",""2025-12-14"",""Vĩnh Long; Trà Vinh"",""tourism_category"",""high"",""Du lịch chung/chiến lược; Sông nước - miệt vườn; Làng nghề - di sản nghề; Văn hóa Khmer - lễ hội; Biển - sinh thái ven biển; Ẩm thực - đặc sản; Di tích - bảo tàng - tâm linh"",""Dừa sáp Cầu Kè"",""Công nhận Bảo tàng dừa sáp Trà Vinh- điểm du lịch tiêu biểu ĐBSCL"",""https://baovinhlong.com.vn/xa-hoi/du-lich/202512/cong-nhan-bao-tang-dua-sap-tra-vinh-diem-du-lich-tieu-bieu-dbscl-52d0937/"""
https://baovinhlong.com.vn/van-hoa-giai-tri/202512/50-hoc-vien-du-tap-huan-bao-ton-phat-huy-gia-tri-nghe-thuat-mua-ro-bam-gan-voi-phat-trien-du-lich-f4b2c97/,docs/research/baovinhlong_du_lich_evidence_matrix_2025_2026.csv,75,research_corpus,"""2025"",""2025-12-12"",""Vĩnh Long"",""direct_title"",""high"",""Du lịch chung/chiến lược; Văn hóa Khmer - lễ hội"",""Ok Om Bok/Khmer"",""50 học viên dự tập huấn bảo tồn, phát huy giá trị nghệ thuật múa Rô-băm gắn với phát triển du lịch"",""https://baovinhlong.com.vn/van-hoa-giai-tri/202512/50-hoc-vien-du-tap-huan-bao-ton-phat-huy-gia-tri-nghe-thuat-mua-ro-bam-gan-voi-phat-trien-du-lich-f4b2c97/"""
https://baovinhlong.com.vn/xa-hoi/du-lich/202512/khao-sat-phat-trien-du-lich-lang-nghe-va-du-lich-nong-nghiep-tai-vinh-long-8de34c4/,docs/research/baovinhlong_du_lich_evidence_matrix_2025_2026.csv,76,research_corpus,"""2025"",""2025-12-10"",""Vĩnh Long; Bến Tre"",""tourism_category"",""high"",""Du lịch chung/chiến lược; Làng nghề - di sản nghề; Cộng đồng - nông thôn"","""",""Khảo sát phát triển du lịch làng nghề và du lịch nông nghiệp tại Vĩnh Long"",""https://baovinhlong.com.vn/xa-hoi/du-lich/202512/khao-sat-phat-trien-du-lich-lang-nghe-va-du-lich-nong-nghiep-tai-vinh-long-8de34c4/"""
https://baovinhlong.com.vn/xa-hoi/du-lich/202512/them-co-hoi-cho-nganh-du-lich-tinh-vuon-minh-3130a8c/,docs/research/baovinhlong_du_lich_evidence_matrix_2025_2026.csv,77,research_corpus,"""2025"",""2025-12-05"",""Vĩnh Long; Trà Vinh"",""tourism_category"",""high"",""Du lịch chung/chiến lược; Sông nước - miệt vườn; Biển - sinh thái ven biển"",""Ba Động - Trường Long Hòa"",""Thêm cơ hội cho ngành du lịch tỉnh vươn mình"",""https://baovinhlong.com.vn/xa-hoi/du-lich/202512/them-co-hoi-cho-nganh-du-lich-tinh-vuon-minh-3130a8c/"""
https://baovinhlong.com.vn/phong-su-anh/202512/tram-am-duong-gom-do-ve-dem-1345515/,docs/research/baovinhlong_du_lich_evidence_matrix_2025_2026.csv,78,research_corpus,"""2025"",""2025-12-01"",""Vĩnh Long"",""destination_event"",""medium"",""Sông nước - miệt vườn; Làng nghề - di sản nghề"",""Mang Thít - gạch gốm"",""Trầm ấm đường gốm đỏ về đêm"",""https://baovinhlong.com.vn/phong-su-anh/202512/tram-am-duong-gom-do-ve-dem-1345515/"""
https://baovinhlong.com.vn/xa-hoi/du-lich/202511/dua-du-lich-tinh-vuon-tam-dde44c2/,docs/research/baovinhlong_du_lich_evidence_matrix_2025_2026.csv,79,research_corpus,"""2025"",""2025-11-29"",""Vĩnh Long; Trà Vinh"",""tourism_category"",""high"",""Du lịch chung/chiến lược; Sông nước - miệt vườn"","""",""Đưa du lịch tỉnh vươn tầm"",""https://baovinhlong.com.vn/xa-hoi/du-lich/202511/dua-du-lich-tinh-vuon-tam-dde44c2/"""
https://baovinhlong.com.vn/xa-hoi/du-lich/202511/tren-30-doanh-nghiep-lu-hanh-quoc-te-khao-sat-diem-du-lich-tieu-bieu-tai-vinh-long-a1a3dcc/,docs/research/baovinhlong_du_lich_evidence_matrix_2025_2026.csv,80,research_corpus,"""2025"",""2025-11-26"",""Vĩnh Long"",""tourism_category"",""high"",""Du lịch chung/chiến lược"","""",""Trên 30 doanh nghiệp lữ hành quốc tế khảo sát điểm du lịch tiêu biểu tại Vĩnh Long"",""https://baovinhlong.com.vn/xa-hoi/du-lich/202511/tren-30-doanh-nghiep-lu-hanh-quoc-te-khao-sat-diem-du-lich-tieu-bieu-tai-vinh-long-a1a3dcc/"""
https://baovinhlong.com.vn/van-hoa-giai-tri/202511/vinh-long-tham-gia-tuan-dai-doan-ket-cac-dan-toc-di-sanvan-hoa-viet-nam-nam-2025-14e25a6/,docs/research/baovinhlong_du_lich_evidence_matrix_2025_2026.csv,81,research_corpus,"""2025"",""2025-11-24"",""Vĩnh Long"",""direct_lead"",""high"",""Du lịch chung/chiến lược; Văn hóa Khmer - lễ hội; Di tích - bảo tàng - tâm linh"","""",""Vĩnh Long tham gia Tuần “Đại đoàn kết các dân tộc - Di sản Văn hóa Việt Nam” năm 2025"",""https://baovinhlong.com.vn/van-hoa-giai-tri/202511/vinh-long-tham-gia-tuan-dai-doan-ket-cac-dan-toc-di-sanvan-hoa-viet-nam-nam-2025-14e25a6/"""
https://baovinhlong.com.vn/xa-hoi/du-lich/202511/day-manh-lien-ket-trong-phat-trien-du-lich-f2c40b6/,docs/research/baovinhlong_du_lich_evidence_matrix_2025_2026.csv,82,research_corpus,"""2025"",""2025-11-21"",""Vĩnh Long; Trà Vinh; Bến Tre"",""tourism_category"",""high"",""Du lịch chung/chiến lược"","""",""Đẩy mạnh liên kết trong phát triển du lịch"",""https://baovinhlong.com.vn/xa-hoi/du-lich/202511/day-manh-lien-ket-trong-phat-trien-du-lich-f2c40b6/"""
https://baovinhlong.com.vn/xa-hoi/du-lich/202511/phat-trien-ket-cau-ha-tang-co-so-vat-chat-phat-trien-du-lich-e3116f5/,docs/research/baovinhlong_du_lich_evidence_matrix_2025_2026.csv,83,research_corpus,"""2025"",""2025-11-20"",""Vĩnh Long; Bến Tre"",""tourism_category"",""high"",""Du lịch chung/chiến lược"","""",""Phát triển kết cấu hạ tầng, cơ sở vật chất phát triển du lịch"",""https://baovinhlong.com.vn/xa-hoi/du-lich/202511/phat-trien-ket-cau-ha-tang-co-so-vat-chat-phat-trien-du-lich-e3116f5/"""
https://baovinhlong.com.vn/xa-hoi/du-lich/202511/ky-ket-hop-tac-phat-trien-du-lich-voi-dong-nai-dong-thap-va-tp-can-tho-8b83047/,docs/research/baovinhlong_du_lich_evidence_matrix_2025_2026.csv,84,research_corpus,"""2025"",""2025-11-19"",""Vĩnh Long"",""tourism_category"",""high"",""Du lịch chung/chiến lược"","""",""Ký kết hợp tác phát triển du lịch với Đồng Nai, Đồng Tháp và TP Cần Thơ"",""https://baovinhlong.com.vn/xa-hoi/du-lich/202511/ky-ket-hop-tac-phat-trien-du-lich-voi-dong-nai-dong-thap-va-tp-can-tho-8b83047/"""
https://baovinhlong.com.vn/xa-hoi/du-lich/202511/phat-trien-du-lich-xanh-ben-vung-trong-boi-canh-moi-6ff13aa/,docs/research/baovinhlong_du_lich_evidence_matrix_2025_2026.csv,85,research_corpus,"""2025"",""2025-11-08"",""Vĩnh Long; Bến Tre"",""tourism_category"",""high"",""Du lịch chung/chiến lược"","""",""Phát triển du lịch xanh, bền vững trong bối cảnh mới"",""https://baovinhlong.com.vn/xa-hoi/du-lich/202511/phat-trien-du-lich-xanh-ben-vung-trong-boi-canh-moi-6ff13aa/"""
https://baovinhlong.com.vn/phong-su-anh/202511/dac-sac-dem-hoi-ok-om-bok-4aa14cb/,docs/research/baovinhlong_du_lich_evidence_matrix_2025_2026.csv,86,research_corpus,"""2025"",""2025-11-06"",""Vĩnh Long; Trà Vinh"",""destination_event"",""medium"",""Văn hóa Khmer - lễ hội; Di tích - bảo tàng - tâm linh"",""Ao Bà Om - Chùa Hang; Ok Om Bok/Khmer"",""Đặc sắc đêm hội Ok Om Bok"",""https://baovinhlong.com.vn/phong-su-anh/202511/dac-sac-dem-hoi-ok-om-bok-4aa14cb/"""
https://baovinhlong.com.vn/van-hoa-giai-tri/202511/ngan-vang-lan-dieu-am-nhac-dan-toc-khmer-f330f03/,docs/research/baovinhlong_du_lich_evidence_matrix_2025_2026.csv,87,research_corpus,"""2025"",""2025-11-06"",""Trà Vinh"",""direct_lead"",""high"",""Du lịch chung/chiến lược; Văn hóa Khmer - lễ hội; Di tích - bảo tàng - tâm linh"",""Ao Bà Om - Chùa Hang; Ok Om Bok/Khmer"",""Ngân vang làn điệu âm nhạc dân tộc Khmer"",""https://baovinhlong.com.vn/van-hoa-giai-tri/202511/ngan-vang-lan-dieu-am-nhac-dan-toc-khmer-f330f03/"""
https://baovinhlong.com.vn/xa-hoi/du-lich/202511/doan-cong-tac-cuc-du-lich-quoc-gia-ve-phat-trien-du-lich-lam-viec-tai-tinh-5e60425/,docs/research/baovinhlong_du_lich_evidence_matrix_2025_2026.csv,88,research_corpus,"""2025"",""2025-11-05"",""Vĩnh Long; Trà Vinh; Bến Tre"",""tourism_category"",""high"",""Du lịch chung/chiến lược; Sông nước - miệt vườn"","""",""Đoàn công tác Cục Du lịch quốc gia về phát triển du lịch làm việc tại tỉnh"",""https://baovinhlong.com.vn/xa-hoi/du-lich/202511/doan-cong-tac-cuc-du-lich-quoc-gia-ve-phat-trien-du-lich-lam-viec-tai-tinh-5e60425/"""
https://baovinhlong.com.vn/van-hoa-giai-tri/202511/ron-rang-dem-hoi-ok-om-bok-tinh-vinh-long-2025-78e07a6/,docs/research/baovinhlong_du_lich_evidence_matrix_2025_2026.csv,89,research_corpus,"""2025"",""2025-11-05"",""Vĩnh Long; Trà Vinh"",""destination_event"",""medium"",""Văn hóa Khmer - lễ hội; Di tích - bảo tàng - tâm linh"",""Ao Bà Om - Chùa Hang; Ok Om Bok/Khmer"",""Rộn ràng đêm hội Ok Om Bok tỉnh Vĩnh Long 2025"",""https://baovinhlong.com.vn/van-hoa-giai-tri/202511/ron-rang-dem-hoi-ok-om-bok-tinh-vinh-long-2025-78e07a6/"""
https://baovinhlong.com.vn/xa-hoi/du-lich/202511/khao-sat-tham-dinh-2-diem-du-lich-tieu-bieu-dong-bang-song-cuu-long-tai-tinh-ae603ef/,docs/research/baovinhlong_du_lich_evidence_matrix_2025_2026.csv,90,research_corpus,"""2025"",""2025-11-03"",""Vĩnh Long; Trà Vinh"",""tourism_category"",""high"",""Du lịch chung/chiến lược; Làng nghề - di sản nghề; Ẩm thực - đặc sản; Di tích - bảo tàng - tâm linh"",""Dừa sáp Cầu Kè"",""Khảo sát, thẩm định 2 điểm du lịch tiêu biểu Đồng bằng sông Cửu Long tại tỉnh"",""https://baovinhlong.com.vn/xa-hoi/du-lich/202511/khao-sat-tham-dinh-2-diem-du-lich-tieu-bieu-dong-bang-song-cuu-long-tai-tinh-ae603ef/"""
https://baovinhlong.com.vn/van-hoa-giai-tri/202511/12-doan-tham-gia-hoi-thi-trinh-dien-nhac-cu-chao-mung-le-hoi-ok-om-bok-9260beb/,docs/research/baovinhlong_du_lich_evidence_matrix_2025_2026.csv,91,research_corpus,"""2025"",""2025-11-01"",""Vĩnh Long; Trà Vinh"",""direct_lead"",""high"",""Du lịch chung/chiến lược; Văn hóa Khmer - lễ hội; Di tích - bảo tàng - tâm linh"",""Ao Bà Om - Chùa Hang; Ok Om Bok/Khmer"",""12 đoàn tham gia Hội thi trình diễn nhạc cụ chào mừng Lễ hội Ok Om Bok"",""https://baovinhlong.com.vn/van-hoa-giai-tri/202511/12-doan-tham-gia-hoi-thi-trinh-dien-nhac-cu-chao-mung-le-hoi-ok-om-bok-9260beb/"""
https://baovinhlong.com.vn/nhip-song-dong-bang/202511/trai-nghiem-miet-vuon-song-nuoc-o-cu-lao-an-binh-34a03cf/,docs/research/baovinhlong_du_lich_evidence_matrix_2025_2026.csv,92,research_corpus,"""2025"",""2025-11-01"",""Vĩnh Long"",""direct_lead"",""high"",""Du lịch chung/chiến lược; Sông nước - miệt vườn"",""Cù lao An Bình - Long Hồ"",""Trải nghiệm miệt vườn sông nước ở cù lao An Bình"",""https://baovinhlong.com.vn/nhip-song-dong-bang/202511/trai-nghiem-miet-vuon-song-nuoc-o-cu-lao-an-binh-34a03cf/"""
https://baovinhlong.com.vn/phong-su-anh/202510/dac-sac-chuong-trinh-nghe-thuat-chao-mung-le-hoi-ok-om-bok-afc0c63/,docs/research/baovinhlong_du_lich_evidence_matrix_2025_2026.csv,93,research_corpus,"""2025"",""2025-10-31"",""Vĩnh Long; Trà Vinh"",""direct_lead"",""high"",""Du lịch chung/chiến lược; Sông nước - miệt vườn; Văn hóa Khmer - lễ hội; Di tích - bảo tàng - tâm linh"",""Ok Om Bok/Khmer"",""Đặc sắc chương trình nghệ thuật chào mừng Lễ hội Ok Om Bok"",""https://baovinhlong.com.vn/phong-su-anh/202510/dac-sac-chuong-trinh-nghe-thuat-chao-mung-le-hoi-ok-om-bok-afc0c63/"""
https://baovinhlong.com.vn/van-hoa-giai-tri/202510/khai-mac-chuoi-hoat-dong-tai-tuan-le-van-hoa-the-thao-va-du-lich-3d53b74/,docs/research/baovinhlong_du_lich_evidence_matrix_2025_2026.csv,94,research_corpus,"""2025"",""2025-10-30"",""Trà Vinh"",""direct_title"",""high"",""Du lịch chung/chiến lược; Sông nước - miệt vườn; Ẩm thực - đặc sản; Cộng đồng - nông thôn"","""",""Khai mạc chuỗi hoạt động tại Tuần lễ Văn hóa, Thể thao và Du lịch"",""https://baovinhlong.com.vn/van-hoa-giai-tri/202510/khai-mac-chuoi-hoat-dong-tai-tuan-le-van-hoa-the-thao-va-du-lich-3d53b74/"""
https://baovinhlong.com.vn/thoi-su/202510/vinh-long-khai-mac-tuan-le-van-hoa-the-thao-va-du-lich-chao-mung-le-hoi-ok-om-bok-88b42e3/,docs/research/baovinhlong_du_lich_evidence_matrix_2025_2026.csv,95,research_corpus,"""2025"",""2025-10-30"",""Vĩnh Long; Trà Vinh"",""direct_title"",""high"",""Du lịch chung/chiến lược; Sông nước - miệt vườn; Văn hóa Khmer - lễ hội; Di tích - bảo tàng - tâm linh"",""Ok Om Bok/Khmer"",""Vĩnh Long khai mạc Tuần lễ Văn hóa, Thể thao và Du lịch chào mừng Lễ hội Ok Om Bok"",""https://baovinhlong.com.vn/thoi-su/202510/vinh-long-khai-mac-tuan-le-van-hoa-the-thao-va-du-lich-chao-mung-le-hoi-ok-om-bok-88b42e3/"""
https://baovinhlong.com.vn/xa-hoi/du-lich/202510/cai-thien-chat-luong-nguon-nhan-luc-du-lich-0c33912/,docs/research/baovinhlong_du_lich_evidence_matrix_2025_2026.csv,96,research_corpus,"""2025"",""2025-10-29"",""Vĩnh Long"",""tourism_category"",""high"",""Du lịch chung/chiến lược"","""",""Cải thiện chất lượng nguồn nhân lực du lịch"",""https://baovinhlong.com.vn/xa-hoi/du-lich/202510/cai-thien-chat-luong-nguon-nhan-luc-du-lich-0c33912/"""
https://baovinhlong.com.vn/nhip-song-dong-bang/202510/le-hoi-ok-om-bok-giu-gin-va-lan-toa-gia-tri-van-hoa-khmer-dd830aa/,docs/research/baovinhlong_du_lich_evidence_matrix_2025_2026.csv,97,research_corpus,"""2025"",""2025-10-29"",""Vĩnh Long"",""destination_event"",""medium"",""Sông nước - miệt vườn; Văn hóa Khmer - lễ hội; Di tích - bảo tàng - tâm linh"",""Ok Om Bok/Khmer"",""Lễ hội Ok Om Bok: Giữ gìn và lan tỏa giá trị văn hóa Khmer"",""https://baovinhlong.com.vn/nhip-song-dong-bang/202510/le-hoi-ok-om-bok-giu-gin-va-lan-toa-gia-tri-van-hoa-khmer-dd830aa/"""
https://baovinhlong.com.vn/chinh-tri/202510/phat-trien-van-hoa-gan-voi-du-lich-xanh-huong-den-phat-trien-ben-vung-trong-giai-doan-toi-37a24b3/,docs/research/baovinhlong_du_lich_evidence_matrix_2025_2026.csv,98,research_corpus,"""2025"",""2025-10-29"",""Vĩnh Long"",""direct_title"",""high"",""Du lịch chung/chiến lược"","""",""Phát triển văn hóa gắn với du lịch xanh hướng đến phát triển bền vững trong giai đoạn tới"",""https://baovinhlong.com.vn/chinh-tri/202510/phat-trien-van-hoa-gan-voi-du-lich-xanh-huong-den-phat-trien-ben-vung-trong-giai-doan-toi-37a24b3/"""
https://baovinhlong.com.vn/multimedia/202510/doc-dao-sac-mau-le-hoi-kathina-o-vinh-long-0b12ba1/,docs/research/baovinhlong_du_lich_evidence_matrix_2025_2026.csv,99,research_corpus,"""2025"",""2025-10-28"",""Vĩnh Long"",""destination_event"",""medium"",""Văn hóa Khmer - lễ hội; Di tích - bảo tàng - tâm linh"",""Ok Om Bok/Khmer"",""Độc đáo sắc màu Lễ hội Kathina ở Vĩnh Long"",""https://baovinhlong.com.vn/multimedia/202510/doc-dao-sac-mau-le-hoi-kathina-o-vinh-long-0b12ba1/"""
https://baovinhlong.com.vn/thoi-su/202510/kiem-tra-cong-tac-chuan-bi-tuan-le-van-hoa-the-thao-va-du-lich-chao-mung-le-hoi-ok-om-bok-nam-2025-31e32d9/,docs/research/baovinhlong_du_lich_evidence_matrix_2025_2026.csv,100,research_corpus,"""2025"",""2025-10-27"",""Vĩnh Long"",""direct_title"",""high"",""Du lịch chung/chiến lược; Sông nước - miệt vườn; Văn hóa Khmer - lễ hội; Di tích - bảo tàng - tâm linh"",""Ok Om Bok/Khmer"",""Kiểm tra công tác chuẩn bị Tuần lễ Văn hóa, Thể thao và Du lịch chào mừng Lễ hội Ok Om Bok năm 2025"",""https://baovinhlong.com.vn/thoi-su/202510/kiem-tra-cong-tac-chuan-bi-tuan-le-van-hoa-the-thao-va-du-lich-chao-mung-le-hoi-ok-om-bok-nam-2025-31e32d9/"""
https://baovinhlong.com.vn/xa-hoi/202510/kien-tao-khong-gian-dac-trung-lang-van-hoa-du-lich-cho-lach-33703b3/,docs/research/baovinhlong_du_lich_evidence_matrix_2025_2026.csv,101,research_corpus,"""2025"",""2025-10-26"",""Bến Tre"",""direct_title"",""high"",""Du lịch chung/chiến lược; Làng nghề - di sản nghề"",""Chợ Lách - hoa kiểng"",""Kiến tạo không gian đặc trưng Làng văn hóa du lịch Chợ Lách"",""https://baovinhlong.com.vn/xa-hoi/202510/kien-tao-khong-gian-dac-trung-lang-van-hoa-du-lich-cho-lach-33703b3/"""
https://baovinhlong.com.vn/tin-moi/202510/infographic-cac-hoat-dong-chao-mung-le-hoi-ok-om-bok-nam-2025-tai-tinh-vinh-long-77d07db/,docs/research/baovinhlong_du_lich_evidence_matrix_2025_2026.csv,102,research_corpus,"""2025"",""2025-10-23"",""Vĩnh Long"",""direct_lead"",""high"",""Du lịch chung/chiến lược; Văn hóa Khmer - lễ hội; Di tích - bảo tàng - tâm linh"",""Ok Om Bok/Khmer"",""[Infographic] Các hoạt động chào mừng Lễ hội Ok Om Bok năm 2025 tại tỉnh Vĩnh Long"",""https://baovinhlong.com.vn/tin-moi/202510/infographic-cac-hoat-dong-chao-mung-le-hoi-ok-om-bok-nam-2025-tai-tinh-vinh-long-77d07db/"""
https://baovinhlong.com.vn/van-hoa-giai-tri/202510/trien-lam-trung-bay-cac-san-pham-cua-dong-bao-dan-toc-khmer-0ae4819/,docs/research/baovinhlong_du_lich_evidence_matrix_2025_2026.csv,103,research_corpus,"""2025"",""2025-10-20"",""Trà Vinh"",""direct_lead"",""high"",""Du lịch chung/chiến lược; Văn hóa Khmer - lễ hội; Di tích - bảo tàng - tâm linh"",""Ao Bà Om - Chùa Hang; Ok Om Bok/Khmer"",""Triển lãm, trưng bày các sản phẩm của đồng bào dân tộc Khmer"",""https://baovinhlong.com.vn/van-hoa-giai-tri/202510/trien-lam-trung-bay-cac-san-pham-cua-dong-bao-dan-toc-khmer-0ae4819/"""
https://baovinhlong.com.vn/xa-hoi/du-lich/202510/don-gan-7-trieu-luot-du-khach-trong-9-thang-5c73188/,docs/research/baovinhlong_du_lich_evidence_matrix_2025_2026.csv,104,research_corpus,"""2025"",""2025-10-14"",""Vĩnh Long"",""tourism_category"",""high"",""Du lịch chung/chiến lược"","""",""Đón gần 7 triệu lượt du khách trong 9 tháng"",""https://baovinhlong.com.vn/xa-hoi/du-lich/202510/don-gan-7-trieu-luot-du-khach-trong-9-thang-5c73188/"""
https://baovinhlong.com.vn/video/202510/lang-nghe-mat-xich-quan-trong-phat-trien-du-lich-duong-song-tinh-vinh-long-9500d8a/,docs/research/baovinhlong_du_lich_evidence_matrix_2025_2026.csv,105,research_corpus,"""2025"",""2025-10-14"",""Vĩnh Long"",""direct_title"",""high"",""Du lịch chung/chiến lược; Sông nước - miệt vườn; Làng nghề - di sản nghề; Cộng đồng - nông thôn"","""",""Làng nghề - mắt xích quan trọng phát triển du lịch đường sông tỉnh Vĩnh Long"",""https://baovinhlong.com.vn/video/202510/lang-nghe-mat-xich-quan-trong-phat-trien-du-lich-duong-song-tinh-vinh-long-9500d8a/"""
https://baovinhlong.com.vn/kinh-te/202510/cho-lach-tap-trung-phat-trien-cac-lang-nghe-truyen-thong-gan-voi-du-lich-dec2d84/,docs/research/baovinhlong_du_lich_evidence_matrix_2025_2026.csv,106,research_corpus,"""2025"",""2025-10-10"",""Bến Tre"",""direct_title"",""high"",""Du lịch chung/chiến lược; Sông nước - miệt vườn; Làng nghề - di sản nghề"",""Chợ Lách - hoa kiểng"",""Chợ Lách tập trung phát triển các làng nghề truyền thống gắn với du lịch"",""https://baovinhlong.com.vn/kinh-te/202510/cho-lach-tap-trung-phat-trien-cac-lang-nghe-truyen-thong-gan-voi-du-lich-dec2d84/"""
https://baovinhlong.com.vn/kinh-te/202510/kien-tao-khong-gian-moi-khai-mo-tiem-nang-phat-trien-ky-3huong-den-do-thi-da-cuc-du-lich-tro-thanh-nganh-kinh-te-mui-nhon-0120585/,docs/research/baovinhlong_du_lich_evidence_matrix_2025_2026.csv,107,research_corpus,"""2025"",""2025-10-10"",""Vĩnh Long"",""direct_title"",""high"",""Du lịch chung/chiến lược; Làng nghề - di sản nghề; Di tích - bảo tàng - tâm linh"","""",""Kỳ 3: Hướng đến “đô thị đa cực”, du lịch trở thành ngành kinh tế mũi nhọn"",""https://baovinhlong.com.vn/kinh-te/202510/kien-tao-khong-gian-moi-khai-mo-tiem-nang-phat-trien-ky-3huong-den-do-thi-da-cuc-du-lich-tro-thanh-nganh-kinh-te-mui-nhon-0120585/"""
https://baovinhlong.com.vn/chinh-tri/202510/phuong-truong-long-hoa-tap-trung-phat-trien-nong-nghiep-thuy-san-thuong-mai-va-du-lich-a671b47/,docs/research/baovinhlong_du_lich_evidence_matrix_2025_2026.csv,108,research_corpus,"""2025"",""2025-10-06"",""Trà Vinh"",""direct_title"",""high"",""Du lịch chung/chiến lược; Sông nước - miệt vườn; Biển - sinh thái ven biển; Cộng đồng - nông thôn"",""Cù lao An Bình - Long Hồ; Ba Động - Trường Long Hòa"",""Phường Trường Long Hòa tập trung phát triển nông nghiệp, thủy sản, thương mại và du lịch"",""https://baovinhlong.com.vn/chinh-tri/202510/phuong-truong-long-hoa-tap-trung-phat-trien-nong-nghiep-thuy-san-thuong-mai-va-du-lich-a671b47/"""
https://baovinhlong.com.vn/xa-hoi/du-lich/202510/khai-thac-the-manh-am-thuc-phuc-vu-du-lich-10907f4/,docs/research/baovinhlong_du_lich_evidence_matrix_2025_2026.csv,109,research_corpus,"""2025"",""2025-10-03"",""Vĩnh Long; Trà Vinh; Bến Tre"",""tourism_category"",""high"",""Du lịch chung/chiến lược; Ẩm thực - đặc sản"","""",""Khai thác thế mạnh ẩm thực phục vụ du lịch"",""https://baovinhlong.com.vn/xa-hoi/du-lich/202510/khai-thac-the-manh-am-thuc-phuc-vu-du-lich-10907f4/"""
https://baovinhlong.com.vn/nhip-song-dong-bang/202510/dua-du-lich-tung-buoc-tro-thanh-nganh-kinh-te-mui-nhon-3cc0e4c/,docs/research/baovinhlong_du_lich_evidence_matrix_2025_2026.csv,110,research_corpus,"""2025"",""2025-10-02"",""Vĩnh Long"",""direct_title"",""high"",""Du lịch chung/chiến lược; Sông nước - miệt vườn; Ẩm thực - đặc sản; Cộng đồng - nông thôn"","""",""Đưa du lịch từng bước trở thành ngành kinh tế mũi nhọn"",""https://baovinhlong.com.vn/nhip-song-dong-bang/202510/dua-du-lich-tung-buoc-tro-thanh-nganh-kinh-te-mui-nhon-3cc0e4c/"""
https://baovinhlong.com.vn/xa-hoi/du-lich/202509/vinh-danh-nhung-dai-su-thuong-hieu-du-lich-0fa3283/,docs/research/baovinhlong_du_lich_evidence_matrix_2025_2026.csv,111,research_corpus,"""2025"",""2025-09-29"",""Vĩnh Long"",""tourism_category"",""high"",""Du lịch chung/chiến lược; Sông nước - miệt vườn"","""",""Vinh danh những đại sứ thương hiệu du lịch"",""https://baovinhlong.com.vn/xa-hoi/du-lich/202509/vinh-danh-nhung-dai-su-thuong-hieu-du-lich-0fa3283/"""
https://baovinhlong.com.vn/video/202509/the-manh-duong-song-du-dia-phat-trien-du-lich-vinh-long-sau-hop-nhat-c861db5/,docs/research/baovinhlong_du_lich_evidence_matrix_2025_2026.csv,112,research_corpus,"""2025"",""2025-09-26"",""Vĩnh Long"",""direct_title"",""high"",""Du lịch chung/chiến lược; Sông nước - miệt vườn; Biển - sinh thái ven biển"","""",""Thế mạnh đường sông – Dư địa phát triển du lịch Vĩnh Long sau hợp nhất"",""https://baovinhlong.com.vn/video/202509/the-manh-duong-song-du-dia-phat-trien-du-lich-vinh-long-sau-hop-nhat-c861db5/"""
https://baovinhlong.com.vn/xa-hoi/du-lich/202509/toa-dam-ve-cung-co-va-hoan-thien-tuyen-diem-san-pham-du-lich-duong-song-fc91905/,docs/research/baovinhlong_du_lich_evidence_matrix_2025_2026.csv,113,research_corpus,"""2025"",""2025-09-26"",""Vĩnh Long"",""tourism_category"",""high"",""Du lịch chung/chiến lược; Sông nước - miệt vườn"","""",""Toạ đàm về củng cố và hoàn thiện tuyến, điểm sản phẩm du lịch đường sông"",""https://baovinhlong.com.vn/xa-hoi/du-lich/202509/toa-dam-ve-cung-co-va-hoan-thien-tuyen-diem-san-pham-du-lich-duong-song-fc91905/"""
https://baovinhlong.com.vn/xa-hoi/du-lich/202509/to-chuc-famtrip-khao-sat-san-pham-du-lich-duong-song-tai-vinh-long-18531dc/,docs/research/baovinhlong_du_lich_evidence_matrix_2025_2026.csv,114,research_corpus,"""2025"",""2025-09-25"",""Vĩnh Long"",""tourism_category"",""high"",""Du lịch chung/chiến lược; Sông nước - miệt vườn"","""",""Tổ chức Famtrip khảo sát sản phẩm du lịch đường sông tại Vĩnh Long"",""https://baovinhlong.com.vn/xa-hoi/du-lich/202509/to-chuc-famtrip-khao-sat-san-pham-du-lich-duong-song-tai-vinh-long-18531dc/"""
https://baovinhlong.com.vn/xa-hoi/du-lich/202509/phan-dau-3-thang-cuoi-nam-thu-hut-hon-22-trieu-luot-du-khach-25e03a7/,docs/research/baovinhlong_du_lich_evidence_matrix_2025_2026.csv,115,research_corpus,"""2025"",""2025-09-23"",""Vĩnh Long; Bến Tre"",""tourism_category"",""high"",""Du lịch chung/chiến lược"","""",""Phấn đấu 3 tháng cuối năm thu hút hơn 2,2 triệu lượt du khách"",""https://baovinhlong.com.vn/xa-hoi/du-lich/202509/phan-dau-3-thang-cuoi-nam-thu-hut-hon-22-trieu-luot-du-khach-25e03a7/"""
https://baovinhlong.com.vn/xa-hoi/du-lich/202509/toa-dam-ket-noi-du-lich-phia-dong-song-hau-7072f7c/,docs/research/baovinhlong_du_lich_evidence_matrix_2025_2026.csv,116,research_corpus,"""2025"",""2025-09-19"",""Vĩnh Long; Trà Vinh; Bến Tre"",""tourism_category"",""high"",""Du lịch chung/chiến lược; Sông nước - miệt vườn; Văn hóa Khmer - lễ hội"",""Dừa sáp Cầu Kè"",""Tọa đàm kết nối du lịch phía Đông sông Hậu"",""https://baovinhlong.com.vn/xa-hoi/du-lich/202509/toa-dam-ket-noi-du-lich-phia-dong-song-hau-7072f7c/"""
https://baovinhlong.com.vn/vinh-long-dat-nuoc-con-nguoi/202509/ve-cai-von-thuong-thuc-dac-san-ben-song-hau-6fe03cd/,docs/research/baovinhlong_du_lich_evidence_matrix_2025_2026.csv,117,research_corpus,"""2025"",""2025-09-16"",""Vĩnh Long"",""direct_lead"",""high"",""Sông nước - miệt vườn; Làng nghề - di sản nghề; Ẩm thực - đặc sản"","""",""Về Cái Vồn thưởng thức đặc sản bên sông Hậu"",""https://baovinhlong.com.vn/vinh-long-dat-nuoc-con-nguoi/202509/ve-cai-von-thuong-thuc-dac-san-ben-song-hau-6fe03cd/"""
https://baovinhlong.com.vn/xa-hoi/202509/khai-mac-tuan-le-vu-lan-thang-hoi-tai-xa-cau-ke-f3306db/,docs/research/baovinhlong_du_lich_evidence_matrix_2025_2026.csv,118,research_corpus,"""2025"",""2025-09-14"",""Trà Vinh"",""direct_lead"",""high"",""Du lịch chung/chiến lược; Văn hóa Khmer - lễ hội; Ẩm thực - đặc sản"",""Dừa sáp Cầu Kè; Ok Om Bok/Khmer"",""Khai mạc Tuần lễ Vu lan Thắng hội tại xã Cầu Kè"",""https://baovinhlong.com.vn/xa-hoi/202509/khai-mac-tuan-le-vu-lan-thang-hoi-tai-xa-cau-ke-f3306db/"""
https://baovinhlong.com.vn/xa-hoi/du-lich/202509/tuan-le-vu-lan-thang-hoi-dien-ra-tu-ngay-13-199-7fe1191/,docs/research/baovinhlong_du_lich_evidence_matrix_2025_2026.csv,119,research_corpus,"""2025"",""2025-09-12"",""Vĩnh Long; Trà Vinh"",""tourism_category"",""high"",""Du lịch chung/chiến lược; Văn hóa Khmer - lễ hội; Ẩm thực - đặc sản"",""Dừa sáp Cầu Kè; Ok Om Bok/Khmer"",""Tuần lễ Vu lan Thắng hội diễn ra từ ngày 13-19/9"",""https://baovinhlong.com.vn/xa-hoi/du-lich/202509/tuan-le-vu-lan-thang-hoi-dien-ra-tu-ngay-13-199-7fe1191/"""
https://baovinhlong.com.vn/xa-hoi/du-lich/202509/quang-ba-du-lich-vinh-long-tai-hoi-cho-du-lich-quoc-te-tp-ho-chi-minh-44d03c8/,docs/research/baovinhlong_du_lich_evidence_matrix_2025_2026.csv,120,research_corpus,"""2025"",""2025-09-07"",""Vĩnh Long"",""tourism_category"",""high"",""Du lịch chung/chiến lược"","""",""Quảng bá du lịch Vĩnh Long tại Hội chợ Du lịch quốc tế TP Hồ Chí Minh"",""https://baovinhlong.com.vn/xa-hoi/du-lich/202509/quang-ba-du-lich-vinh-long-tai-hoi-cho-du-lich-quoc-te-tp-ho-chi-minh-44d03c8/"""
https://baovinhlong.com.vn/xa-hoi/202509/du-lich-don-tin-hieu-kha-quan-tu-ky-nghi-le-a1809c7/,docs/research/baovinhlong_du_lich_evidence_matrix_2025_2026.csv,121,research_corpus,"""2025"",""2025-09-04"",""Vĩnh Long"",""direct_title"",""high"",""Du lịch chung/chiến lược"","""",""Du lịch đón tín hiệu khả quan từ kỳ nghỉ lễ"",""https://baovinhlong.com.vn/xa-hoi/202509/du-lich-don-tin-hieu-kha-quan-tu-ky-nghi-le-a1809c7/"""
https://baovinhlong.com.vn/xa-hoi/du-lich/202509/nhon-phu-day-manh-phat-trien-du-lich-gan-voi-nong-nghiep-a1c12d7/,docs/research/baovinhlong_du_lich_evidence_matrix_2025_2026.csv,122,research_corpus,"""2025"",""2025-09-03"",""Vĩnh Long"",""tourism_category"",""high"",""Du lịch chung/chiến lược; Biển - sinh thái ven biển; Cộng đồng - nông thôn"","""",""Nhơn Phú đẩy mạnh phát triển du lịch gắn với nông nghiệp"",""https://baovinhlong.com.vn/xa-hoi/du-lich/202509/nhon-phu-day-manh-phat-trien-du-lich-gan-voi-nong-nghiep-a1c12d7/"""
https://baovinhlong.com.vn/van-hoa-giai-tri/202509/van-thanh-mieu-luu-giu-ve-dep-truyen-thong-cua-dan-toc-7e21432/,docs/research/baovinhlong_du_lich_evidence_matrix_2025_2026.csv,123,research_corpus,"""2025"",""2025-09-01"",""Vĩnh Long"",""destination_event"",""medium"",""Sông nước - miệt vườn; Văn hóa Khmer - lễ hội; Di tích - bảo tàng - tâm linh"",""Văn Thánh Miếu"",""Văn Thánh miếu- Lưu giữ vẻ đẹp truyền thống của dân tộc"",""https://baovinhlong.com.vn/van-hoa-giai-tri/202509/van-thanh-mieu-luu-giu-ve-dep-truyen-thong-cua-dan-toc-7e21432/"""
https://baovinhlong.com.vn/chinh-tri/202508/nhon-phu-phat-trien-dich-vu-du-lich-gan-voi-khu-lo-gach-gom-mang-thit-f2e2796/,docs/research/baovinhlong_du_lich_evidence_matrix_2025_2026.csv,124,research_corpus,"""2025"",""2025-08-28"",""Vĩnh Long"",""direct_title"",""high"",""Du lịch chung/chiến lược; Sông nước - miệt vườn; Làng nghề - di sản nghề; Cộng đồng - nông thôn"",""Mang Thít - gạch gốm"",""Nhơn Phú phát triển dịch vụ du lịch gắn với “Khu lò gạch, gốm Mang Thít”"",""https://baovinhlong.com.vn/chinh-tri/202508/nhon-phu-phat-trien-dich-vu-du-lich-gan-voi-khu-lo-gach-gom-mang-thit-f2e2796/"""
https://baovinhlong.com.vn/van-hoa-giai-tri/202508/van-thanh-mieu-to-chuc-le-gio-lan-thu-158-cu-phan-thanh-gian-b9e2695/,docs/research/baovinhlong_du_lich_evidence_matrix_2025_2026.csv,125,research_corpus,"""2025"",""2025-08-27"",""Vĩnh Long"",""destination_event"",""medium"",""Di tích - bảo tàng - tâm linh"",""Văn Thánh Miếu"",""Văn Thánh Miếu tổ chức lễ giỗ lần thứ 158 cụ Phan Thanh Giản"",""https://baovinhlong.com.vn/van-hoa-giai-tri/202508/van-thanh-mieu-to-chuc-le-gio-lan-thu-158-cu-phan-thanh-gian-b9e2695/"""
https://baovinhlong.com.vn/kinh-te/202508/ket-noi-cac-vung-ven-bien-tao-khong-gian-phat-trien-moi-61515a4/,docs/research/baovinhlong_du_lich_evidence_matrix_2025_2026.csv,126,research_corpus,"""2025"",""2025-08-26"",""Vĩnh Long"",""direct_lead"",""high"",""Du lịch chung/chiến lược; Biển - sinh thái ven biển; Ẩm thực - đặc sản"","""",""Kết nối các vùng ven biển, tạo không gian phát triển mới"",""https://baovinhlong.com.vn/kinh-te/202508/ket-noi-cac-vung-ven-bien-tao-khong-gian-phat-trien-moi-61515a4/"""
https://baovinhlong.com.vn/xa-hoi/du-lich/202508/nganh-du-lich-tinh-chuan-bi-don-du-khach-dip-le-29-70b1669/,docs/research/baovinhlong_du_lich_evidence_matrix_2025_2026.csv,127,research_corpus,"""2025"",""2025-08-26"",""Vĩnh Long; Trà Vinh; Bến Tre"",""tourism_category"",""high"",""Du lịch chung/chiến lược"","""",""Ngành du lịch tỉnh chuẩn bị đón du khách dịp lễ 2/9"",""https://baovinhlong.com.vn/xa-hoi/du-lich/202508/nganh-du-lich-tinh-chuan-bi-don-du-khach-dip-le-29-70b1669/"""
https://baovinhlong.com.vn/video/202508/du-lich-vinh-long-chuan-bi-phuc-vu-le-29-10e2e61/,docs/research/baovinhlong_du_lich_evidence_matrix_2025_2026.csv,128,research_corpus,"""2025"",""2025-08-25"",""Vĩnh Long"",""direct_title"",""high"",""Du lịch chung/chiến lược"","""",""Du lịch Vĩnh Long chuẩn bị phục vụ lễ 2/9"",""https://baovinhlong.com.vn/video/202508/du-lich-vinh-long-chuan-bi-phuc-vu-le-29-10e2e61/"""
https://baovinhlong.com.vn/xa-hoi/du-lich/202508/nganh-du-lich-chuan-bi-don-khach-dip-le-29-c0a13a1/,docs/research/baovinhlong_du_lich_evidence_matrix_2025_2026.csv,129,research_corpus,"""2025"",""2025-08-25"",""Vĩnh Long"",""tourism_category"",""high"",""Du lịch chung/chiến lược"","""",""Ngành du lịch chuẩn bị đón khách dịp lễ 2/9"",""https://baovinhlong.com.vn/xa-hoi/du-lich/202508/nganh-du-lich-chuan-bi-don-khach-dip-le-29-c0a13a1/"""
https://baovinhlong.com.vn/nhip-song-dong-bang/202508/suc-song-moi-tu-nhung-lo-gach-cu-be712da/,docs/research/baovinhlong_du_lich_evidence_matrix_2025_2026.csv,130,research_corpus,"""2025"",""2025-08-24"",""Vĩnh Long"",""direct_lead"",""high"",""Du lịch chung/chiến lược; Sông nước - miệt vườn; Làng nghề - di sản nghề"",""Mang Thít - gạch gốm"",""Sức sống mới từ những lò gạch cũ"",""https://baovinhlong.com.vn/nhip-song-dong-bang/202508/suc-song-moi-tu-nhung-lo-gach-cu-be712da/"""
https://baovinhlong.com.vn/xa-hoi/du-lich/202508/hoa-minh-huong-toi-xa-nong-thon-moi-kieu-mau-ve-du-lich-432130e/,docs/research/baovinhlong_du_lich_evidence_matrix_2025_2026.csv,131,research_corpus,"""2025"",""2025-08-15"",""Trà Vinh"",""tourism_category"",""high"",""Du lịch chung/chiến lược; Sông nước - miệt vườn; Cộng đồng - nông thôn"","""",""Hòa Minh hướng tới xã nông thôn mới kiểu mẫu về du lịch"",""https://baovinhlong.com.vn/xa-hoi/du-lich/202508/hoa-minh-huong-toi-xa-nong-thon-moi-kieu-mau-ve-du-lich-432130e/"""
https://baovinhlong.com.vn/chinh-tri/202508/dong-gop-du-thao-van-kien-dai-hoi-dang-bo-tinh-vinh-long-nhiem-ky-2025-2030-can-nghi-quyet-chuyen-de-ve-du-lich-xay-dung-va-phat-trien-vinh-long-thanh-tinh-kha-khu-vuc-6c7073c/,docs/research/baovinhlong_du_lich_evidence_matrix_2025_2026.csv,132,research_corpus,"""2025"",""2025-08-08"",""Vĩnh Long"",""direct_title"",""high"",""Du lịch chung/chiến lược; Biển - sinh thái ven biển"","""",""Cần nghị quyết chuyên đề về du lịch, xây dựng và phát triển Vĩnh Long thành tỉnh khá khu vực"",""https://baovinhlong.com.vn/chinh-tri/202508/dong-gop-du-thao-van-kien-dai-hoi-dang-bo-tinh-vinh-long-nhiem-ky-2025-2030-can-nghi-quyet-chuyen-de-ve-du-lich-xay-dung-va-phat-trien-vinh-long-thanh-tinh-kha-khu-vuc-6c7073c/"""
https://baovinhlong.com.vn/van-hoa-giai-tri/202508/don-ca-tai-tu-hat-boi-tao-suc-hut-cho-du-lich-vinh-long-25512e5/,docs/research/baovinhlong_du_lich_evidence_matrix_2025_2026.csv,133,research_corpus,"""2025"",""2025-08-06"",""Vĩnh Long"",""direct_title"",""high"",""Du lịch chung/chiến lược; Sông nước - miệt vườn"","""",""Đờn ca tài tử, hát bội tạo sức hút cho du lịch Vĩnh Long"",""https://baovinhlong.com.vn/van-hoa-giai-tri/202508/don-ca-tai-tu-hat-boi-tao-suc-hut-cho-du-lich-vinh-long-25512e5/"""
https://baovinhlong.com.vn/kinh-te/202508/cu-lao-an-binh-huong-toi-nuoi-thuy-san-cong-nghe-cao-ef82631/,docs/research/baovinhlong_du_lich_evidence_matrix_2025_2026.csv,134,research_corpus,"""2025"",""2025-08-03"",""Vĩnh Long"",""direct_lead"",""high"",""Du lịch chung/chiến lược; Sông nước - miệt vườn; Cộng đồng - nông thôn"",""Cù lao An Bình - Long Hồ"",""Cù lao An Bình hướng tới nuôi thủy sản công nghệ cao"",""https://baovinhlong.com.vn/kinh-te/202508/cu-lao-an-binh-huong-toi-nuoi-thuy-san-cong-nghe-cao-ef82631/"""
https://baovinhlong.com.vn/xa-hoi/du-lich/202507/vinh-long-don-gan-6-trieu-du-khach-trong-7-thang-29716cb/,docs/research/baovinhlong_du_lich_evidence_matrix_2025_2026.csv,135,research_corpus,"""2025"",""2025-07-29"",""Vĩnh Long; Bến Tre"",""tourism_category"",""high"",""Du lịch chung/chiến lược"","""",""Vĩnh Long đón gần 6 triệu du khách trong 7 tháng"",""https://baovinhlong.com.vn/xa-hoi/du-lich/202507/vinh-long-don-gan-6-trieu-du-khach-trong-7-thang-29716cb/"""
https://baovinhlong.com.vn/xa-hoi/du-lich/202507/nhieu-hoat-dong-thuc-day-du-lich-phat-trien-c800851/,docs/research/baovinhlong_du_lich_evidence_matrix_2025_2026.csv,136,research_corpus,"""2025"",""2025-07-19"",""Vĩnh Long; Trà Vinh; Bến Tre"",""tourism_category"",""high"",""Du lịch chung/chiến lược"","""",""Nhiều hoạt động thúc đẩy du lịch phát triển"",""https://baovinhlong.com.vn/xa-hoi/du-lich/202507/nhieu-hoat-dong-thuc-day-du-lich-phat-trien-c800851/"""
https://baovinhlong.com.vn/thoi-su/202507/phat-huy-the-manh-van-hoa-the-thao-du-lich-vinh-long-sau-sap-nhap-20548b8/,docs/research/baovinhlong_du_lich_evidence_matrix_2025_2026.csv,137,research_corpus,"""2025"",""2025-07-17"",""Vĩnh Long"",""direct_title"",""high"",""Du lịch chung/chiến lược"","""",""Phát huy thế mạnh văn hóa, thể thao, du lịch Vĩnh Long sau sáp nhập"",""https://baovinhlong.com.vn/thoi-su/202507/phat-huy-the-manh-van-hoa-the-thao-du-lich-vinh-long-sau-sap-nhap-20548b8/"""
https://baovinhlong.com.vn/nhip-song-dong-bang/202507/vinh-long-co-11-diem-du-lich-tieu-bieu-khu-vuc-nam-2025-341183a/,docs/research/baovinhlong_du_lich_evidence_matrix_2025_2026.csv,138,research_corpus,"""2025"",""2025-07-16"",""Vĩnh Long"",""direct_title"",""high"",""Du lịch chung/chiến lược; Sông nước - miệt vườn"","""",""Vĩnh Long có 11 điểm du lịch tiêu biểu khu vực năm 2025"",""https://baovinhlong.com.vn/nhip-song-dong-bang/202507/vinh-long-co-11-diem-du-lich-tieu-bieu-khu-vuc-nam-2025-341183a/"""
https://baovinhlong.com.vn/xa-hoi/du-lich/202507/hop-mat-ky-niem-65-nam-ngay-thanh-lap-nganh-du-lich-viet-nam-b4f2bfc/,docs/research/baovinhlong_du_lich_evidence_matrix_2025_2026.csv,139,research_corpus,"""2025"",""2025-07-15"",""Vĩnh Long; Trà Vinh; Bến Tre"",""tourism_category"",""high"",""Du lịch chung/chiến lược"",""Bến Tre - xứ Dừa/An Hội"",""Họp mặt kỷ niệm 65 năm Ngày thành lập ngành Du lịch Việt Nam"",""https://baovinhlong.com.vn/xa-hoi/du-lich/202507/hop-mat-ky-niem-65-nam-ngay-thanh-lap-nganh-du-lich-viet-nam-b4f2bfc/"""
https://baovinhlong.com.vn/nhip-song-dong-bang/202507/du-lich-xanh-huong-phat-trien-ben-vung-66305c3/,docs/research/baovinhlong_du_lich_evidence_matrix_2025_2026.csv,140,research_corpus,"""2025"",""2025-07-12"",""Vĩnh Long"",""direct_title"",""high"",""Du lịch chung/chiến lược; Sông nước - miệt vườn; Cộng đồng - nông thôn"","""",""Du lịch xanh- hướng phát triển bền vững"",""https://baovinhlong.com.vn/nhip-song-dong-bang/202507/du-lich-xanh-huong-phat-trien-ben-vung-66305c3/"""
https://baovinhlong.com.vn/xa-hoi/du-lich/202506/6-thang-vinh-long-don-12-trieu-luot-khach-du-lich-6b20d96/,docs/research/baovinhlong_du_lich_evidence_matrix_2025_2026.csv,141,research_corpus,"""2025"",""2025-06-24"",""Vĩnh Long"",""tourism_category"",""high"",""Du lịch chung/chiến lược"","""",""6 tháng: Vĩnh Long đón 1,2 triệu lượt khách du lịch"",""https://baovinhlong.com.vn/xa-hoi/du-lich/202506/6-thang-vinh-long-don-12-trieu-luot-khach-du-lich-6b20d96/"""
https://baovinhlong.com.vn/nhip-song-dong-bang/202506/nganh-du-lich-xu-dua-tiep-tuc-tang-truong-cao-99e1a81/,docs/research/baovinhlong_du_lich_evidence_matrix_2025_2026.csv,142,research_corpus,"""2025"",""2025-06-19"",""Bến Tre"",""direct_title"",""high"",""Du lịch chung/chiến lược; Ẩm thực - đặc sản"",""Bến Tre - xứ Dừa/An Hội"",""Ngành du lịch xứ Dừa tiếp tục tăng trưởng cao"",""https://baovinhlong.com.vn/nhip-song-dong-bang/202506/nganh-du-lich-xu-dua-tiep-tuc-tang-truong-cao-99e1a81/"""
https://baovinhlong.com.vn/xa-hoi/du-lich/202506/khao-sat-tham-dinh-de-tai-cong-nhan-diem-du-lich-tieu-bieu-dbscl-9f4007b/,docs/research/baovinhlong_du_lich_evidence_matrix_2025_2026.csv,143,research_corpus,"""2025"",""2025-06-15"",""Vĩnh Long; Trà Vinh; Bến Tre"",""tourism_category"",""high"",""Du lịch chung/chiến lược; Sông nước - miệt vườn"","""",""Khảo sát, thẩm định để tái công nhận điểm du lịch tiêu biểu ĐBSCL"",""https://baovinhlong.com.vn/xa-hoi/du-lich/202506/khao-sat-tham-dinh-de-tai-cong-nhan-diem-du-lich-tieu-bieu-dbscl-9f4007b/"""
https://baovinhlong.com.vn/xa-hoi/du-lich/202506/phat-trien-du-lich-nong-thon-trong-xay-dung-nong-thon-moi-d960bbc/,docs/research/baovinhlong_du_lich_evidence_matrix_2025_2026.csv,144,research_corpus,"""2025"",""2025-06-10"",""Vĩnh Long"",""tourism_category"",""high"",""Du lịch chung/chiến lược; Sông nước - miệt vườn; Cộng đồng - nông thôn"","""",""Phát triển du lịch nông thôn trong xây dựng nông thôn mới"",""https://baovinhlong.com.vn/xa-hoi/du-lich/202506/phat-trien-du-lich-nong-thon-trong-xay-dung-nong-thon-moi-d960bbc/"""
https://baovinhlong.com.vn/nhip-song-dong-bang/202506/dau-an-tram-nam-gom-nam-bo-e710c82/,docs/research/baovinhlong_du_lich_evidence_matrix_2025_2026.csv,145,research_corpus,"""2025"",""2025-06-08"",""Vĩnh Long"",""destination_event"",""medium"",""Biển - sinh thái ven biển"",""Mang Thít - gạch gốm"",""Dấu ấn trăm năm gốm Nam Bộ"",""https://baovinhlong.com.vn/nhip-song-dong-bang/202506/dau-an-tram-nam-gom-nam-bo-e710c82/"""
https://baovinhlong.com.vn/xa-hoi/du-lich/202506/dau-tu-co-so-ha-tang-phuc-vu-phat-trien-du-lich-7560f13/,docs/research/baovinhlong_du_lich_evidence_matrix_2025_2026.csv,146,research_corpus,"""2025"",""2025-06-06"",""Vĩnh Long; Bến Tre"",""tourism_category"",""high"",""Du lịch chung/chiến lược; Sông nước - miệt vườn; Di tích - bảo tàng - tâm linh"","""",""Đầu tư cơ sở hạ tầng phục vụ phát triển du lịch"",""https://baovinhlong.com.vn/xa-hoi/du-lich/202506/dau-tu-co-so-ha-tang-phuc-vu-phat-trien-du-lich-7560f13/"""
https://baovinhlong.com.vn/kinh-te/202506/hon-2000-ty-dong-dau-tu-du-ankhu-thuong-mai-dich-vu-du-lich-my-thuan-c300009/,docs/research/baovinhlong_du_lich_evidence_matrix_2025_2026.csv,147,research_corpus,"""2025"",""2025-06-03"",""Vĩnh Long"",""direct_title"",""high"",""Du lịch chung/chiến lược"","""",""Hơn 2.000 tỷ đồng đầu tư dự án khu thương mại- dịch vụ- du lịch Mỹ Thuận"",""https://baovinhlong.com.vn/kinh-te/202506/hon-2000-ty-dong-dau-tu-du-ankhu-thuong-mai-dich-vu-du-lich-my-thuan-c300009/"""
https://baovinhlong.com.vn/xa-hoi/du-lich/202505/tim-net-rieng-hap-dan-cua-du-lich-vinh-long-4d23014/,docs/research/baovinhlong_du_lich_evidence_matrix_2025_2026.csv,148,research_corpus,"""2025"",""2025-05-20"",""Vĩnh Long; Bến Tre"",""tourism_category"",""high"",""Du lịch chung/chiến lược"","""",""Tìm nét riêng hấp dẫn của du lịch Vĩnh Long"",""https://baovinhlong.com.vn/xa-hoi/du-lich/202505/tim-net-rieng-hap-dan-cua-du-lich-vinh-long-4d23014/"""
https://baovinhlong.com.vn/tin-moi/202505/khai-thac-hieu-qua-san-pham-du-lich-dac-thuthu-hut-du-khach-ff9072f/,docs/research/baovinhlong_du_lich_evidence_matrix_2025_2026.csv,149,research_corpus,"""2025"",""2025-05-17"",""Vĩnh Long"",""direct_title"",""high"",""Du lịch chung/chiến lược"","""",""Khai thác hiệu quả sản phẩm du lịch đặc thù thu hút du khách"",""https://baovinhlong.com.vn/tin-moi/202505/khai-thac-hieu-qua-san-pham-du-lich-dac-thuthu-hut-du-khach-ff9072f/"""
https://baovinhlong.com.vn/tin-moi/202505/co-hoi-lam-moi-thuong-hieu-du-lich-acb019e/,docs/research/baovinhlong_du_lich_evidence_matrix_2025_2026.csv,150,research_corpus,"""2025"",""2025-05-13"",""Vĩnh Long; Trà Vinh; Bến Tre"",""direct_title"",""high"",""Du lịch chung/chiến lược"",""Bến Tre - xứ Dừa/An Hội"",""Cơ hội làm mới thương hiệu du lịch"",""https://baovinhlong.com.vn/tin-moi/202505/co-hoi-lam-moi-thuong-hieu-du-lich-acb019e/"""
https://baovinhlong.com.vn/tin-moi/202505/gin-giu-ban-sac-van-hoa-va-khat-vong-vuon-xa-50d005e/,docs/research/baovinhlong_du_lich_evidence_matrix_2025_2026.csv,151,research_corpus,"""2025"",""2025-05-03"",""Vĩnh Long"",""direct_lead"",""high"",""Du lịch chung/chiến lược"","""",""Gìn giữ bản sắc văn hóa và khát vọng vươn xa"",""https://baovinhlong.com.vn/tin-moi/202505/gin-giu-ban-sac-van-hoa-va-khat-vong-vuon-xa-50d005e/"""
https://baovinhlong.com.vn/tin-moi/202505/be-mac-tuan-le-van-hoa-the-thao-va-du-lich-tinh-vinh-long-2025-thu-hut-hon-97000-luot-khach-tham-quan-7163da1/,docs/research/baovinhlong_du_lich_evidence_matrix_2025_2026.csv,152,research_corpus,"""2025"",""2025-05-02"",""Vĩnh Long"",""direct_title"",""high"",""Du lịch chung/chiến lược"","""",""Bế mạc Tuần lễ Văn hóa, Thể thao và Du lịch tỉnh Vĩnh Long 2025: Thu hút hơn 97.000 lượt khách tham quan"",""https://baovinhlong.com.vn/tin-moi/202505/be-mac-tuan-le-van-hoa-the-thao-va-du-lich-tinh-vinh-long-2025-thu-hut-hon-97000-luot-khach-tham-quan-7163da1/"""
https://baovinhlong.com.vn/tin-moi/202505/dong-dao-nguoi-dan-tham-gia-ngay-hoi-banh-dan-gian-o-cu-lao-an-binh-3331393/,docs/research/baovinhlong_du_lich_evidence_matrix_2025_2026.csv,153,research_corpus,"""2025"",""2025-05-02"",""Vĩnh Long"",""direct_lead"",""high"",""Du lịch chung/chiến lược; Sông nước - miệt vườn; Làng nghề - di sản nghề; Ẩm thực - đặc sản"",""Cù lao An Bình - Long Hồ"",""Đông đảo người dân tham gia Ngày hội Bánh dân gian ở cù lao An Bình"",""https://baovinhlong.com.vn/tin-moi/202505/dong-dao-nguoi-dan-tham-gia-ngay-hoi-banh-dan-gian-o-cu-lao-an-binh-3331393/"""
https://baovinhlong.com.vn/tin-moi/202505/vinh-long-sac-mau-hoi-tu-khat-vong-vuon-xa-4ad0aa8/,docs/research/baovinhlong_du_lich_evidence_matrix_2025_2026.csv,154,research_corpus,"""2025"",""2025-05-02"",""Vĩnh Long"",""direct_lead"",""high"",""Di tích - bảo tàng - tâm linh"","""",""Vĩnh Long - Sắc màu hội tụ - Khát vọng vươn xa"",""https://baovinhlong.com.vn/tin-moi/202505/vinh-long-sac-mau-hoi-tu-khat-vong-vuon-xa-4ad0aa8/"""
https://baovinhlong.com.vn/kinh-te/202505/blog-thi-truong-tuan-le-van-hoa-don-bay-kich-cau-du-lich-79103bb/,docs/research/baovinhlong_du_lich_evidence_matrix_2025_2026.csv,155,research_corpus,"""2025"",""2025-05-01"",""Vĩnh Long"",""direct_title"",""high"",""Du lịch chung/chiến lược"","""",""Tuần lễ văn hóa- “đòn bẩy” kích cầu du lịch"",""https://baovinhlong.com.vn/kinh-te/202505/blog-thi-truong-tuan-le-van-hoa-don-bay-kich-cau-du-lich-79103bb/"""
https://baovinhlong.com.vn/xa-hoi/du-lich/202504/cong-ty-du-lich-quoc-te-vinh-long-dong-hanh-cung-tuan-van-hoa-the-thao-va-du-lich-tinh-vinh-long-2025-62d04b0/,docs/research/baovinhlong_du_lich_evidence_matrix_2025_2026.csv,156,research_corpus,"""2025"",""2025-04-30"",""Vĩnh Long"",""tourism_category"",""high"",""Du lịch chung/chiến lược; Sông nước - miệt vườn"","""",""Công ty Du Lịch Quốc tế Vĩnh Long: đồng hành cùng Tuần Văn hóa, Thể thao và Du lịch tỉnh Vĩnh Long 2025"",""https://baovinhlong.com.vn/xa-hoi/du-lich/202504/cong-ty-du-lich-quoc-te-vinh-long-dong-hanh-cung-tuan-van-hoa-the-thao-va-du-lich-tinh-vinh-long-2025-62d04b0/"""
https://baovinhlong.com.vn/tieu-diem/202504/gan-200-vdv-tranh-tai-giai-vo-dich-dua-ghe-tam-ban-tinh-vinh-long-3dc0604/,docs/research/baovinhlong_du_lich_evidence_matrix_2025_2026.csv,157,research_corpus,"""2025"",""2025-04-30"",""Vĩnh Long"",""direct_lead"",""high"",""Du lịch chung/chiến lược"","""",""Gần 200 VĐV tranh tài Giải Vô địch đua ghe tam bản tỉnh Vĩnh Long"",""https://baovinhlong.com.vn/tieu-diem/202504/gan-200-vdv-tranh-tai-giai-vo-dich-dua-ghe-tam-ban-tinh-vinh-long-3dc0604/"""
https://baovinhlong.com.vn/tin-moi/202504/famtrip-quang-ba-tour-du-lich-den-voi-di-san-mang-thit-1bf02b5/,docs/research/baovinhlong_du_lich_evidence_matrix_2025_2026.csv,158,research_corpus,"""2025"",""2025-04-29"",""Vĩnh Long"",""direct_title"",""high"",""Du lịch chung/chiến lược; Làng nghề - di sản nghề; Di tích - bảo tàng - tâm linh"",""Mang Thít - gạch gốm"",""“Famtrip quảng bá tour du lịch đến với di sản Mang Thít”"",""https://baovinhlong.com.vn/tin-moi/202504/famtrip-quang-ba-tour-du-lich-den-voi-di-san-mang-thit-1bf02b5/"""
https://baovinhlong.com.vn/tin-moi/202504/20-gio-toi-nay-thvl2-se-truc-tiep-khai-mac-tuan-le-van-hoa-the-thao-va-du-lich-tinh-vinh-long-nam-2025-37e087f/,docs/research/baovinhlong_du_lich_evidence_matrix_2025_2026.csv,159,research_corpus,"""2025"",""2025-04-29"",""Vĩnh Long"",""direct_title"",""high"",""Du lịch chung/chiến lược"","""",""Pháo hoa rực sáng khai mạc “Tuần lễ Văn hóa, Thể thao và Du lịch tỉnh Vĩnh Long năm 2025”"",""https://baovinhlong.com.vn/tin-moi/202504/20-gio-toi-nay-thvl2-se-truc-tiep-khai-mac-tuan-le-van-hoa-the-thao-va-du-lich-tinh-vinh-long-nam-2025-37e087f/"""
https://baovinhlong.com.vn/tin-moi/202504/gan-150-vdv-tranh-tai-giai-vo-dich-xe-dap-tinh-vinh-long-mo-rong-c1901db/,docs/research/baovinhlong_du_lich_evidence_matrix_2025_2026.csv,160,research_corpus,"""2025"",""2025-04-26"",""Vĩnh Long"",""direct_lead"",""high"",""Du lịch chung/chiến lược"","""",""Gần 150 VĐV tranh tài Giải Vô địch xe đạp tỉnh Vĩnh Long mở rộng"",""https://baovinhlong.com.vn/tin-moi/202504/gan-150-vdv-tranh-tai-giai-vo-dich-xe-dap-tinh-vinh-long-mo-rong-c1901db/"""
https://baovinhlong.com.vn/phong-su-anh/202504/soi-noi-giai-vo-dich-xe-dap-tinh-vinh-long-mo-rong-9b00ad6/,docs/research/baovinhlong_du_lich_evidence_matrix_2025_2026.csv,161,research_corpus,"""2025"",""2025-04-26"",""Vĩnh Long"",""direct_lead"",""high"",""Du lịch chung/chiến lược"","""",""Sôi nổi Giải Vô địch xe đạp tỉnh Vĩnh Long mở rộng"",""https://baovinhlong.com.vn/phong-su-anh/202504/soi-noi-giai-vo-dich-xe-dap-tinh-vinh-long-mo-rong-9b00ad6/"""
https://baovinhlong.com.vn/tin-moi/202504/tuan-le-van-hoa-the-thao-va-du-lich-hua-hen-ban-sac-an-toan-hap-dan-05709a1/,docs/research/baovinhlong_du_lich_evidence_matrix_2025_2026.csv,162,research_corpus,"""2025"",""2025-04-25"",""Vĩnh Long"",""direct_title"",""high"",""Du lịch chung/chiến lược"","""",""Tuần lễ Văn hóa, thể thao và Du lịch: Hứa hẹn bản sắc, an toàn, hấp dẫn"",""https://baovinhlong.com.vn/tin-moi/202504/tuan-le-van-hoa-the-thao-va-du-lich-hua-hen-ban-sac-an-toan-hap-dan-05709a1/"""
https://baovinhlong.com.vn/tin-moi/202504/hang-ngan-du-khach-thich-thu-tham-gia-chuong-trinh-quang-dien-tai-ngay-hoi-banh-dan-gian-nam-bo-42e3bbd/,docs/research/baovinhlong_du_lich_evidence_matrix_2025_2026.csv,163,research_corpus,"""2025"",""2025-04-19"",""Vĩnh Long"",""direct_title"",""high"",""Du lịch chung/chiến lược; Sông nước - miệt vườn; Làng nghề - di sản nghề; Biển - sinh thái ven biển; Ẩm thực - đặc sản; Cộng đồng - nông thôn"",""Cù lao An Bình - Long Hồ"",""Hàng ngàn du khách thích thú tham gia chương trình quảng diễn tại Ngày hội Bánh dân gian Nam Bộ"",""https://baovinhlong.com.vn/tin-moi/202504/hang-ngan-du-khach-thich-thu-tham-gia-chuong-trinh-quang-dien-tai-ngay-hoi-banh-dan-gian-nam-bo-42e3bbd/"""
https://baovinhlong.com.vn/phap-luat/202504/trien-khai-phuong-an-bao-ve-an-ninhtrat-tu-tuan-le-van-hoa-the-thaova-du-lich-tinh-va-cac-hoat-dong-dip-le-304-2360c31/,docs/research/baovinhlong_du_lich_evidence_matrix_2025_2026.csv,164,research_corpus,"""2025"",""2025-04-16"",""Vĩnh Long"",""direct_title"",""high"",""Du lịch chung/chiến lược; Sông nước - miệt vườn"","""",""Triển khai phương án bảo vệ an ninh trật tự Tuần lễ Văn hóa, thể thao và du lịch tỉnh và các hoạt động dịp lễ 30/4"",""https://baovinhlong.com.vn/phap-luat/202504/trien-khai-phuong-an-bao-ve-an-ninhtrat-tu-tuan-le-van-hoa-the-thaova-du-lich-tinh-va-cac-hoat-dong-dip-le-304-2360c31/"""
https://baovinhlong.com.vn/tin-moi/202504/tim-huong-sac-rienggiua-mien-song-nuoc-ef43078/,docs/research/baovinhlong_du_lich_evidence_matrix_2025_2026.csv,165,research_corpus,"""2025"",""2025-04-12"",""Vĩnh Long"",""direct_lead"",""high"",""Du lịch chung/chiến lược; Sông nước - miệt vườn; Ẩm thực - đặc sản; Di tích - bảo tàng - tâm linh"","""",""Tìm hương sắc riêng giữa miền sông nước"",""https://baovinhlong.com.vn/tin-moi/202504/tim-huong-sac-rienggiua-mien-song-nuoc-ef43078/"""
https://baovinhlong.com.vn/tin-moi/202504/tuan-le-van-hoa-the-thao-va-du-lich-2025-lan-toa-thong-diep-diem-hen-phuong-nam-voi-gia-tri-lich-su-van-hoa-doc-dao-0e0240b/,docs/research/baovinhlong_du_lich_evidence_matrix_2025_2026.csv,166,research_corpus,"""2025"",""2025-04-10"",""Vĩnh Long"",""direct_lead"",""high"",""Du lịch chung/chiến lược"","""",""Lan tỏa thông điệp Điểm hẹn phương Nam với giá trị lịch sử, văn hóa độc đáo"",""https://baovinhlong.com.vn/tin-moi/202504/tuan-le-van-hoa-the-thao-va-du-lich-2025-lan-toa-thong-diep-diem-hen-phuong-nam-voi-gia-tri-lich-su-van-hoa-doc-dao-0e0240b/"""
https://baovinhlong.com.vn/tin-moi/202504/to-chuc-tuan-le-van-hoa-the-thao-va-du-lich-tinh-vinh-long-cc70940/,docs/research/baovinhlong_du_lich_evidence_matrix_2025_2026.csv,167,research_corpus,"""2025"",""2025-04-10"",""Vĩnh Long"",""direct_title"",""high"",""Du lịch chung/chiến lược"","""",""Tổ chức Tuần lễ văn hóa, thể thao và du lịch tỉnh Vĩnh Long"",""https://baovinhlong.com.vn/tin-moi/202504/to-chuc-tuan-le-van-hoa-the-thao-va-du-lich-tinh-vinh-long-cc70940/"""
https://baovinhlong.com.vn/xa-hoi/202504/khach-du-lich-den-long-hotang-trong-quy-i-628447e/,docs/research/baovinhlong_du_lich_evidence_matrix_2025_2026.csv,168,research_corpus,"""2025"",""2025-04-04"",""Vĩnh Long"",""direct_title"",""high"",""Du lịch chung/chiến lược; Sông nước - miệt vườn"",""Cù lao An Bình - Long Hồ"",""Khách du lịch đến Long Hồ tăng trong quý I"",""https://baovinhlong.com.vn/xa-hoi/202504/khach-du-lich-den-long-hotang-trong-quy-i-628447e/"""
https://baovinhlong.com.vn/phong-su-ky-su/202503/yeu-van-hoa-dan-toc-theo-cach-cua-nguoi-tre-ky3cham-sach-giua-miet-vuon-song-nuoc-9c26ddc/,docs/research/baovinhlong_du_lich_evidence_matrix_2025_2026.csv,169,research_corpus,"""2025"",""2025-03-26"",""Vĩnh Long"",""direct_lead"",""high"",""Sông nước - miệt vườn; Cộng đồng - nông thôn"",""Cù lao An Bình - Long Hồ"",""Kỳ 3: “Chạm sách” giữa miệt vườn sông nước"",""https://baovinhlong.com.vn/phong-su-ky-su/202503/yeu-van-hoa-dan-toc-theo-cach-cua-nguoi-tre-ky3cham-sach-giua-miet-vuon-song-nuoc-9c26ddc/"""
https://baovinhlong.com.vn/van-hoa-giai-tri/202503/nhieu-hoat-dong-tai-le-hoi-xuan-dinh-di-tich-van-thanh-mieu-e1f30f4/,docs/research/baovinhlong_du_lich_evidence_matrix_2025_2026.csv,170,research_corpus,"""2025"",""2025-03-10"",""Vĩnh Long"",""destination_event"",""medium"",""Di tích - bảo tàng - tâm linh"",""Văn Thánh Miếu"",""Nhiều hoạt động tại lễ hội Xuân đinh di tích Văn Thánh Miếu"",""https://baovinhlong.com.vn/van-hoa-giai-tri/202503/nhieu-hoat-dong-tai-le-hoi-xuan-dinh-di-tich-van-thanh-mieu-e1f30f4/"""
https://baovinhlong.com.vn/tin-noi-bat/202503/gin-giu-phat-huy-ban-sac-van-hoa-cac-dan-toc-641676b/,docs/research/baovinhlong_du_lich_evidence_matrix_2025_2026.csv,171,research_corpus,"""2025"",""2025-03-01"",""Vĩnh Long"",""direct_lead"",""high"",""Du lịch chung/chiến lược; Sông nước - miệt vườn; Văn hóa Khmer - lễ hội; Di tích - bảo tàng - tâm linh; Cộng đồng - nông thôn"","""",""Gìn giữ, phát huy bản sắc văn hóa các dân tộc"",""https://baovinhlong.com.vn/tin-noi-bat/202503/gin-giu-phat-huy-ban-sac-van-hoa-cac-dan-toc-641676b/"""
https://baovinhlong.com.vn/xa-hoi/du-lich/202502/tang-cuong-chat-van-hoa-vao-san-pham-du-lich-1b863bd/,docs/research/baovinhlong_du_lich_evidence_matrix_2025_2026.csv,172,research_corpus,"""2025"",""2025-02-25"",""Vĩnh Long"",""tourism_category"",""high"",""Du lịch chung/chiến lược"","""",""Tăng cường chất văn hóa vào sản phẩm du lịch"",""https://baovinhlong.com.vn/xa-hoi/du-lich/202502/tang-cuong-chat-van-hoa-vao-san-pham-du-lich-1b863bd/"""
https://baovinhlong.com.vn/xa-hoi/giao-duc-dao-tao/202502/nganh-quan-tri-dich-vu-du-lich-va-lu-hanh-hoc-gi-lam-gi-f0522f7/,docs/research/baovinhlong_du_lich_evidence_matrix_2025_2026.csv,173,research_corpus,"""2025"",""2025-02-24"",""Vĩnh Long"",""direct_title"",""high"",""Du lịch chung/chiến lược; Sông nước - miệt vườn; Làng nghề - di sản nghề"",""Mang Thít - gạch gốm; Cù lao An Bình - Long Hồ"",""Ngành quản trị dịch vụ du lịch và lữ hành học gì, làm gì?"",""https://baovinhlong.com.vn/xa-hoi/giao-duc-dao-tao/202502/nganh-quan-tri-dich-vu-du-lich-va-lu-hanh-hoc-gi-lam-gi-f0522f7/"""
https://baovinhlong.com.vn/thoi-su/202502/bi-thu-tinh-uy-tran-tien-dung-khao-sat-cac-diem-du-lich-cong-ty-tai-huyen-long-ho-bf13126/,docs/research/baovinhlong_du_lich_evidence_matrix_2025_2026.csv,174,research_corpus,"""2025"",""2025-02-14"",""Vĩnh Long"",""direct_title"",""high"",""Du lịch chung/chiến lược; Sông nước - miệt vườn"",""Cù lao An Bình - Long Hồ"",""Bí thư Tỉnh ủy Trần Tiến Dũng khảo sát các điểm du lịch, công ty tại huyện Long Hồ"",""https://baovinhlong.com.vn/thoi-su/202502/bi-thu-tinh-uy-tran-tien-dung-khao-sat-cac-diem-du-lich-cong-ty-tai-huyen-long-ho-bf13126/"""
https://baovinhlong.com.vn/phap-luat/202502/xu-phat-555-trieu-dong-hoat-dong-van-hoa-du-lich-va-quang-cao-f6208c6/,docs/research/baovinhlong_du_lich_evidence_matrix_2025_2026.csv,175,research_corpus,"""2025"",""2025-02-06"",""Vĩnh Long"",""direct_title"",""high"",""Du lịch chung/chiến lược; Sông nước - miệt vườn"","""",""Xử phạt 55,5 triệu đồng hoạt động văn hóa, du lịch và quảng cáo"",""https://baovinhlong.com.vn/phap-luat/202502/xu-phat-555-trieu-dong-hoat-dong-van-hoa-du-lich-va-quang-cao-f6208c6/"""
https://baovinhlong.com.vn/xa-hoi/du-lich/202502/tam-giacket-noi-tour-du-lich-ben-tre-tra-vinh-vinh-long-1ca37b2/,docs/research/baovinhlong_du_lich_evidence_matrix_2025_2026.csv,176,research_corpus,"""2025"",""2025-02-03"",""Vĩnh Long; Trà Vinh; Bến Tre"",""tourism_category"",""high"",""Du lịch chung/chiến lược; Biển - sinh thái ven biển"",""Bến Tre - xứ Dừa/An Hội"",""“Tam giác” kết nối tour du lịch Bến Tre- Trà Vinh - Vĩnh Long"",""https://baovinhlong.com.vn/xa-hoi/du-lich/202502/tam-giacket-noi-tour-du-lich-ben-tre-tra-vinh-vinh-long-1ca37b2/"""
https://baovinhlong.com.vn/kinh-te/202502/ho-tro-doanh-nghiep-trang-bi-may-moc-phuc-vu-san-xuat-kinh-doanh-phat-trien-san-pham-gom-du-lich-b7a0885/,docs/research/baovinhlong_du_lich_evidence_matrix_2025_2026.csv,177,research_corpus,"""2025"",""2025-02-03"",""Vĩnh Long"",""direct_title"",""high"",""Du lịch chung/chiến lược; Sông nước - miệt vườn; Làng nghề - di sản nghề"",""Mang Thít - gạch gốm"",""Hỗ trợ doanh nghiệp trang bị máy móc phục vụ sản xuất kinh doanh, phát triển sản phẩm gốm du lịch"",""https://baovinhlong.com.vn/kinh-te/202502/ho-tro-doanh-nghiep-trang-bi-may-moc-phuc-vu-san-xuat-kinh-doanh-phat-trien-san-pham-gom-du-lich-b7a0885/"""
https://baovinhlong.com.vn/tin-moi/202502/khoang-18600-luot-khach-vieng-lang-ong-nhung-ngay-dau-xuan-at-ty-2025-e34339a/,docs/research/baovinhlong_du_lich_evidence_matrix_2025_2026.csv,178,research_corpus,"""2025"",""2025-02-03"",""Vĩnh Long"",""direct_title"",""high"",""Du lịch chung/chiến lược; Di tích - bảo tàng - tâm linh"",""Lăng Ông Trà Ôn"",""Khoảng 18.600 lượt khách viếng Lăng Ông những ngày đầu xuân Ất Tỵ 2025"",""https://baovinhlong.com.vn/tin-moi/202502/khoang-18600-luot-khach-vieng-lang-ong-nhung-ngay-dau-xuan-at-ty-2025-e34339a/"""
https://baovinhlong.com.vn/xa-hoi/du-lich/202502/ky-vong-nang-tamdi-san-lang-nghegach-gom-do-0f23a4f/,docs/research/baovinhlong_du_lich_evidence_matrix_2025_2026.csv,179,research_corpus,"""2025"",""2025-02-03"",""Vĩnh Long"",""tourism_category"",""high"",""Sông nước - miệt vườn; Làng nghề - di sản nghề; Di tích - bảo tàng - tâm linh"",""Mang Thít - gạch gốm"",""Kỳ vọng nâng tầm di sản làng nghề gạch gốm đỏ"",""https://baovinhlong.com.vn/xa-hoi/du-lich/202502/ky-vong-nang-tamdi-san-lang-nghegach-gom-do-0f23a4f/"""
https://baovinhlong.com.vn/video/202502/vinh-long-thu-hut-dong-dao-khach-du-lich-dip-tet-84405f6/,docs/research/baovinhlong_du_lich_evidence_matrix_2025_2026.csv,180,research_corpus,"""2025"",""2025-02-03"",""Vĩnh Long"",""direct_title"",""high"",""Du lịch chung/chiến lược; Di tích - bảo tàng - tâm linh"","""",""Vĩnh Long thu hút đông đảo khách du lịch dịp Tết"",""https://baovinhlong.com.vn/video/202502/vinh-long-thu-hut-dong-dao-khach-du-lich-dip-tet-84405f6/"""
https://baovinhlong.com.vn/xa-hoi/du-lich/202502/vinh-long-don-75000-luot-du-khach-trong-dip-tet-at-ty-d7a2174/,docs/research/baovinhlong_du_lich_evidence_matrix_2025_2026.csv,181,research_corpus,"""2025"",""2025-02-02"",""Vĩnh Long"",""tourism_category"",""high"",""Du lịch chung/chiến lược; Sông nước - miệt vườn; Di tích - bảo tàng - tâm linh"","""",""Vĩnh Long đón 75.000 lượt du khách trong dịp Tết Ất Tỵ"",""https://baovinhlong.com.vn/xa-hoi/du-lich/202502/vinh-long-don-75000-luot-du-khach-trong-dip-tet-at-ty-d7a2174/"""
https://baovinhlong.com.vn/van-hoa-giai-tri/202502/22-doi-thi-lam-banh-dan-gian-tai-le-hoi-lang-ong-tra-on-10f34b2/,docs/research/baovinhlong_du_lich_evidence_matrix_2025_2026.csv,182,research_corpus,"""2025"",""2025-02-01"",""Vĩnh Long"",""destination_event"",""medium"",""Làng nghề - di sản nghề; Ẩm thực - đặc sản; Di tích - bảo tàng - tâm linh"",""Lăng Ông Trà Ôn"",""22 đội thi “Làm bánh dân gian” tại Lễ hội Lăng ông Trà Ôn"",""https://baovinhlong.com.vn/van-hoa-giai-tri/202502/22-doi-thi-lam-banh-dan-gian-tai-le-hoi-lang-ong-tra-on-10f34b2/"""
https://baovinhlong.com.vn/multimedia/202502/dac-sac-le-hoi-lang-ong-tien-quan-thong-che-dieu-bat-1dc30aa/,docs/research/baovinhlong_du_lich_evidence_matrix_2025_2026.csv,183,research_corpus,"""2025"",""2025-02-01"",""Vĩnh Long"",""destination_event"",""medium"",""Di tích - bảo tàng - tâm linh"",""Lăng Ông Trà Ôn"",""Đặc sắc lễ hội Lăng ông Tiền quân Thống chế Điều bát"",""https://baovinhlong.com.vn/multimedia/202502/dac-sac-le-hoi-lang-ong-tien-quan-thong-che-dieu-bat-1dc30aa/"""
https://baovinhlong.com.vn/video/202502/du-xuan-vui-le-hoi-lang-ong-bc94638/,docs/research/baovinhlong_du_lich_evidence_matrix_2025_2026.csv,184,research_corpus,"""2025"",""2025-02-01"",""Vĩnh Long"",""direct_title"",""high"",""Di tích - bảo tàng - tâm linh"",""Lăng Ông Trà Ôn"",""Du Xuân vui lễ hội Lăng ông"",""https://baovinhlong.com.vn/video/202502/du-xuan-vui-le-hoi-lang-ong-bc94638/"""
https://baovinhlong.com.vn/xa-hoi/du-lich/202501/long-ho-diem-nhan-rieng-tu-du-lich-dac-thudia-phuong-b7038f9/,docs/research/baovinhlong_du_lich_evidence_matrix_2025_2026.csv,185,research_corpus,"""2025"",""2025-01-31"",""Vĩnh Long; Trà Vinh"",""tourism_category"",""high"",""Du lịch chung/chiến lược; Sông nước - miệt vườn"",""Cù lao An Bình - Long Hồ"",""Long Hồ: Điểm nhấn riêng từ du lịch đặc thù địa phương"",""https://baovinhlong.com.vn/xa-hoi/du-lich/202501/long-ho-diem-nhan-rieng-tu-du-lich-dac-thudia-phuong-b7038f9/"""
https://baovinhlong.com.vn/kinh-te/202501/phat-trien-kinh-te-xanhgan-voi-bao-ton-phat-huygia-tri-van-hoa-33e22bc/,docs/research/baovinhlong_du_lich_evidence_matrix_2025_2026.csv,186,research_corpus,"""2025"",""2025-01-31"",""Vĩnh Long"",""direct_lead"",""high"",""Du lịch chung/chiến lược; Sông nước - miệt vườn; Cộng đồng - nông thôn"","""",""Phát triển kinh tế xanh gắn với bảo tồn, phát huy giá trị văn hóa"",""https://baovinhlong.com.vn/kinh-te/202501/phat-trien-kinh-te-xanhgan-voi-bao-ton-phat-huygia-tri-van-hoa-33e22bc/"""
https://baovinhlong.com.vn/tin-moi/202501/chao-mung-doan-du-khach-quoc-te-dau-tien-den-vinh-long-dau-xuan-at-ty-2025-30c1adf/,docs/research/baovinhlong_du_lich_evidence_matrix_2025_2026.csv,187,research_corpus,"""2025"",""2025-01-29"",""Vĩnh Long"",""direct_title"",""high"",""Du lịch chung/chiến lược"","""",""Chào mừng đoàn du khách quốc tế đầu tiên đến Vĩnh Long đầu Xuân Ất Tỵ 2025"",""https://baovinhlong.com.vn/tin-moi/202501/chao-mung-doan-du-khach-quoc-te-dau-tien-den-vinh-long-dau-xuan-at-ty-2025-30c1adf/"""
https://baovinhlong.com.vn/tin-moi/202501/du-xuan-dau-nam-moi-0ba1bf7/,docs/research/baovinhlong_du_lich_evidence_matrix_2025_2026.csv,188,research_corpus,"""2025"",""2025-01-29"",""Vĩnh Long"",""direct_title"",""high"","""","""",""Du xuân đầu năm mới"",""https://baovinhlong.com.vn/tin-moi/202501/du-xuan-dau-nam-moi-0ba1bf7/"""
https://baovinhlong.com.vn/multimedia/202501/xum-xinh-ao-quan-di-chup-anh-tet-tai-la-con-duong-gom-va-dai-nhat-viet-nam-a9a1fea/,docs/research/baovinhlong_du_lich_evidence_matrix_2025_2026.csv,189,research_corpus,"""2025"",""2025-01-28"",""Vĩnh Long"",""destination_event"",""medium"",""Sông nước - miệt vườn; Làng nghề - di sản nghề"",""Mang Thít - gạch gốm"",""Xúm xính áo quần đi chụp ảnh Tết tại là “Con đường gốm và dài nhất Việt Nam”"",""https://baovinhlong.com.vn/multimedia/202501/xum-xinh-ao-quan-di-chup-anh-tet-tai-la-con-duong-gom-va-dai-nhat-viet-nam-a9a1fea/"""
https://baovinhlong.com.vn/video/202501/xuan-ve-ron-rang-tai-cac-diem-kinh-doanh-dich-vu-du-lich-c861ca4/,docs/research/baovinhlong_du_lich_evidence_matrix_2025_2026.csv,190,research_corpus,"""2025"",""2025-01-27"",""Vĩnh Long"",""direct_title"",""high"",""Du lịch chung/chiến lược; Sông nước - miệt vườn"","""",""Xuân về rộn ràng tại các điểm kinh doanh dịch vụ du lịch"",""https://baovinhlong.com.vn/video/202501/xuan-ve-ron-rang-tai-cac-diem-kinh-doanh-dich-vu-du-lich-c861ca4/"""
https://baovinhlong.com.vn/nhip-song-dong-bang/202501/mien-tay-vao-mua-hoa-dep-nhat-ky3ve-lang-mai-vang-bac-ty-phuoc-dinh-dc25e73/,docs/research/baovinhlong_du_lich_evidence_matrix_2025_2026.csv,191,research_corpus,"""2025"",""2025-01-22"",""Vĩnh Long"",""direct_lead"",""high"",""Sông nước - miệt vườn; Làng nghề - di sản nghề"",""Cù lao An Bình - Long Hồ; Chợ Lách - hoa kiểng"",""Kỳ 3: Về làng mai vàng “bạc tỷ” Phước Định"",""https://baovinhlong.com.vn/nhip-song-dong-bang/202501/mien-tay-vao-mua-hoa-dep-nhat-ky3ve-lang-mai-vang-bac-ty-phuoc-dinh-dc25e73/"""
https://baovinhlong.com.vn/tin-moi/202501/xay-dung-va-phat-triensan-pham-du-lich-dac-thu-c140778/,docs/research/baovinhlong_du_lich_evidence_matrix_2025_2026.csv,192,research_corpus,"""2025"",""2025-01-14"",""Vĩnh Long"",""direct_title"",""high"",""Du lịch chung/chiến lược; Ẩm thực - đặc sản"","""",""Xây dựng và phát triển sản phẩm du lịch đặc thù"",""https://baovinhlong.com.vn/tin-moi/202501/xay-dung-va-phat-triensan-pham-du-lich-dac-thu-c140778/"""
https://baovinhlong.com.vn/xa-hoi/du-lich/202501/to-chuc-lai-khong-gian-phat-trien-du-lich-ky-cuoixay-dung-dong-san-pham-di-san-van-hoa-lang-nghe-b206409/,docs/research/baovinhlong_du_lich_evidence_matrix_2025_2026.csv,193,research_corpus,"""2025"",""2025-01-08"",""Vĩnh Long"",""tourism_category"",""high"",""Du lịch chung/chiến lược; Làng nghề - di sản nghề; Di tích - bảo tàng - tâm linh"","""",""Kỳ cuối: Xây dựng dòng sản phẩm di sản văn hóa, làng nghề"",""https://baovinhlong.com.vn/xa-hoi/du-lich/202501/to-chuc-lai-khong-gian-phat-trien-du-lich-ky-cuoixay-dung-dong-san-pham-di-san-van-hoa-lang-nghe-b206409/"""
https://baovinhlong.com.vn/thoi-su/202501/ban-hanh-23-danh-muc-dich-vu-su-nghiep-cong-su-dung-ngan-sach-nha-nuoc-linh-vuc-van-hoa-gia-dinh-va-du-lich-aa862cd/,docs/research/baovinhlong_du_lich_evidence_matrix_2025_2026.csv,194,research_corpus,"""2025"",""2025-01-08"",""Vĩnh Long"",""direct_title"",""high"",""Du lịch chung/chiến lược; Sông nước - miệt vườn"","""",""Trình ban hành 23 danh mục dịch vụ sự nghiệp công sử dụng ngân sách nhà nước lĩnh vực văn hóa, gia đình và du lịch"",""https://baovinhlong.com.vn/thoi-su/202501/ban-hanh-23-danh-muc-dich-vu-su-nghiep-cong-su-dung-ngan-sach-nha-nuoc-linh-vuc-van-hoa-gia-dinh-va-du-lich-aa862cd/"""
https://baovinhlong.com.vn/xa-hoi/du-lich/202501/to-chuc-lai-khong-gian-phat-trien-du-lich-939670e/,docs/research/baovinhlong_du_lich_evidence_matrix_2025_2026.csv,195,research_corpus,"""2025"",""2025-01-07"",""Vĩnh Long"",""tourism_category"",""high"",""Du lịch chung/chiến lược"","""",""Tổ chức lại không gian phát triển du lịch"",""https://baovinhlong.com.vn/xa-hoi/du-lich/202501/to-chuc-lai-khong-gian-phat-trien-du-lich-939670e/"""
https://baovinhlong.com.vn/kinh-te/202606/truong-long-hoa-phat-huy-loi-the-phat-trien-kinh-te-bien-62d49fc/,docs/research/baovinhlong_du_lich_urls_2025_2026.csv,2,research_corpus,"""2026"",""2026-06-15"",""Trà Vinh"",""direct_lead"",""high"",""title_or_lead"",""Trường Long Hòa phát huy lợi thế phát triển kinh tế biển"",""https://baovinhlong.com.vn/kinh-te/202606/truong-long-hoa-phat-huy-loi-the-phat-trien-kinh-te-bien-62d49fc/"",""Khai thác hiệu quả tiềm năng về du lịch, năng lượng tái tạo và nuôi trồng thủy sản công nghệ cao, phường Trường Long Hòa đang tập trung triển khai giải pháp trọng tâm nhằm cụ thể hóa mục tiêu phát triển kinh tế biển bền vững, gắn với bảo vệ môi trường và bản sắc"
https://baovinhlong.com.vn/kinh-te/thuong-mai-dich-vu/202606/khai-mac-tuan-le-van-hoa-du-lich-am-thuc-banh-dan-gian-nam-bo-vi-ngon-xu-dua-phuong-an-hoi-ce310af/,docs/research/baovinhlong_du_lich_urls_2025_2026.csv,3,research_corpus,"""2026"",""2026-06-14"",""Bến Tre"",""direct_title"",""high"",""title_or_lead"",""Khai mạc Tuần lễ Văn hóa, Du lịch, Ẩm thực bánh dân gian Nam Bộ - Vị ngon xứ dừa phường An Hội"",""https://baovinhlong.com.vn/kinh-te/thuong-mai-dich-vu/202606/khai-mac-tuan-le-van-hoa-du-lich-am-thuc-banh-dan-gian-nam-bo-vi-ngon-xu-dua-phuong-an-hoi-ce310af/"",""Tối 13/6, tại Công viên Bến Tre, UBND phường An Hội tổ chức khai mạc “Tuần lễ Văn hóa, Du lịch, Ẩm thực bánh dân gian Nam Bộ - Vị ngon xứ dừa phường An Hội” năm 2026."""
https://baovinhlong.com.vn/nhip-song-dong-bang/202606/khai-mac-tuan-le-van-hoa-am-thuc-ben-tre-tet-doan-ngo-xu-dua-nam-2026-78c0d4f/,docs/research/baovinhlong_du_lich_urls_2025_2026.csv,4,research_corpus,"""2026"",""2026-06-13"",""Vĩnh Long; Bến Tre"",""destination_event"",""medium"",""title_or_lead"",""Khai mạc Tuần lễ Văn hóa - Ẩm thực “Bến Tre Tết Đoan Ngọ xứ Dừa” năm 2026"",""https://baovinhlong.com.vn/nhip-song-dong-bang/202606/khai-mac-tuan-le-van-hoa-am-thuc-ben-tre-tet-doan-ngo-xu-dua-nam-2026-78c0d4f/"",""​​​​​​​Tối 12/6, tại Công viên Mỹ Hóa, UBND phường Bến Tre phối hợp với Hiệp hội Ẩm thực Xứ Dừa Bến Tre tổ chức khai mạc Tuần lễ Văn hóa - Ẩm thực “Bến Tre Tết Đoan Ngọ xứ Dừa” năm 2026."""
https://baovinhlong.com.vn/xa-hoi/du-lich/202606/khai-truong-vietravel-chi-nhanh-vinh-long-9661c6a/,docs/research/baovinhlong_du_lich_urls_2025_2026.csv,5,research_corpus,"""2026"",""2026-06-12"",""Vĩnh Long"",""tourism_category"",""high"",""title_or_lead"",""Khai trương Vietravel chi nhánh Vĩnh Long"",""https://baovinhlong.com.vn/xa-hoi/du-lich/202606/khai-truong-vietravel-chi-nhanh-vinh-long-9661c6a/"",""Ngày 12/6, tại phường Phước Hậu, Công ty CP Du lịch Vietravel tổ chức lễ khai trương chi nhánh Vĩnh Long."""
https://baovinhlong.com.vn/phong-su-anh/202606/chum-anh-ngam-dan-co-trang-tao-hinh-song-dong-o-chua-hang-24a6cff/,docs/research/baovinhlong_du_lich_urls_2025_2026.csv,6,research_corpus,"""2026"",""2026-06-10"",""Trà Vinh"",""destination_event"",""medium"",""title_or_lead"",""Ngắm đàn cò trắng tạo hình sống động ở chùa Hang"",""https://baovinhlong.com.vn/phong-su-anh/202606/chum-anh-ngam-dan-co-trang-tao-hinh-song-dong-o-chua-hang-24a6cff/"",""Chùa Kompong Chrây hay còn gọi là chùa Hang tọa lạc tại xã Châu Thành (xã Đa Lộc, huyện Châu Thành trước đây) vốn được nhiều người biết đến là nơi lưu trú của rất nhiều loài chim, cò… với số lượng có thời điểm lên đến hàng chục ngàn con."""
https://baovinhlong.com.vn/van-hoa-giai-tri/202606/ron-rang-le-hoi-ha-dien-ky-yen-40a25b5/,docs/research/baovinhlong_du_lich_urls_2025_2026.csv,7,research_corpus,"""2026"",""2026-06-01"",""Vĩnh Long"",""direct_lead"",""high"",""title_or_lead"",""Rộn ràng lễ hội Hạ Điền – Kỳ Yên"",""https://baovinhlong.com.vn/van-hoa-giai-tri/202606/ron-rang-le-hoi-ha-dien-ky-yen-40a25b5/"",""Từ ngày 31/5 đến 3/6, đình thần Mỹ Thuận (phường Cái Vồn) tổ chức Lễ hội Hạ Điền – Kỳ Yên. Lễ hội thể hiện nét sinh hoạt tín ngưỡng, giá trị truyền thống và bản sắc văn hóa; tạo không khí vui tươi từ đông đảo người dân địa phương và du khách đến tham dự."""
https://baovinhlong.com.vn/xa-hoi/du-lich/202605/tao-nen-tang-so-phat-trien-van-hoa-the-thao-va-du-lich-2cb4abd/,docs/research/baovinhlong_du_lich_urls_2025_2026.csv,8,research_corpus,"""2026"",""2026-05-28"",""Vĩnh Long"",""tourism_category"",""high"",""content"",""Tạo nền tảng số phát triển văn hóa, thể thao và du lịch"",""https://baovinhlong.com.vn/xa-hoi/du-lich/202605/tao-nen-tang-so-phat-trien-van-hoa-the-thao-va-du-lich-2cb4abd/"",""Phát triển khoa học, công nghệ, đổi mới sáng tạo và chuyển đổi số tạo động lực thúc đẩy ngành văn hóa-TT-DL bứt phá. Không gian di tích ảo, thư viện số, nền tảng du lịch thông minh… góp phần đưa văn hóa đến gần hơn với công chúng. Đồng thời, mở thêm cơ hội b"
https://baovinhlong.com.vn/xa-hoi/du-lich/202605/lien-ket-khai-thac-tiem-nang-tao-da-phat-trien-du-lich-53f40ac/,docs/research/baovinhlong_du_lich_urls_2025_2026.csv,9,research_corpus,"""2026"",""2026-05-24"",""Bến Tre"",""tourism_category"",""high"",""title_or_lead"",""Liên kết khai thác tiềm năng, tạo đà phát triển du lịch"",""https://baovinhlong.com.vn/xa-hoi/du-lich/202605/lien-ket-khai-thac-tiem-nang-tao-da-phat-trien-du-lich-53f40ac/"",""Tại tọa đàm “Liên kết phát triển du lịch cộng đồng và du lịch sinh thái địa phương năm 2026” do UBND phường Bến Tre tổ chức, đại biểu đã trao đổi về tiềm năng, định hướng phát triển du lịch cộng đồng và du lịch sinh thái trên địa bàn phường; đề xuất giải"
https://baovinhlong.com.vn/multimedia/202605/binh-minh-ba-dong-ban-giao-huong-anh-sang-cua-bien-mien-tay-8433735/,docs/research/baovinhlong_du_lich_urls_2025_2026.csv,10,research_corpus,"""2026"",""2026-05-22"",""Trà Vinh"",""direct_lead"",""high"",""title_or_lead"",""Bình minh Ba Động- Bản giao hưởng ánh sáng của biển miền Tây"",""https://baovinhlong.com.vn/multimedia/202605/binh-minh-ba-dong-ban-giao-huong-anh-sang-cua-bien-mien-tay-8433735/"",""Chùm ảnh “Bình minh Ba Động- Bản giao hưởng ánh sáng của biển miền Tây” không chỉ ghi lại vẻ đẹp của thiên nhiên vùng biển Trà Vinh, mà còn góp phần lan tỏa hình ảnh một điểm đến giàu tiềm năng du lịch sinh thái, văn hóa và trải nghiệm."""
https://baovinhlong.com.vn/van-hoa-giai-tri/202605/khai-mo-tiem-nang-phat-trien-cong-nghiep-van-hoa-ky-3-lang-nghe-thuc-giac-ben-nhung-dong-song-6526ce6/,docs/research/baovinhlong_du_lich_urls_2025_2026.csv,11,research_corpus,"""2026"",""2026-05-17"",""Vĩnh Long"",""direct_lead"",""high"",""title_or_lead"",""Kỳ 3: Làng nghề “thức giấc” bên những dòng sông"",""https://baovinhlong.com.vn/van-hoa-giai-tri/202605/khai-mo-tiem-nang-phat-trien-cong-nghiep-van-hoa-ky-3-lang-nghe-thuc-giac-ben-nhung-dong-song-6526ce6/"",""Một trong những thế mạnh của công nghiệp văn hóa ở Vĩnh Long là du lịch. Theo đó, du lịch bền vững đang là mục tiêu hướng tới không chỉ góp phần phát triển kinh tế mà còn bảo tồn thiên nhiên, văn hóa và đảm bảo sự phát triển"
https://baovinhlong.com.vn/van-hoa-giai-tri/202605/khai-mo-tiem-nang-phat-trien-cong-nghiep-van-hoa-ky-2-phat-trien-du-lich-gan-voi-giu-gin-ban-sac-dia-phuong-3f609a6/,docs/research/baovinhlong_du_lich_urls_2025_2026.csv,12,research_corpus,"""2026"",""2026-05-15"",""Vĩnh Long"",""direct_title"",""high"",""title_or_lead"",""Kỳ 2: Phát triển du lịch gắn với giữ gìn bản sắc địa phương"",""https://baovinhlong.com.vn/van-hoa-giai-tri/202605/khai-mo-tiem-nang-phat-trien-cong-nghiep-van-hoa-ky-2-phat-trien-du-lich-gan-voi-giu-gin-ban-sac-dia-phuong-3f609a6/"",""Một trong những thế mạnh của công nghiệp văn hóa ở Vĩnh Long là du lịch. Theo đó, du lịch bền vững đang là mục tiêu hướng tới không chỉ góp phần phát triển kinh tế mà còn bảo tồn thiên nhiên, văn h"
https://baovinhlong.com.vn/xa-hoi/du-lich/202605/ra-mat-chi-hoi-du-lich-binh-dai-5ac5d6b/,docs/research/baovinhlong_du_lich_urls_2025_2026.csv,13,research_corpus,"""2026"",""2026-05-15"",""Vĩnh Long; Bến Tre"",""tourism_category"",""high"",""title_or_lead"",""Ra mắt Chi hội du lịch Bình Đại"",""https://baovinhlong.com.vn/xa-hoi/du-lich/202605/ra-mat-chi-hoi-du-lich-binh-dai-5ac5d6b/"",""Chiều 15/5, tại Khu Du lịch sinh thái Anh Ba Khía (xã Thạnh Phước), Hiệp hội Du lịch tỉnh Vĩnh Long tổ chức lễ ra mắt Chi hội Du lịch Bình Đại."""
https://baovinhlong.com.vn/kinh-te/202605/truong-long-hoa-tap-trung-khai-thac-tiem-nang-du-lich-va-kinh-te-bien-108088d/,docs/research/baovinhlong_du_lich_urls_2025_2026.csv,14,research_corpus,"""2026"",""2026-05-14"",""Vĩnh Long; Trà Vinh"",""direct_title"",""high"",""title_or_lead"",""Trường Long Hòa tập trung khai thác tiềm năng du lịch và kinh tế biển"",""https://baovinhlong.com.vn/kinh-te/202605/truong-long-hoa-tap-trung-khai-thac-tiem-nang-du-lich-va-kinh-te-bien-108088d/"",""Chiều 14/5, đồng chí Trần Văn Lâu- Ủy viên Ban Chấp hành Trung ương Đảng, Bí thư Tỉnh ủy, Trưởng đoàn Đại biểu Quốc hội khóa XVI tỉnh Vĩnh Long làm Trưởng đoàn đã làm việc với Ban Chấp hành Đảng bộ phường Trường Long Hòa về "
https://baovinhlong.com.vn/van-hoa-giai-tri/202605/mot-ngay-o-thu-phu-dua-sap-cau-ke-5a63907/,docs/research/baovinhlong_du_lich_urls_2025_2026.csv,15,research_corpus,"""2026"",""2026-05-10"",""Vĩnh Long; Trà Vinh"",""destination_event"",""medium"",""title_or_lead"",""Một ngày ở “thủ phủ” dừa sáp Cầu Kè"",""https://baovinhlong.com.vn/van-hoa-giai-tri/202605/mot-ngay-o-thu-phu-dua-sap-cau-ke-5a63907/"",""Thật phấn khích khi được nhiều người bạn ở xã Cầu Kè tình nguyện làm “hướng dẫn viên” trải nghiệm từ vườn đến Bảo tàng dừa sáp Trà Vinh. Nghe, thấy và tự tìm hiểu mới cảm nhận được trên vùng đất của Vĩnh Long, lại có một loại cây vô cùng “huyền bí” và ngày càng có giá trị như v"
https://baovinhlong.com.vn/van-hoa-giai-tri/202605/hang-may-anh-canon-chon-bien-ba-dong-to-chuc-hoi-thaochia-se-ve-kien-thuc-nhiep-anh-d191781/,docs/research/baovinhlong_du_lich_urls_2025_2026.csv,16,research_corpus,"""2026"",""2026-05-07"",""Vĩnh Long; Trà Vinh"",""destination_event"",""medium"",""title_or_lead"",""Hãng máy ảnh Canon chọn biển Ba Động tổ chức hội thảo, chia sẻ về kiến thức nhiếp ảnh"",""https://baovinhlong.com.vn/van-hoa-giai-tri/202605/hang-may-anh-canon-chon-bien-ba-dong-to-chuc-hoi-thaochia-se-ve-kien-thuc-nhiep-anh-d191781/"",""Với chủ đề “Nghệ thuật chuyển hóa nhân vật trong chuyển động”, Công ty TNHH Canon Marketing Việt Nam vừa quyết định chọn biển Ba Động thuộc phường Trường Long Hòa, tỉnh Vĩnh Long"
https://baovinhlong.com.vn/van-hoa-giai-tri/202605/ket-noi-gap-go-gan-40-doanh-nghiep-hoi-vien-du-lich-khu-vuc-tra-vinh-c3f3c46/,docs/research/baovinhlong_du_lich_urls_2025_2026.csv,17,research_corpus,"""2026"",""2026-05-07"",""Vĩnh Long; Trà Vinh"",""direct_title"",""high"",""title_or_lead"",""Kết nối, gặp gỡ gần 40 doanh nghiệp, hội viên du lịch khu vực Trà Vinh"",""https://baovinhlong.com.vn/van-hoa-giai-tri/202605/ket-noi-gap-go-gan-40-doanh-nghiep-hoi-vien-du-lich-khu-vuc-tra-vinh-c3f3c46/"",""Chiều 7/5, tại Khu di tích danh thắng quốc gia Ao Bà Om (phường Nguyệt Hóa), Hiệp hội du lịch tỉnh Vĩnh Long tổ chức chương trình kết nối, gặp gỡ doanh nghiệp, hội viên du lịch khu vực Trà Vinh."""
https://baovinhlong.com.vn/xa-hoi/du-lich/202605/diem-den-an-toan-than-thien-chat-luong-9c8410c/,docs/research/baovinhlong_du_lich_urls_2025_2026.csv,18,research_corpus,"""2026"",""2026-05-05"",""Vĩnh Long; Trà Vinh; Bến Tre"",""tourism_category"",""high"",""content"",""Điểm đến “An toàn- thân thiện- chất lượng”"",""https://baovinhlong.com.vn/xa-hoi/du-lich/202605/diem-den-an-toan-than-thien-chat-luong-9c8410c/"",""Trong không khí hân hoan của chuỗi các ngày lễ lớn đầu mùa hè năm 2026, du lịch tỉnh đã ghi nhận những tín hiệu tăng trưởng tích cực; tiếp tục khẳng định sức hút của một điểm đến an toàn, thân thiện và giàu bản sắc. Dịp Giỗ Tổ Hùng Vương (mùng 10/3 âm lịch) và kỳ nghỉ"
https://baovinhlong.com.vn/xa-hoi/du-lich/202605/phuong-ben-tre-be-mac-tuan-le-van-hoa-am-thuc-nam-2026-0090994/,docs/research/baovinhlong_du_lich_urls_2025_2026.csv,19,research_corpus,"""2026"",""2026-05-04"",""Vĩnh Long; Trà Vinh; Bến Tre"",""tourism_category"",""high"",""title_or_lead"",""Phường Bến Tre bế mạc Tuần lễ Văn hóa - Ẩm thực năm 2026"",""https://baovinhlong.com.vn/xa-hoi/du-lich/202605/phuong-ben-tre-be-mac-tuan-le-van-hoa-am-thuc-nam-2026-0090994/"",""Tối 3/5, UBND phường Bến Tre đã tổ chức lễ bế mạc Tuần lễ Văn hóa - Ẩm thực năm 2026, khép lại chuỗi hoạt động sôi nổi kéo dài 10 ngày tại Công viên Mỹ Hóa trên đường Hùng Vương, phường Bến Tre."""
https://baovinhlong.com.vn/xa-hoi/du-lich/202605/bao-dam-an-toan-nang-cao-chat-luong-phuc-vu-du-lich-59d3a28/,docs/research/baovinhlong_du_lich_urls_2025_2026.csv,20,research_corpus,"""2026"",""2026-05-01"",""Vĩnh Long"",""tourism_category"",""high"",""title_or_lead"",""Bảo đảm an toàn, nâng cao chất lượng phục vụ du lịch"",""https://baovinhlong.com.vn/xa-hoi/du-lich/202605/bao-dam-an-toan-nang-cao-chat-luong-phuc-vu-du-lich-59d3a28/"",""Nhằm chủ động chuẩn bị điều kiện phục vụ du khách trước dự báo lượng khách tăng cao dịp lễ và cao điểm mùa du lịch hè năm 2026, ngành du lịch tỉnh yêu cầu các đơn vị, địa phương triển khai đồng bộ giải pháp để khẳng định hình ảnh Vĩnh Long an toàn, thân thiệ"
https://baovinhlong.com.vn/xa-hoi/du-lich/202604/dua-am-thuc-tro-thanh-san-pham-du-lich-dac-trung-83f421e/,docs/research/baovinhlong_du_lich_urls_2025_2026.csv,21,research_corpus,"""2026"",""2026-04-30"",""Vĩnh Long; Trà Vinh; Bến Tre"",""tourism_category"",""high"",""content"",""Đưa ẩm thực trở thành sản phẩm du lịch đặc trưng"",""https://baovinhlong.com.vn/xa-hoi/du-lich/202604/dua-am-thuc-tro-thanh-san-pham-du-lich-dac-trung-83f421e/"",""Là một phần không thể thiếu trong hoạt động du lịch, ẩm thực vừa đáp ứng nhu cầu của du khách, vừa góp phần bảo tồn văn hóa, phát triển kinh tế và xây dựng hình ảnh hấp dẫn cho điểm đến. Để phát triển du lịch bền vững, ẩm thực ĐBSCL được định vị như mộ"
https://baovinhlong.com.vn/van-hoa-giai-tri/202604/ra-mat-xom-nghe-lan-vuong-phuc-vu-du-khach-trai-nghiem-dip-le-304-va-15-c942616/,docs/research/baovinhlong_du_lich_urls_2025_2026.csv,22,research_corpus,"""2026"",""2026-04-30"",""Bến Tre"",""direct_title"",""high"",""title_or_lead"",""Ra mắt “Xóm nghề Lan Vương” phục vụ du khách trải nghiệm dịp lễ 30/4 và 1/5"",""https://baovinhlong.com.vn/van-hoa-giai-tri/202604/ra-mat-xom-nghe-lan-vuong-phuc-vu-du-khach-trai-nghiem-dip-le-304-va-15-c942616/"",""Ngày 30/4, tại Điểm du lịch Lan Vương (phường An Hội) lễ ra mắt “Xóm nghề Lan Vương” đã chính thức diễn ra trong không khí hân hoan chào mừng Ngày Giải phóng miền Nam và Quốc tế Lao động. ​​​​​​​"""
https://baovinhlong.com.vn/xa-hoi/du-lich/202604/vinh-danh-29-nghe-nhan-nghe-bep-nghe-banh-nghe-dieu-khac-cu-qua-98a0e9c/,docs/research/baovinhlong_du_lich_urls_2025_2026.csv,23,research_corpus,"""2026"",""2026-04-27"",""Vĩnh Long; Bến Tre"",""tourism_category"",""high"",""content"",""Vinh danh 29 nghệ nhân nghề bếp, nghề bánh, nghề điêu khắc củ, quả"",""https://baovinhlong.com.vn/xa-hoi/du-lich/202604/vinh-danh-29-nghe-nhan-nghe-bep-nghe-banh-nghe-dieu-khac-cu-qua-98a0e9c/"",""Ngày 27/4, tại TP Cần Thơ, Hiệp hội Du lịch Việt Nam phối hợp Hiệp hội Du lịch ĐBSCL tổ chức lễ vinh danh nghệ nhân nghề bếp, nghề bánh, nghề điêu khắc củ, quả lần II - năm 2026."""
https://baovinhlong.com.vn/xa-hoi/du-lich/202604/phat-huy-tiem-nang-loi-the-dua-du-lich-tinh-phat-trien-34f44d2/,docs/research/baovinhlong_du_lich_urls_2025_2026.csv,24,research_corpus,"""2026"",""2026-04-23"",""Vĩnh Long; Trà Vinh; Bến Tre"",""tourism_category"",""high"",""title_or_lead"",""Phát huy tiềm năng, lợi thế đưa du lịch tỉnh phát triển"",""https://baovinhlong.com.vn/xa-hoi/du-lich/202604/phat-huy-tiem-nang-loi-the-dua-du-lich-tinh-phat-trien-34f44d2/"",""Sau sáp nhập địa giới hành chính, tỉnh mở rộng không gian phát triển, trở thành vùng đất hội tụ độc đáo của ĐBSCL. Trên nền tảng giao thoa giữa các dòng chảy văn hóa miệt vườn sông nước và đồng bào Khmer, cùng với dấu ấn đặc biệt của"
https://baovinhlong.com.vn/phong-su-ky-su/202604/phat-trien-san-pham-du-lich-dac-thu-tu-lang-nghe-gach-gom-7f54c8b/,docs/research/baovinhlong_du_lich_urls_2025_2026.csv,25,research_corpus,"""2026"",""2026-04-22"",""Vĩnh Long"",""direct_title"",""high"",""title_or_lead"",""Phát triển sản phẩm du lịch đặc thù từ làng nghề gạch, gốm"",""https://baovinhlong.com.vn/phong-su-ky-su/202604/phat-trien-san-pham-du-lich-dac-thu-tu-lang-nghe-gach-gom-7f54c8b/"",""Việc định hình và phát triển khu lò gạch, gốm Mang Thít được kỳ vọng là điểm nhấn khi những lò gạch cũ được bảo tồn, khoác thêm áo mới, trở thành không gian tham quan và trải nghiệm độc đáo, góp phần đa dạng hóa sản phẩm và tăng sức hút du lịch."""
https://baovinhlong.com.vn/xa-hoi/du-lich/202604/vinh-long-ban-hanh-bo-tieu-chi-du-lich-xanh-ae52034/,docs/research/baovinhlong_du_lich_urls_2025_2026.csv,26,research_corpus,"""2026"",""2026-04-22"",""Vĩnh Long; Bến Tre"",""tourism_category"",""high"",""title_or_lead"",""Vĩnh Long ban hành Bộ tiêu chí du lịch xanh"",""https://baovinhlong.com.vn/xa-hoi/du-lich/202604/vinh-long-ban-hanh-bo-tieu-chi-du-lich-xanh-ae52034/"",""Quyết định số 2687/QĐ-UBND ngày 20/4/2026 của UBND tỉnh Vĩnh Long ban hành Bộ tiêu chí du lịch xanh, nhằm cụ thể hóa định hướng phát triển du lịch theo hướng bền vững, thân thiện với môi trường và gắn với bảo tồn giá trị văn hóa địa phương."""
https://baovinhlong.com.vn/van-hoa-giai-tri/202604/vinh-long-tham-gia-ngay-van-hoa-cac-dan-toc-viet-nam-194-nam-2026-80320dc/,docs/research/baovinhlong_du_lich_urls_2025_2026.csv,27,research_corpus,"""2026"",""2026-04-19"",""Vĩnh Long"",""direct_lead"",""high"",""title_or_lead"",""Vĩnh Long tham gia “Ngày Văn hóa các dân tộc Việt Nam 19/4 năm 2026”"",""https://baovinhlong.com.vn/van-hoa-giai-tri/202604/vinh-long-tham-gia-ngay-van-hoa-cac-dan-toc-viet-nam-194-nam-2026-80320dc/"",""Hoạt động được diễn ra từ ngày 17 - 19/4, tại Làng Văn hóa - Du lịch các dân tộc Việt Nam do Bộ Văn hóa, Thể thao và Du lịch tổ chức."""
https://baovinhlong.com.vn/thoi-su/202604/nam-2026-nganh-du-lich-tinh-dung-truoc-nhieu-co-hoi-va-thach-thuc-10c2093/,docs/research/baovinhlong_du_lich_urls_2025_2026.csv,28,research_corpus,"""2026"",""2026-04-18"",""Vĩnh Long; Bến Tre"",""direct_title"",""high"",""title_or_lead"",""Họp mặt doanh nghiệp du lịch năm 2026"",""https://baovinhlong.com.vn/thoi-su/202604/nam-2026-nganh-du-lich-tinh-dung-truoc-nhieu-co-hoi-va-thach-thuc-10c2093/"",""Sáng 18/4, tại Khách sạn Diamond Stars (phường An Hội), Sở Văn hóa, Thể thao và Du lịch tỉnh Vĩnh Long đã tổ chức họp mặt doanh nghiệp (DN) du lịch năm 2026."""
https://baovinhlong.com.vn/van-hoa-giai-tri/202604/he-soi-dong-voi-canh-dong-dieu-o-ba-tri-242433c/,docs/research/baovinhlong_du_lich_urls_2025_2026.csv,29,research_corpus,"""2026"",""2026-04-17"",""Bến Tre"",""direct_lead"",""high"",""title_or_lead"",""Hè sôi động với cánh đồng diều ở Ba Tri"",""https://baovinhlong.com.vn/van-hoa-giai-tri/202604/he-soi-dong-voi-canh-dong-dieu-o-ba-tri-242433c/"",""Năm 2023, sau khi khảo sát và thực địa, CLB Diều nghệ thuật Bầu Trời Xanh, TP Hồ Chí Minh, đã chọn địa điểm cánh đồng ở ấp Bảo Hòa, xã Ba Tri để tổ chức cuộc thi thả diều nghệ thuật. Hoạt động thu hút đông đảo du khách đến từ các tỉnh, thành trong khu vực đến tham gia."""
https://baovinhlong.com.vn/xa-hoi/du-lich/202604/pho-bi-thu-tinh-uy-chu-tich-ubnd-tinh-tran-tri-quang-khao-sat-thuc-te-khu-lo-gach-gom-mang-thit-va-cac-diem-du-lich-3524beb/,docs/research/baovinhlong_du_lich_urls_2025_2026.csv,30,research_corpus,"""2026"",""2026-04-17"",""Vĩnh Long"",""tourism_category"",""high"",""title_or_lead"",""Phó Bí thư Tỉnh ủy, Chủ tịch UBND tỉnh Trần Trí Quang khảo sát thực tế Khu lò gạch, gốm Mang Thít và các điểm du lịch"",""https://baovinhlong.com.vn/xa-hoi/du-lich/202604/pho-bi-thu-tinh-uy-chu-tich-ubnd-tinh-tran-tri-quang-khao-sat-thuc-te-khu-lo-gach-gom-mang-thit-va-cac-diem-du-lich-3524beb/"",""Chiều 17/4, đoàn khảo sát do Phó Bí thư Tỉnh ủy, Chủ tịch UBND tỉnh Trần Trí Quang làm trưởng đoàn cùng các thành viên trong đoàn"
https://baovinhlong.com.vn/xa-hoi/du-lich/202604/phu-tuc-khai-thac-loi-the-tiem-nang-du-lich-xanh-24909d2/,docs/research/baovinhlong_du_lich_urls_2025_2026.csv,31,research_corpus,"""2026"",""2026-04-16"",""Bến Tre"",""tourism_category"",""high"",""title_or_lead"",""Phú Túc khai thác lợi thế tiềm năng du lịch xanh"",""https://baovinhlong.com.vn/xa-hoi/du-lich/202604/phu-tuc-khai-thac-loi-the-tiem-nang-du-lich-xanh-24909d2/"",""Nằm tiếp giáp những dòng sông lớn bồi đắp phù sa, xã Phú Túc đã và đang khẳng định vị thế trên bản đồ du lịch với hệ sinh thái đa dạng, giàu bản sắc. Sự ra đời của Chi hội Du lịch xã Phú Túc không chỉ tạo cú hích liên kết mà còn mở ra kỳ vọng đưa du lịch trở thành ng"
https://baovinhlong.com.vn/xa-hoi/du-lich/202604/but-pha-tu-cac-nganh-dich-vu-tao-dong-luc-tang-truong-62b4453/,docs/research/baovinhlong_du_lich_urls_2025_2026.csv,32,research_corpus,"""2026"",""2026-04-11"",""Vĩnh Long; Bến Tre"",""tourism_category"",""high"",""content"",""Bứt phá từ các ngành dịch vụ, tạo động lực tăng trưởng"",""https://baovinhlong.com.vn/xa-hoi/du-lich/202604/but-pha-tu-cac-nganh-dich-vu-tao-dong-luc-tang-truong-62b4453/"",""Trong bức tranh kinh tế năm 2025 và quý I/2026, tỉnh ghi nhận nhiều tín hiệu tích cực, đặc biệt từ khu vực dịch vụ- lĩnh vực đang dần khẳng định vai trò “đầu kéo” tăng trưởng. Nổi bật trong đó là các ngành dịch vụ ưu tiên như du lịch, logistics- vận t"
https://baovinhlong.com.vn/xa-hoi/du-lich/202604/ket-noi-du-lich-dbscl-voi-ha-noi-va-cac-tinh-phia-bac-c7445aa/,docs/research/baovinhlong_du_lich_urls_2025_2026.csv,33,research_corpus,"""2026"",""2026-04-10"",""Vĩnh Long"",""tourism_category"",""high"",""title_or_lead"",""Kết nối du lịch ĐBSCL với Hà Nội và các tỉnh phía Bắc"",""https://baovinhlong.com.vn/xa-hoi/du-lich/202604/ket-noi-du-lich-dbscl-voi-ha-noi-va-cac-tinh-phia-bac-c7445aa/"",""Ngày 10/4, nằm trong khuôn khổ Hội chợ Du lịch Quốc tế Việt Nam - VITM 2026, Sở Văn hóa, Thể thao và Du lịch tỉnh Vĩnh Long phối hợp với Hiệp hội Du lịch ĐBSCL, Sở Du lịch Hà Nội tổ chức hội nghị xúc tiến, quảng bá du lịch ĐBSCL năm 2026."""
https://baovinhlong.com.vn/kinh-te/202604/quang-ba-du-lich-vinh-long-tai-hoi-cho-du-lich-quoc-te-viet-nam-72914bd/,docs/research/baovinhlong_du_lich_urls_2025_2026.csv,34,research_corpus,"""2026"",""2026-04-10"",""Vĩnh Long"",""direct_title"",""high"",""title_or_lead"",""Quảng bá du lịch Vĩnh Long tại Hội chợ Du lịch Quốc tế Việt Nam"",""https://baovinhlong.com.vn/kinh-te/202604/quang-ba-du-lich-vinh-long-tai-hoi-cho-du-lich-quoc-te-viet-nam-72914bd/"",""Từ ngày 10-12/4, tại Trung tâm Triển lãm Quốc tế ICE Hà Nội, Hiệp hội Du lịch Việt Nam tổ chức Hội chợ Du lịch Quốc tế Việt Nam (lần thứ 15) - VITM 2026 với chủ đề: “Chuyển đổi số và Tăng trưởng Xanh - Nâng tầm du lịch Việt Nam”."""
https://baovinhlong.com.vn/xa-hoi/du-lich/202604/day-manh-lien-ket-kien-tao-hanh-trinh-du-lich-chat-luong-65d07fa/,docs/research/baovinhlong_du_lich_urls_2025_2026.csv,35,research_corpus,"""2026"",""2026-04-08"",""Vĩnh Long; Trà Vinh; Bến Tre"",""tourism_category"",""high"",""content"",""Đẩy mạnh liên kết, kiến tạo hành trình du lịch chất lượng"",""https://baovinhlong.com.vn/xa-hoi/du-lich/202604/day-manh-lien-ket-kien-tao-hanh-trinh-du-lich-chat-luong-65d07fa/"",""Trong bối cảnh hội nhập, việc liên kết giữa các địa phương và tập đoàn lữ hành hàng đầu đã trở thành động lực then chốt để đa dạng hóa sản phẩm và nâng cao sức cạnh tranh cho ngành du lịch. Tỉnh đang tích cực phối hợp các đơn vị như Sa"
https://baovinhlong.com.vn/van-hoa-giai-tri/202604/vinh-long-mang-sac-mau-van-hoa-nam-bo-ra-thu-do-ha-noi-f2e3866/,docs/research/baovinhlong_du_lich_urls_2025_2026.csv,36,research_corpus,"""2026"",""2026-04-08"",""Vĩnh Long"",""direct_lead"",""high"",""title_or_lead"",""Vĩnh Long mang sắc màu văn hóa Nam Bộ ra Thủ đô Hà Nội"",""https://baovinhlong.com.vn/van-hoa-giai-tri/202604/vinh-long-mang-sac-mau-van-hoa-nam-bo-ra-thu-do-ha-noi-f2e3866/"",""Từ ngày 17 đến 19/4/2026, đoàn tỉnh Vĩnh Long sẽ tham gia “Ngày Văn hóa các dân tộc Việt Nam 19/4”, tại Làng Văn hóa - Du lịch các dân tộc Việt Nam (Hà Nội) với nhiều hoạt động đặc sắc, góp phần quảng bá hình ảnh đất và người địa phương đến bạn bè trong nư"
https://baovinhlong.com.vn/xa-hoi/du-lich/202604/ra-mat-chi-hoi-du-lich-xa-phu-tuc-d5b32f7/,docs/research/baovinhlong_du_lich_urls_2025_2026.csv,37,research_corpus,"""2026"",""2026-04-07"",""Vĩnh Long; Bến Tre"",""tourism_category"",""high"",""title_or_lead"",""Ra mắt Chi hội Du lịch xã Phú Túc"",""https://baovinhlong.com.vn/xa-hoi/du-lich/202604/ra-mat-chi-hoi-du-lich-xa-phu-tuc-d5b32f7/"",""Chiều 7/4, tại Khu du lịch Cồn Phụng, UBND xã Phú Túc tổ chức lễ ra mắt Chi hội Du lịch xã Phú Túc."""
https://baovinhlong.com.vn/kinh-te/202604/trung-bay-gioi-thieu-hon-1-ngan-an-pham-cua-tinh-tai-ngay-hoi-du-lich-tp-ho-chi-minh-2e60821/,docs/research/baovinhlong_du_lich_urls_2025_2026.csv,38,research_corpus,"""2026"",""2026-04-05"",""Vĩnh Long"",""direct_title"",""high"",""title_or_lead"",""Trưng bày, giới thiệu hơn 1 ngàn ấn phẩm của tỉnh tại Ngày hội Du lịch TP Hồ Chí Minh"",""https://baovinhlong.com.vn/kinh-te/202604/trung-bay-gioi-thieu-hon-1-ngan-an-pham-cua-tinh-tai-ngay-hoi-du-lich-tp-ho-chi-minh-2e60821/"",""Từ ngày 2-5/4, tại Công viên 23/9 (phường Bến Thành, TP Hồ Chí Minh), Vĩnh Long cùng hơn 20 tỉnh, thành trên cả nước tham gia Ngày hội Du lịch TP Hồ Chí Minh lần thứ 22."""
https://baovinhlong.com.vn/xa-hoi/du-lich/202603/toa-dam-lien-ket-hop-tac-phat-trien-tour-tuyen-san-pham-du-lich-tai-vinh-long-1d91728/,docs/research/baovinhlong_du_lich_urls_2025_2026.csv,39,research_corpus,"""2026"",""2026-03-31"",""Vĩnh Long; Bến Tre"",""tourism_category"",""high"",""title_or_lead"",""Tọa đàm “Liên kết, hợp tác phát triển tour - tuyến, sản phẩm du lịch tại Vĩnh Long”"",""https://baovinhlong.com.vn/xa-hoi/du-lich/202603/toa-dam-lien-ket-hop-tac-phat-trien-tour-tuyen-san-pham-du-lich-tai-vinh-long-1d91728/"",""Chiều 31/3, Sở Văn hóa-TT-DL phối hợp Saigontourist Group tổ chức tọa đàm “Liên kết, hợp tác phát triển tour - tuyến, sản phẩm du lịch tại Vĩnh Long”."""
https://baovinhlong.com.vn/xa-hoi/du-lich/202603/tang-cuong-ket-noi-quang-ba-van-hoa-du-lich-9ca1091/,docs/research/baovinhlong_du_lich_urls_2025_2026.csv,40,research_corpus,"""2026"",""2026-03-28"",""Vĩnh Long; Trà Vinh"",""tourism_category"",""high"",""content"",""Tăng cường kết nối quảng bá văn hóa, du lịch"",""https://baovinhlong.com.vn/xa-hoi/du-lich/202603/tang-cuong-ket-noi-quang-ba-van-hoa-du-lich-9ca1091/"",""Tỉnh đang chủ động tăng tốc quảng bá, xúc tiến du lịch với hoạt động đa dạng, từ chuyển đổi số truyền thông đến mở rộng kết nối trong và ngoài nước. Những nỗ lực này góp phần lan tỏa hình ảnh vùng đất giàu bản sắc văn hóa sông nước, từng bước khẳng định vị thế điểm đến "
https://baovinhlong.com.vn/van-hoa-giai-tri/202603/le-xuan-dinh-net-dep-van-hoa-tai-di-tich-van-thanh-mieu-2023470/,docs/research/baovinhlong_du_lich_urls_2025_2026.csv,41,research_corpus,"""2026"",""2026-03-24"",""Vĩnh Long"",""destination_event"",""medium"",""title_or_lead"",""Lễ Xuân Đinh- nét đẹp văn hóa tại di tích Văn Thánh miếu"",""https://baovinhlong.com.vn/van-hoa-giai-tri/202603/le-xuan-dinh-net-dep-van-hoa-tai-di-tich-van-thanh-mieu-2023470/"",""Ngày 21/2/2024, Bộ Văn hóa-TT-DL đã ghi danh “Lễ hội Văn Thánh miếu thành phố Vĩnh Long, tỉnh Vĩnh Long” vào Danh mục di sản văn hóa phi vật thể quốc gia. Hàng năm, trong các dịp lễ hội Văn Thánh miếu, người dân Vĩnh Long và các tỉnh- thành về đ"
https://baovinhlong.com.vn/xa-hoi/202603/boi-duong-nghiep-vu-du-lich-cho-cong-chuc-xa-phuong-khu-vuc-ben-tre-0301103/,docs/research/baovinhlong_du_lich_urls_2025_2026.csv,42,research_corpus,"""2026"",""2026-03-20"",""Bến Tre"",""direct_title"",""high"",""title_or_lead"",""Bồi dưỡng nghiệp vụ du lịch cho công chức xã, phường khu vực Bến Tre"",""https://baovinhlong.com.vn/xa-hoi/202603/boi-duong-nghiep-vu-du-lich-cho-cong-chuc-xa-phuong-khu-vuc-ben-tre-0301103/"",""Sáng 20/3, Sở Văn hóa, Thể thao và Du lịch tổ chức lớp bồi dưỡng chuyên môn, nghiệp vụ du lịch cho 85 công chức của 47 xã, phường khu vực Bến Tre."""
https://baovinhlong.com.vn/xa-hoi/du-lich/202603/diem-nhan-hap-dan-du-lich-duong-thuy-28331ea/,docs/research/baovinhlong_du_lich_urls_2025_2026.csv,43,research_corpus,"""2026"",""2026-03-19"",""Vĩnh Long; Trà Vinh; Bến Tre"",""tourism_category"",""high"",""title_or_lead"",""Điểm nhấn hấp dẫn du lịch đường thủy"",""https://baovinhlong.com.vn/xa-hoi/du-lich/202603/diem-nhan-hap-dan-du-lich-duong-thuy-28331ea/"",""Nằm giữa vùng sông nước trù phú của ĐBSCL, Vĩnh Long từ lâu đã được biết đến như một điểm đến hấp dẫn với hệ sinh thái miệt vườn đặc trưng, những dòng sông hiền hòa và đời sống sinh hoạt văn hóa đậm chất Nam Bộ. Phát huy lợi thế tự nhiên đó, du lịch (DL) đường thủy đang"
https://baovinhlong.com.vn/phong-su-anh/202603/di-san-van-hoa-phi-vat-the-quoc-gia-le-hoi-nguyen-tieu-b955ae0/,docs/research/baovinhlong_du_lich_urls_2025_2026.csv,44,research_corpus,"""2026"",""2026-03-04"",""Vĩnh Long; Trà Vinh"",""destination_event"",""medium"",""title_or_lead"",""Di sản văn hóa phi vật thể quốc gia- Lễ hội Nguyên Tiêu"",""https://baovinhlong.com.vn/phong-su-anh/202603/di-san-van-hoa-phi-vat-the-quoc-gia-le-hoi-nguyen-tieu-b955ae0/"",""Sáng ngày 3/3, Sở Văn hóa, Thể thao và Du lịch tỉnh Vĩnh Long đã phối hợp với UBND xã Đại An tổ chức lễ công bố quyết định của Bộ Văn hóa, Thể thao và Du lịch đưa “Lễ hội Nguyên Tiêu ở Trà Cú” vào danh mục di sản văn hóa phi vật thể quốc gia"
https://baovinhlong.com.vn/van-hoa-giai-tri/202603/phong-phu-cac-hoat-dong-tuan-le-van-hoa-xa-dai-an-c780fe2/,docs/research/baovinhlong_du_lich_urls_2025_2026.csv,45,research_corpus,"""2026"",""2026-03-04"",""Trà Vinh"",""direct_lead"",""high"",""title_or_lead"",""Phong phú các hoạt động tuần lễ văn hóa xã Đại An"",""https://baovinhlong.com.vn/van-hoa-giai-tri/202603/phong-phu-cac-hoat-dong-tuan-le-van-hoa-xa-dai-an-c780fe2/"",""Qua 1 tuần diễn ra, Tuần lễ Văn hóa, Thể thao và Du lịch xã Đại An năm 2026 (Tuần lễ) gắn công bố di sản văn hóa phi vật thể quốc gia “Lễ hội Nguyên tiêu ở Trà Cú” được đông đảo người dân địa phương và du khách tham gia nhiều hoạt động lễ hội vui tươi, độc đáo, hấp d"
https://baovinhlong.com.vn/van-hoa-giai-tri/202603/cong-bo-quyet-dinh-dua-le-hoi-nguyen-tieu-o-tra-cu-vao-danh-muc-di-san-van-hoa-phi-vat-the-quoc-gia-ba52ad3/,docs/research/baovinhlong_du_lich_urls_2025_2026.csv,46,research_corpus,"""2026"",""2026-03-03"",""Vĩnh Long; Trà Vinh"",""destination_event"",""medium"",""title_or_lead"",""Công bố quyết định đưa “Lễ hội Nguyên Tiêu ở Trà Cú” vào danh mục di sản văn hóa phi vật thể quốc gia"",""https://baovinhlong.com.vn/van-hoa-giai-tri/202603/cong-bo-quyet-dinh-dua-le-hoi-nguyen-tieu-o-tra-cu-vao-danh-muc-di-san-van-hoa-phi-vat-the-quoc-gia-ba52ad3/"",""Sáng ngày 3/3, tại Phước Thắng Cung (xã Đại An), Sở Văn hóa, Thể Thao và Du lịch (VH-TT-DL) tỉnh Vĩnh Long tổ chức Lễ công bố quyết định của Bộ tr"
https://baovinhlong.com.vn/xa-hoi/du-lich/202603/day-manh-hoat-dong-quang-ba-xuc-tien-du-lich-nam-2026-9ba3f28/,docs/research/baovinhlong_du_lich_urls_2025_2026.csv,47,research_corpus,"""2026"",""2026-03-01"",""Vĩnh Long"",""tourism_category"",""high"",""content"",""Đẩy mạnh hoạt động quảng bá, xúc tiến du lịch năm 2026"",""https://baovinhlong.com.vn/xa-hoi/du-lich/202603/day-manh-hoat-dong-quang-ba-xuc-tien-du-lich-nam-2026-9ba3f28/"",""Theo Sở Văn hóa-TT-DL, ước lượng khách và doanh thu từ du lịch tháng 2 đạt 535.697 lượt, tăng 12,5% so với cùng kỳ, trong đó khách quốc tế ước đạt 95.481 lượt, tăng 110,8% so với cùng kỳ. Tổng thu từ khách du lịch ước đạt trên 499 tỷ đồng, tăng 27,8% so với cù"
https://baovinhlong.com.vn/van-hoa-giai-tri/202602/khai-mac-tuan-le-van-hoa-the-thao-va-du-lich-xa-dai-an-f3a077d/,docs/research/baovinhlong_du_lich_urls_2025_2026.csv,48,research_corpus,"""2026"",""2026-02-26"",""Vĩnh Long; Trà Vinh"",""direct_title"",""high"",""title_or_lead"",""Khai mạc Tuần lễ Văn hóa, Thể thao và Du lịch xã Đại An"",""https://baovinhlong.com.vn/van-hoa-giai-tri/202602/khai-mac-tuan-le-van-hoa-the-thao-va-du-lich-xa-dai-an-f3a077d/"",""Tối 25/2, Sở Văn hóa, Thể thao và Du lịch tỉnh Vĩnh Long phối hợp UBND xã Đại An tổ chức khai mạc Tuần lễ Văn hóa, Thể thao và Du lịch xã Đại An năm 2026 gắn với các hoạt động Lễ công bố di sản văn hóa phi vật thể quốc gia Lễ hội Nguyên tiêu."""
https://baovinhlong.com.vn/van-hoa-giai-tri/202602/dai-an-san-sang-vao-mua-le-hoi-nguyen-tieu-91e0433/,docs/research/baovinhlong_du_lich_urls_2025_2026.csv,49,research_corpus,"""2026"",""2026-02-25"",""Trà Vinh"",""direct_lead"",""high"",""title_or_lead"",""Đại An sẵn sàng vào mùa Lễ hội Nguyên tiêu"",""https://baovinhlong.com.vn/van-hoa-giai-tri/202602/dai-an-san-sang-vao-mua-le-hoi-nguyen-tieu-91e0433/"",""Tuần lễ Văn hóa, Thể thao và Du lịch xã Đại An năm 2026 gắn công bố di sản văn hóa phi vật thể quốc gia “Lễ hội Nguyên tiêu” diễn ra từ ngày 25/2-3/3 (mùng 9-15 tháng Giêng)."""
https://baovinhlong.com.vn/van-hoa-giai-tri/202602/doc-dao-le-hoi-nguyen-tieu-fd103c9/,docs/research/baovinhlong_du_lich_urls_2025_2026.csv,50,research_corpus,"""2026"",""2026-02-25"",""Trà Vinh"",""destination_event"",""medium"",""title_or_lead"",""Độc đáo Lễ hội Nguyên tiêu"",""https://baovinhlong.com.vn/van-hoa-giai-tri/202602/doc-dao-le-hoi-nguyen-tieu-fd103c9/"",""Dưới ánh trăng rằm tháng Giêng tròn đầy, tại xã Đại An lại rộn ràng vào Lễ hội Nguyên tiêu. Đây là lễ hội văn hóa tâm linh đặc sắc đã tồn tại hơn một thế kỷ."""
https://baovinhlong.com.vn/thoi-su/202602/le-hoi-nguyen-tieu-gan-voi-tuan-le-van-hoa-the-thao-va-du-lich-xa-dai-an-dien-ra-tu-ngay-252-33-5ad0467/,docs/research/baovinhlong_du_lich_urls_2025_2026.csv,51,research_corpus,"""2026"",""2026-02-23"",""Trà Vinh"",""direct_title"",""high"",""title_or_lead"",""Lễ hội Nguyên tiêu gắn với Tuần lễ Văn hóa, Thể thao và Du lịch xã Đại An diễn ra từ ngày 25/2- 3/3"",""https://baovinhlong.com.vn/thoi-su/202602/le-hoi-nguyen-tieu-gan-voi-tuan-le-van-hoa-the-thao-va-du-lich-xa-dai-an-dien-ra-tu-ngay-252-33-5ad0467/"",""Chiều 23/2, đồng chí Dương Hoàng Sum- Tỉnh ủy viên, Giám đốc Sở Văn hóa, Thể thao và Du lịch, Trưởng Ban Tổ chức Lễ công bố di sản văn hóa phi vật thể quốc gia Lễ hội Nguyên tiêu "
https://baovinhlong.com.vn/xa-hoi/du-lich/202602/cac-khu-di-tich-don-tiep-gan-50000-luot-khachdip-tet-nguyen-dan-0c0071f/,docs/research/baovinhlong_du_lich_urls_2025_2026.csv,52,research_corpus,"""2026"",""2026-02-21"",""Vĩnh Long; Trà Vinh; Bến Tre"",""tourism_category"",""high"",""content"",""Các khu di tích đón gần 50.000 lượt khách dịp Tết Nguyên đán"",""https://baovinhlong.com.vn/xa-hoi/du-lich/202602/cac-khu-di-tich-don-tiep-gan-50000-luot-khachdip-tet-nguyen-dan-0c0071f/"",""Trong những ngày xuân Bính Ngọ 2026 (từ ngày 16 - 20/2, nhằm ngày 29 tháng Chạp đến ngày mùng 4 tháng Giêng), tại các Khu di tích của tỉnh đã đón tiếp gần 50.000 lượt du khách đến viếng."""
https://baovinhlong.com.vn/phong-su-anh/202602/thang-canh-ao-ba-om-thu-hut-khach-du-xuan-3db0b58/,docs/research/baovinhlong_du_lich_urls_2025_2026.csv,53,research_corpus,"""2026"",""2026-02-20"",""Vĩnh Long; Trà Vinh"",""direct_title"",""high"",""title_or_lead"",""Thắng cảnh Ao Bà Om thu hút khách du xuân"",""https://baovinhlong.com.vn/phong-su-anh/202602/thang-canh-ao-ba-om-thu-hut-khach-du-xuan-3db0b58/"",""Ao Bà Om nằm trong quần thể danh lam thắng cảnh và di tích lịch sử văn hóa quốc gia cùng với Bảo tàng Văn hóa Khmer và chùa Âng. Tọa lạc tại phường Nguyệt Hóa (tỉnh Vĩnh Long), Ao Bà Om được xem là “Đà Lạt” của đồng bằng bởi không khí trong lành, mát mẻ nhờ những tán cây cổ "
https://baovinhlong.com.vn/xa-hoi/du-lich/202602/tren-16000-luot-khach-den-khu-du-lich-bien-ba-dong-dip-tet-0620e93/,docs/research/baovinhlong_du_lich_urls_2025_2026.csv,54,research_corpus,"""2026"",""2026-02-20"",""Trà Vinh"",""tourism_category"",""high"",""title_or_lead"",""Trên 16.000 lượt khách đến Khu du lịch Biển Ba Động dịp Tết"",""https://baovinhlong.com.vn/xa-hoi/du-lich/202602/tren-16000-luot-khach-den-khu-du-lich-bien-ba-dong-dip-tet-0620e93/"",""Theo UBND phường Trường Long Hòa, trong những ngày Tết, tại Khu du lịch Biển Ba Động đón tiếp trên 16.000 lượt khách đến vui chơi, tính từ ngày 29 tháng Chạp đến mùng 4 tháng Giêng. Ước tăng 4.000 lượt so năm 2025, doanh thu từ dịch vụ du lịch h"
https://baovinhlong.com.vn/van-hoa-giai-tri/202602/sac-mau-ban-do-am-thuc-vinh-long-c4f07a9/,docs/research/baovinhlong_du_lich_urls_2025_2026.csv,55,research_corpus,"""2026"",""2026-02-19"",""Vĩnh Long"",""direct_lead"",""high"",""title_or_lead"",""Sắc màu “bản đồ ẩm thực” Vĩnh Long"",""https://baovinhlong.com.vn/van-hoa-giai-tri/202602/sac-mau-ban-do-am-thuc-vinh-long-c4f07a9/"",""Nằm ở vị trí trung tâm Tây Nam Bộ, Vĩnh Long hội tụ những giá trị đặc sắc trong văn hóa ẩm thực của vùng đồng bằng. Những sản phẩm độc đáo từ hàng trăm làng nghề gắn với văn hóa của cộng đồng dân cư, hòa cùng thiên nhiên, mùa vụ và tình nghĩa xóm làng tạo nên dấu ấn cho sản vật của vùng đất này. “"
https://baovinhlong.com.vn/xa-hoi/du-lich/202602/song-nuoc-miet-vuon-an-binh-giu-chan-du-khach-c180357/,docs/research/baovinhlong_du_lich_urls_2025_2026.csv,56,research_corpus,"""2026"",""2026-02-17"",""Vĩnh Long"",""tourism_category"",""high"",""title_or_lead"",""Sông nước miệt vườn An Bình giữ chân du khách"",""https://baovinhlong.com.vn/xa-hoi/du-lich/202602/song-nuoc-miet-vuon-an-binh-giu-chan-du-khach-c180357/"",""Cù lao An Bình nằm giữa sông Tiền và sông Cổ Chiên. Khí hậu nơi đây trong lành mát mẻ, đất đai được phù sa bồi đắp, cây trái xum xuê, cùng với hệ thống giao thông đường bộ, đường thủy thuận tiện. Đây là một trong những điểm dừng chân hấp dẫn ở Vĩnh Long, mang đến cho du "
https://baovinhlong.com.vn/xa-hoi/du-lich/202602/du-lich-tang-toc-buc-pha-voi-khong-gian-moi-3d90216/,docs/research/baovinhlong_du_lich_urls_2025_2026.csv,57,research_corpus,"""2026"",""2026-02-16"",""Vĩnh Long; Trà Vinh"",""tourism_category"",""high"",""title_or_lead"",""Du lịch tăng tốc bứt phá với không gian mới"",""https://baovinhlong.com.vn/xa-hoi/du-lich/202602/du-lich-tang-toc-buc-pha-voi-khong-gian-moi-3d90216/"",""Nằm ở trung tâm ĐBSCL, Vĩnh Long nổi bật là vùng đất hội tụ về văn hóa, ẩm thực và trải nghiệm du lịch cộng đồng. Ngành du lịch tỉnh đã nỗ lực đổi mới, sáng tạo, khai thác tiềm năng, thế mạnh để đưa du lịch thành ngành kinh tế mũi nhọn, đóng góp vào tăng trưởng bền"
https://baovinhlong.com.vn/nhip-song-dong-bang/202602/sac-xuan-cho-que-c374322/,docs/research/baovinhlong_du_lich_urls_2025_2026.csv,58,research_corpus,"""2026"",""2026-02-10"",""Trà Vinh"",""destination_event"",""medium"",""title_or_lead"",""Sắc xuân chợ quê"",""https://baovinhlong.com.vn/nhip-song-dong-bang/202602/sac-xuan-cho-que-c374322/"",""Cận Tết, Công viên Phạm Ngũ Lão (phường Trà Vinh) rộn ràng khi “Chợ quê ngày Tết” trở thành điểm hẹn du xuân của người dân. Không gian mái lá, bếp than, bánh dân gian đã tái hiện sinh hoạt làng quê Nam Bộ, mang đến sắc xuân ấm áp giữa lòng phố thị."""
https://baovinhlong.com.vn/nhip-song-dong-bang/202602/ngay-hoi-cho-noi-van-hoa-song-nuoc-nam-bo-4642f3e/,docs/research/baovinhlong_du_lich_urls_2025_2026.csv,59,research_corpus,"""2026"",""2026-02-09"",""Bến Tre"",""destination_event"",""medium"",""title_or_lead"",""Ngày hội “Chợ nổi - Văn hóa sông nước Nam Bộ”"",""https://baovinhlong.com.vn/nhip-song-dong-bang/202602/ngay-hoi-cho-noi-van-hoa-song-nuoc-nam-bo-4642f3e/"",""Chiều 9/2, Trường Tiểu học Bến Tre (phường An Hội) tổ chức Ngày hội trải nghiệm “Chợ nổi - Văn hóa sông nước Nam Bộ”. Hoạt động thiết thực chào mừng kỷ niệm ngày thành lập Đảng Cộng sản Việt Nam quang vinh và Xuân Bính Ngọ 2026. Đông đảo cán bộ, giáo viên, phụ huynh và"
https://baovinhlong.com.vn/phong-su-anh/202601/moi-den-hoi-cho-xuan-xem-livestream-ban-hang-trai-nghiem-goi-banh-tet-tra-cuon-194357b/,docs/research/baovinhlong_du_lich_urls_2025_2026.csv,60,research_corpus,"""2026"",""2026-01-30"",""Vĩnh Long"",""direct_lead"",""high"",""title_or_lead"",""Mời đến hội chợ Xuân xem livestream bán hàng, trải nghiệm gói bánh tét Trà Cuôn"",""https://baovinhlong.com.vn/phong-su-anh/202601/moi-den-hoi-cho-xuan-xem-livestream-ban-hang-trai-nghiem-goi-banh-tet-tra-cuon-194357b/"",""Hội chợ Xúc tiến thương mại, Du lịch – Mừng Đảng, mừng Xuân Bính Ngọ năm 2026 tại đường Võ Văn Kiệt (phường Long Châu, Vĩnh Long) là điểm đến hấp dẫn trong những ngày cận Tết, thu hút đông đảo người dân và du kh"
https://baovinhlong.com.vn/tieu-diem/202601/khu-du-lich-bien-ba-dong-san-sang-don-khach-6131e1a/,docs/research/baovinhlong_du_lich_urls_2025_2026.csv,61,research_corpus,"""2026"",""2026-01-25"",""Trà Vinh"",""direct_title"",""high"",""title_or_lead"",""Khu du lịch biển Ba Động sẵn sàng đón khách"",""https://baovinhlong.com.vn/tieu-diem/202601/khu-du-lich-bien-ba-dong-san-sang-don-khach-6131e1a/"",""Khu du lịch biển Ba Động đang sẵn sàng tiếp đón du khách đến trải nghiệm dịp trước, trong và sau Tết Bính Ngọ năm 2026."""
https://baovinhlong.com.vn/van-hoa-giai-tri/202601/to-chuc-dat-cay-uoc-nguyen-tai-lang-ong-4d140e2/,docs/research/baovinhlong_du_lich_urls_2025_2026.csv,62,research_corpus,"""2026"",""2026-01-20"",""Vĩnh Long"",""destination_event"",""medium"",""title_or_lead"",""Tổ chức đặt cây ước nguyện tại Lăng Ông"",""https://baovinhlong.com.vn/van-hoa-giai-tri/202601/to-chuc-dat-cay-uoc-nguyen-tai-lang-ong-4d140e2/"",""Nhân kỷ niệm 206 năm ngày mất Tiền quân Thống chế Điều bát Nguyễn Văn Tồn (1820-2026), Ban Quản lý Di tích Lăng Ông Tiền quân Thống chế Điều bát Nguyễn Văn Tồn (ấp Giồng Thanh Bạch, xã Trà Ôn) tổ chức hoạt động đặt cây ước nguyện tại khu di tích."""
https://baovinhlong.com.vn/nhip-song-dong-bang/202601/lang-nghe-cuc-mam-xoi-long-thoi-ron-rang-sac-xuan-97e5de6/,docs/research/baovinhlong_du_lich_urls_2025_2026.csv,63,research_corpus,"""2026"",""2026-01-11"",""Bến Tre"",""destination_event"",""medium"",""title_or_lead"",""Làng nghề cúc mâm xôi Long Thới rộn ràng sắc xuân"",""https://baovinhlong.com.vn/nhip-song-dong-bang/202601/lang-nghe-cuc-mam-xoi-long-thoi-ron-rang-sac-xuan-97e5de6/"",""Đến xứ xở hoa kiểng Chợ Lách, men theo con đường dẫn sâu vào trong làng nghề cúc mâm xôi Long Thới (nay thuộc xã Chợ Lách), chúng tôi cảm nhận như đi lạc giữa rừng hoa cúc mâm xôi mênh mông, trải dài tít tắp dưới nền trời xanh dịu dàng. Vào những ngày này, "
https://baovinhlong.com.vn/xa-hoi/du-lich/202601/du-lich-khoi-dong-nam-2026-voi-ket-qua-tich-cuc-52f005b/,docs/research/baovinhlong_du_lich_urls_2025_2026.csv,64,research_corpus,"""2026"",""2026-01-06"",""Vĩnh Long; Trà Vinh; Bến Tre"",""tourism_category"",""high"",""title_or_lead"",""Du lịch khởi động năm 2026 với kết quả tích cực"",""https://baovinhlong.com.vn/xa-hoi/du-lich/202601/du-lich-khoi-dong-nam-2026-voi-ket-qua-tich-cuc-52f005b/"",""Những ngày đầu năm 2026, kỳ nghỉ lễ Tết Dương lịch dài 4 ngày, các điểm du lịch (DL) nhộn nhịp đón khách trong và ngoài nước. Với nhiều hoạt động trải nghiệm hấp dẫn, bức tranh DL sôi động, an toàn và đón tín hiệu tích cực ngay từ đầu năm, từng bướ"
https://baovinhlong.com.vn/xa-hoi/du-lich/202601/nang-chat-san-pham-dich-vu-du-lich-tinh-79835d0/,docs/research/baovinhlong_du_lich_urls_2025_2026.csv,65,research_corpus,"""2026"",""2026-01-03"",""Vĩnh Long"",""tourism_category"",""high"",""title_or_lead"",""Nâng chất sản phẩm, dịch vụ du lịch tỉnh"",""https://baovinhlong.com.vn/xa-hoi/du-lich/202601/nang-chat-san-pham-dich-vu-du-lich-tinh-79835d0/"",""Ngày đầu năm mới 2026, Sở Văn hóa-TT-DL tổ chức chương trình quảng bá du lịch mừng Đảng, mừng Xuân Bính Ngọ. Cùng với lễ khai mạc không gian quảng bá du lịch, tỉnh chào đón đoàn khách quốc tế đầu tiên. Giữa không gian giao hòa của đất trời vào xuân, các hoạt động văn hóa- du lịch đ"
https://baovinhlong.com.vn/xa-hoi/du-lich/202601/quang-ba-du-lich-mung-dang-mung-xuan-binh-ngo-nam-2026-b1a1cde/,docs/research/baovinhlong_du_lich_urls_2025_2026.csv,66,research_corpus,"""2026"",""2026-01-01"",""Vĩnh Long; Bến Tre"",""tourism_category"",""high"",""content"",""Quảng bá du lịch mừng Đảng, mừng Xuân Bính Ngọ năm 2026"",""https://baovinhlong.com.vn/xa-hoi/du-lich/202601/quang-ba-du-lich-mung-dang-mung-xuan-binh-ngo-nam-2026-b1a1cde/"",""Dưới tiết trời dịu nhẹ của ngày đầu năm, khắp đường phố, ngõ hẻm rực rỡ cờ hoa, mang theo niềm hân hoan và kỳ vọng về một năm mới an lành, thịnh vượng."""
https://baovinhlong.com.vn/video/202512/vinh-long-phat-huy-loi-the-du-lich-gan-voi-lang-nghe-dea046f/,docs/research/baovinhlong_du_lich_urls_2025_2026.csv,67,research_corpus,"""2025"",""2025-12-31"",""Vĩnh Long"",""direct_title"",""high"",""title_or_lead"",""Vĩnh Long phát huy lợi thế du lịch gắn với làng nghề"",""https://baovinhlong.com.vn/video/202512/vinh-long-phat-huy-loi-the-du-lich-gan-voi-lang-nghe-dea046f/"",""Tỉnh Vĩnh Long nằm ở trung tâm vùng Đồng bằng sông Cửu Long, nơi giao thoa giữa những dòng sông hiền hòa, đất đai màu mỡ và con người hiếu khách. Không chỉ nổi tiếng với miệt vườn trù phú, Vĩnh Long còn là vùng đất lưu giữ nhiều làng nghề truyền thống mang giá trị văn h"
https://baovinhlong.com.vn/xa-hoi/du-lich/202512/ra-mat-mo-hinh-du-lich-cong-dong-nhi-hoa-97123f7/,docs/research/baovinhlong_du_lich_urls_2025_2026.csv,68,research_corpus,"""2025"",""2025-12-30"",""Vĩnh Long"",""tourism_category"",""high"",""title_or_lead"",""Ra mắt mô hình du lịch cộng đồng Nhị Hòa"",""https://baovinhlong.com.vn/xa-hoi/du-lich/202512/ra-mat-mo-hinh-du-lich-cong-dong-nhi-hoa-97123f7/"",""Sáng 30/12, Sở Văn hóa, Thể thao và Du lịch tỉnh Vĩnh Long phối hợp UBND xã Nhị Long, Viện Nghiên cứu phát triển kinh tế và du lịch tổ chức lễ công bố và đưa vào khai thác mô hình du lịch cộng đồng ấp Nhị Hòa, xã Nhị Long. ​​​​​​​"""
https://baovinhlong.com.vn/xa-hoi/du-lich/202512/xay-dung-moi-truong-du-lich-an-toan-chat-luong-4624559/,docs/research/baovinhlong_du_lich_urls_2025_2026.csv,69,research_corpus,"""2025"",""2025-12-25"",""Vĩnh Long"",""tourism_category"",""high"",""title_or_lead"",""Xây dựng môi trường du lịch an toàn, chất lượng"",""https://baovinhlong.com.vn/xa-hoi/du-lich/202512/xay-dung-moi-truong-du-lich-an-toan-chat-luong-4624559/"",""Nhằm tạo không khí vui tươi, phấn khởi chào đón năm mới 2026, đẩy mạnh công tác truyền thông, quảng bá hình ảnh đất và người Vĩnh Long, Sở Văn hóa-TT-DL tổ chức nhiều chương trình quảng bá du lịch (DL) mừng Đảng, mừng Xuân Bính Ngọ năm 2026 với chủ đề “DL Vĩnh Long hư"
https://baovinhlong.com.vn/xa-hoi/du-lich/202512/du-lich-thuc-day-bao-ton-va-phat-huy-gia-tri-lang-nghe-4634462/,docs/research/baovinhlong_du_lich_urls_2025_2026.csv,70,research_corpus,"""2025"",""2025-12-23"",""Vĩnh Long; Trà Vinh; Bến Tre"",""tourism_category"",""high"",""content"",""Du lịch thúc đẩy bảo tồn và phát huy giá trị làng nghề"",""https://baovinhlong.com.vn/xa-hoi/du-lich/202512/du-lich-thuc-day-bao-ton-va-phat-huy-gia-tri-lang-nghe-4634462/"",""Trong xu hướng phát triển du lịch (DL) bền vững hiện nay, DL làng nghề được xem là một trong những mục tiêu mà các quốc gia trên thế giới hướng đến. Tỉnh có nhiều làng nghề truyền thống, trong đó có những làng nghề tồn tại hàng trăm năm, ma"
https://baovinhlong.com.vn/phong-su-ky-su/202512/dua-sap-tro-thanh-nhip-cau-ket-noi-van-hoa-cong-dong-a104188/,docs/research/baovinhlong_du_lich_urls_2025_2026.csv,71,research_corpus,"""2025"",""2025-12-20"",""Trà Vinh"",""direct_lead"",""high"",""title_or_lead"",""Dừa sáp trở thành nhịp cầu kết nối văn hóa cộng đồng"",""https://baovinhlong.com.vn/phong-su-ky-su/202512/dua-sap-tro-thanh-nhip-cau-ket-noi-van-hoa-cong-dong-a104188/"",""Giữa vùng quê Tam Ngãi yên bình, nơi những hàng dừa nối nhau xanh rợp, Bảo tàng Dừa sáp Trà Vinh ra đời như một không gian văn hóa đặc biệt, lưu giữ câu chuyện hơn 100 năm của loại cây nổi tiếng tại vùng đất Cầu Kè. Không chỉ là nơi trưng bày hiện vật, bảo tàng c"
https://baovinhlong.com.vn/xa-hoi/202512/nang-cao-nghiep-vu-lam-du-lich-cong-dong-va-du-lich-duong-thuy-7672019/,docs/research/baovinhlong_du_lich_urls_2025_2026.csv,72,research_corpus,"""2025"",""2025-12-19"",""Vĩnh Long"",""direct_title"",""high"",""title_or_lead"",""Nâng cao nghiệp vụ làm du lịch cộng đồng và du lịch đường thủy"",""https://baovinhlong.com.vn/xa-hoi/202512/nang-cao-nghiep-vu-lam-du-lich-cong-dong-va-du-lich-duong-thuy-7672019/"",""Từ ngày 18-22/12, Sở Văn hóa, Thể thao và Du lịch tỉnh Vĩnh Long phối hợp với Sở Du lịch TP Hồ Chí Minh tổ chức lớp bồi dưỡng, nâng cao nghiệp vụ làm du lịch cộng đồng và nguồn nhân lực du lịch các điểm đến gắn với du lịch đường thủy."""
https://baovinhlong.com.vn/xa-hoi/du-lich/202512/ong-tran-ba-sanh-duoc-bau-lam-chu-tich-hiep-hoi-du-lich-tinh-vinh-long-nhiem-ky-20252030-2c7084b/,docs/research/baovinhlong_du_lich_urls_2025_2026.csv,73,research_corpus,"""2025"",""2025-12-18"",""Vĩnh Long; Bến Tre"",""tourism_category"",""high"",""title_or_lead"",""Ông Trần Bá Sanh được bầu làm Chủ tịch Hiệp hội Du lịch tỉnh Vĩnh Long nhiệm kỳ 2025–2030"",""https://baovinhlong.com.vn/xa-hoi/du-lich/202512/ong-tran-ba-sanh-duoc-bau-lam-chu-tich-hiep-hoi-du-lich-tinh-vinh-long-nhiem-ky-20252030-2c7084b/"",""Chiều 18/12, tại Khu du lịch Lan Vương (phường An Hội), Đại hội Hiệp hội Du lịch tỉnh Vĩnh Long lần thứ I, nhiệm kỳ 2025–2030 đã diễn ra và thành công tốt đẹp."""
https://baovinhlong.com.vn/xa-hoi/du-lich/202512/cong-nhan-bao-tang-dua-sap-tra-vinh-diem-du-lich-tieu-bieu-dbscl-52d0937/,docs/research/baovinhlong_du_lich_urls_2025_2026.csv,74,research_corpus,"""2025"",""2025-12-14"",""Vĩnh Long; Trà Vinh"",""tourism_category"",""high"",""title_or_lead"",""Công nhận Bảo tàng dừa sáp Trà Vinh- điểm du lịch tiêu biểu ĐBSCL"",""https://baovinhlong.com.vn/xa-hoi/du-lich/202512/cong-nhan-bao-tang-dua-sap-tra-vinh-diem-du-lich-tieu-bieu-dbscl-52d0937/"",""Chiều 13/12, tại xã Tam Ngãi, Sở Văn hóa, Thể thao và Du lịch công bố Quyết định của Hiệp hội Du lịch ĐBSCL công nhận Bảo tàng dừa sáp Trà Vinh- điểm du lịch tiêu biểu ĐBSCL. Bảo tàng do Công ty TNHH chế biến dừa sáp Cầu K"
https://baovinhlong.com.vn/van-hoa-giai-tri/202512/50-hoc-vien-du-tap-huan-bao-ton-phat-huy-gia-tri-nghe-thuat-mua-ro-bam-gan-voi-phat-trien-du-lich-f4b2c97/,docs/research/baovinhlong_du_lich_urls_2025_2026.csv,75,research_corpus,"""2025"",""2025-12-12"",""Vĩnh Long"",""direct_title"",""high"",""title_or_lead"",""50 học viên dự tập huấn bảo tồn, phát huy giá trị nghệ thuật múa Rô-băm gắn với phát triển du lịch"",""https://baovinhlong.com.vn/van-hoa-giai-tri/202512/50-hoc-vien-du-tap-huan-bao-ton-phat-huy-gia-tri-nghe-thuat-mua-ro-bam-gan-voi-phat-trien-du-lich-f4b2c97/"",""Từ ngày 11-15/12, tại xã Châu Thành, Trường Cán bộ quản lý Văn hóa, Thể thao và Du lịch (Bộ Văn hóa, Thể thao và Du lịch) phối hợp UBND xã Châu Thành tổ chức lớp tập hu"
https://baovinhlong.com.vn/xa-hoi/du-lich/202512/khao-sat-phat-trien-du-lich-lang-nghe-va-du-lich-nong-nghiep-tai-vinh-long-8de34c4/,docs/research/baovinhlong_du_lich_urls_2025_2026.csv,76,research_corpus,"""2025"",""2025-12-10"",""Vĩnh Long; Bến Tre"",""tourism_category"",""high"",""title_or_lead"",""Khảo sát phát triển du lịch làng nghề và du lịch nông nghiệp tại Vĩnh Long"",""https://baovinhlong.com.vn/xa-hoi/du-lich/202512/khao-sat-phat-trien-du-lich-lang-nghe-va-du-lich-nong-nghiep-tai-vinh-long-8de34c4/"",""Ngày 10/12, đoàn famtrip của Cục Du lịch Quốc gia Việt Nam tổ chức chương trình khảo sát phát triển du lịch làng nghề và du lịch nông nghiệp, nông thôn tại Vĩnh Long."""
https://baovinhlong.com.vn/xa-hoi/du-lich/202512/them-co-hoi-cho-nganh-du-lich-tinh-vuon-minh-3130a8c/,docs/research/baovinhlong_du_lich_urls_2025_2026.csv,77,research_corpus,"""2025"",""2025-12-05"",""Vĩnh Long; Trà Vinh"",""tourism_category"",""high"",""title_or_lead"",""Thêm cơ hội cho ngành du lịch tỉnh vươn mình"",""https://baovinhlong.com.vn/xa-hoi/du-lich/202512/them-co-hoi-cho-nganh-du-lich-tinh-vuon-minh-3130a8c/"",""Dự án xây dựng Bến thủy nội địa Dân Thành (phường Duyên Hải) vừa được khởi công. Đây được xem sự kiện quan trọng được chính quyền địa phương và các doanh nghiệp du lịch trong và ngoài tỉnh phấn khởi đón nhận."""
https://baovinhlong.com.vn/phong-su-anh/202512/tram-am-duong-gom-do-ve-dem-1345515/,docs/research/baovinhlong_du_lich_urls_2025_2026.csv,78,research_corpus,"""2025"",""2025-12-01"",""Vĩnh Long"",""destination_event"",""medium"",""title_or_lead"",""Trầm ấm đường gốm đỏ về đêm"",""https://baovinhlong.com.vn/phong-su-anh/202512/tram-am-duong-gom-do-ve-dem-1345515/"",""Khi đô thị đã chìm vào khoảng lặng, con đường gốm đỏ dài hàng trăm mét lại bừng lên vẻ đẹp rất riêng- lặng lẽ, trầm ấm, mà đầy mê hoặc. Ánh sáng đèn hắt lên, rọi rõ từng chi tiết những sản phẩm đang hiện diện, làm đỏ cả không gian, như thể đất mẹ được thắp lên những câu chuyện của mình."""
https://baovinhlong.com.vn/xa-hoi/du-lich/202511/dua-du-lich-tinh-vuon-tam-dde44c2/,docs/research/baovinhlong_du_lich_urls_2025_2026.csv,79,research_corpus,"""2025"",""2025-11-29"",""Vĩnh Long; Trà Vinh"",""tourism_category"",""high"",""content"",""Đưa du lịch tỉnh vươn tầm"",""https://baovinhlong.com.vn/xa-hoi/du-lich/202511/dua-du-lich-tinh-vuon-tam-dde44c2/"",""Những năm gần đây, ngành văn hóa- thể thao và du lịch (DL) tỉnh có nhiều nỗ lực quảng bá, giới thiệu DL địa phương thông qua việc tham gia các hoạt động xúc tiến, quảng bá DL ra thế giới. Những nỗ lực ấy không chỉ góp phần đưa DL tỉnh vươn tầm quốc tế, mà còn tạo động lực mạnh mẽ cho phát triển kinh tế- xã"
https://baovinhlong.com.vn/xa-hoi/du-lich/202511/tren-30-doanh-nghiep-lu-hanh-quoc-te-khao-sat-diem-du-lich-tieu-bieu-tai-vinh-long-a1a3dcc/,docs/research/baovinhlong_du_lich_urls_2025_2026.csv,80,research_corpus,"""2025"",""2025-11-26"",""Vĩnh Long"",""tourism_category"",""high"",""title_or_lead"",""Trên 30 doanh nghiệp lữ hành quốc tế khảo sát điểm du lịch tiêu biểu tại Vĩnh Long"",""https://baovinhlong.com.vn/xa-hoi/du-lich/202511/tren-30-doanh-nghiep-lu-hanh-quoc-te-khao-sat-diem-du-lich-tieu-bieu-tai-vinh-long-a1a3dcc/"",""Ngày 26-27/11, Sở Văn hóa, Thể thao và Du lịch Vĩnh Long phối hợp với Hiệp hội Du lịch ĐBSCL tổ chức đoàn Famtrip quốc tế khảo sát các điểm du lịch tiêu biểu trên địa bàn tỉnh."""
https://baovinhlong.com.vn/van-hoa-giai-tri/202511/vinh-long-tham-gia-tuan-dai-doan-ket-cac-dan-toc-di-sanvan-hoa-viet-nam-nam-2025-14e25a6/,docs/research/baovinhlong_du_lich_urls_2025_2026.csv,81,research_corpus,"""2025"",""2025-11-24"",""Vĩnh Long"",""direct_lead"",""high"",""title_or_lead"",""Vĩnh Long tham gia Tuần “Đại đoàn kết các dân tộc - Di sản Văn hóa Việt Nam” năm 2025"",""https://baovinhlong.com.vn/van-hoa-giai-tri/202511/vinh-long-tham-gia-tuan-dai-doan-ket-cac-dan-toc-di-sanvan-hoa-viet-nam-nam-2025-14e25a6/"",""Trong các ngày từ 21-24/11, tại Làng Văn hóa - Du lịch các dân tộc Việt Nam, Bộ Văn hóa, Thể thao và Du lịch tổ chức Tuần “Đại đoàn kết các dân tộc - Di sản Văn hóa Việt Nam” năm 2025."""
https://baovinhlong.com.vn/xa-hoi/du-lich/202511/day-manh-lien-ket-trong-phat-trien-du-lich-f2c40b6/,docs/research/baovinhlong_du_lich_urls_2025_2026.csv,82,research_corpus,"""2025"",""2025-11-21"",""Vĩnh Long; Trà Vinh; Bến Tre"",""tourism_category"",""high"",""content"",""Đẩy mạnh liên kết trong phát triển du lịch"",""https://baovinhlong.com.vn/xa-hoi/du-lich/202511/day-manh-lien-ket-trong-phat-trien-du-lich-f2c40b6/"",""Với tiềm năng du lịch rộng lớn của tỉnh, việc liên kết du lịch giữa các tỉnh, thành đang mở ra nhiều cơ hội mới nhằm tăng cường liên kết vùng, khai thác hiệu quả tiềm năng du lịch và xây dựng các sản phẩm đặc trưng liên tỉnh."""
https://baovinhlong.com.vn/xa-hoi/du-lich/202511/phat-trien-ket-cau-ha-tang-co-so-vat-chat-phat-trien-du-lich-e3116f5/,docs/research/baovinhlong_du_lich_urls_2025_2026.csv,83,research_corpus,"""2025"",""2025-11-20"",""Vĩnh Long; Bến Tre"",""tourism_category"",""high"",""content"",""Phát triển kết cấu hạ tầng, cơ sở vật chất phát triển du lịch"",""https://baovinhlong.com.vn/xa-hoi/du-lich/202511/phat-trien-ket-cau-ha-tang-co-so-vat-chat-phat-trien-du-lich-e3116f5/"",""Theo Sở Văn hóa-TT-DL, hiện tại sở đã phối hợp Sở Tài chính rà soát danh mục dự án thu hút, mời gọi đầu tư của tỉnh. Dự kiến có 15 dự án lĩnh vực văn hóa- du lịch và 4 dự án liên quan du lịch; với tổng quy mô 11.794,16ha, ước vốn đầu tư "
https://baovinhlong.com.vn/xa-hoi/du-lich/202511/ky-ket-hop-tac-phat-trien-du-lich-voi-dong-nai-dong-thap-va-tp-can-tho-8b83047/,docs/research/baovinhlong_du_lich_urls_2025_2026.csv,84,research_corpus,"""2025"",""2025-11-19"",""Vĩnh Long"",""tourism_category"",""high"",""title_or_lead"",""Ký kết hợp tác phát triển du lịch với Đồng Nai, Đồng Tháp và TP Cần Thơ"",""https://baovinhlong.com.vn/xa-hoi/du-lich/202511/ky-ket-hop-tac-phat-trien-du-lich-voi-dong-nai-dong-thap-va-tp-can-tho-8b83047/"",""Ngày 19/11, tại tỉnh Đồng Nai, Sở Văn hóa, Thể thao và Du lịch Đồng Nai tổ chức chương trình ký kết hợp tác phát triển du lịch với Sở Văn hóa-TT-DL các tỉnh Đồng Tháp, Vĩnh Long và TP Cần Thơ, giai đoạn 2025 - 2030."""
https://baovinhlong.com.vn/xa-hoi/du-lich/202511/phat-trien-du-lich-xanh-ben-vung-trong-boi-canh-moi-6ff13aa/,docs/research/baovinhlong_du_lich_urls_2025_2026.csv,85,research_corpus,"""2025"",""2025-11-08"",""Vĩnh Long; Bến Tre"",""tourism_category"",""high"",""content"",""Phát triển du lịch xanh, bền vững trong bối cảnh mới"",""https://baovinhlong.com.vn/xa-hoi/du-lich/202511/phat-trien-du-lich-xanh-ben-vung-trong-boi-canh-moi-6ff13aa/"",""“Cơ cấu lại ngành du lịch đáp ứng yêu cầu phát triển thành ngành kinh tế mũi nhọn”, tỉnh đã chủ động ban hành nhiều nghị quyết, kế hoạch, chương trình hành động nhằm triển khai hiệu quả từng nhiệm vụ. Các doanh nghiệp và địa phương xác định rõ định hướng "
https://baovinhlong.com.vn/phong-su-anh/202511/dac-sac-dem-hoi-ok-om-bok-4aa14cb/,docs/research/baovinhlong_du_lich_urls_2025_2026.csv,86,research_corpus,"""2025"",""2025-11-06"",""Vĩnh Long; Trà Vinh"",""destination_event"",""medium"",""title_or_lead"",""Đặc sắc đêm hội Ok Om Bok"",""https://baovinhlong.com.vn/phong-su-anh/202511/dac-sac-dem-hoi-ok-om-bok-4aa14cb/"",""Đêm 5/11, Lễ hội Ok Om Bok (Lễ cúng trăng), Di sản văn hóa phi vật thể quốc gia của đồng bào Khmer tỉnh Vĩnh Long năm 2025 được tổ chức tại Khu di tích danh lam thắng cảnh quốc gia Ao Bà Om (phường Nguyệt Hóa)."""
https://baovinhlong.com.vn/van-hoa-giai-tri/202511/ngan-vang-lan-dieu-am-nhac-dan-toc-khmer-f330f03/,docs/research/baovinhlong_du_lich_urls_2025_2026.csv,87,research_corpus,"""2025"",""2025-11-06"",""Trà Vinh"",""direct_lead"",""high"",""title_or_lead"",""Ngân vang làn điệu âm nhạc dân tộc Khmer"",""https://baovinhlong.com.vn/van-hoa-giai-tri/202511/ngan-vang-lan-dieu-am-nhac-dan-toc-khmer-f330f03/"",""Hòa chung không khí rộn ràng của Tuần lễ Văn hóa, Thể thao và Du lịch chào mừng lễ hội Ok Om Bok năm 2025, từ 31/10-3/11, tại sân khấu cạnh Khu danh thắng ao Bà Om đã ngân vang những âm điệu từ những tiếng đàn, tiếng trống, tiếng kèn… Đó là không khí của những “bữa tiệc” âm nhạc từ Hộ"
https://baovinhlong.com.vn/xa-hoi/du-lich/202511/doan-cong-tac-cuc-du-lich-quoc-gia-ve-phat-trien-du-lich-lam-viec-tai-tinh-5e60425/,docs/research/baovinhlong_du_lich_urls_2025_2026.csv,88,research_corpus,"""2025"",""2025-11-05"",""Vĩnh Long; Trà Vinh; Bến Tre"",""tourism_category"",""high"",""title_or_lead"",""Đoàn công tác Cục Du lịch quốc gia về phát triển du lịch làm việc tại tỉnh"",""https://baovinhlong.com.vn/xa-hoi/du-lich/202511/doan-cong-tac-cuc-du-lich-quoc-gia-ve-phat-trien-du-lich-lam-viec-tai-tinh-5e60425/"",""Từ ngày 3-5/11, đoàn công tác Cục Du lịch quốc gia Việt Nam (Bộ Văn hóa, Thể thao và Du lịch) do Phó Cục trưởng- Phan Linh Chi làm trưởng đoàn đã làm việc với Sở Văn hóa, Thể thao và Du lịch tỉn"
https://baovinhlong.com.vn/van-hoa-giai-tri/202511/ron-rang-dem-hoi-ok-om-bok-tinh-vinh-long-2025-78e07a6/,docs/research/baovinhlong_du_lich_urls_2025_2026.csv,89,research_corpus,"""2025"",""2025-11-05"",""Vĩnh Long; Trà Vinh"",""destination_event"",""medium"",""title_or_lead"",""Rộn ràng đêm hội Ok Om Bok tỉnh Vĩnh Long 2025"",""https://baovinhlong.com.vn/van-hoa-giai-tri/202511/ron-rang-dem-hoi-ok-om-bok-tinh-vinh-long-2025-78e07a6/"",""Tối 5/11, tại sân khấu chính Khu di tích danh lam thắng cảnh quốc gia Ao Bà Om (phường Nguyệt Hóa), UBND tỉnh Vĩnh Long tổ chức Lễ hội Ok Om Bok năm 2025."""
https://baovinhlong.com.vn/xa-hoi/du-lich/202511/khao-sat-tham-dinh-2-diem-du-lich-tieu-bieu-dong-bang-song-cuu-long-tai-tinh-ae603ef/,docs/research/baovinhlong_du_lich_urls_2025_2026.csv,90,research_corpus,"""2025"",""2025-11-03"",""Vĩnh Long; Trà Vinh"",""tourism_category"",""high"",""title_or_lead"",""Khảo sát, thẩm định 2 điểm du lịch tiêu biểu Đồng bằng sông Cửu Long tại tỉnh"",""https://baovinhlong.com.vn/xa-hoi/du-lich/202511/khao-sat-tham-dinh-2-diem-du-lich-tieu-bieu-dong-bang-song-cuu-long-tai-tinh-ae603ef/"",""Đoàn khảo sát “Điểm du lịch tiêu biểu ĐBSCL” do ông Trần Việt Phường- Chủ tịch Hiệp hội Du lịch ĐBSCL làm trưởng đoàn vừa đến Bảo tàng Dừa sáp Trà Vinh và điểm du lịch Somo Farm Cửu Long để khảo sát"
https://baovinhlong.com.vn/van-hoa-giai-tri/202511/12-doan-tham-gia-hoi-thi-trinh-dien-nhac-cu-chao-mung-le-hoi-ok-om-bok-9260beb/,docs/research/baovinhlong_du_lich_urls_2025_2026.csv,91,research_corpus,"""2025"",""2025-11-01"",""Vĩnh Long; Trà Vinh"",""direct_lead"",""high"",""title_or_lead"",""12 đoàn tham gia Hội thi trình diễn nhạc cụ chào mừng Lễ hội Ok Om Bok"",""https://baovinhlong.com.vn/van-hoa-giai-tri/202511/12-doan-tham-gia-hoi-thi-trinh-dien-nhac-cu-chao-mung-le-hoi-ok-om-bok-9260beb/"",""Tiếp theo chuỗi các hoạt động trong Tuần lễ Văn hóa, Thể thao và Du lịch chào mừng Lễ hội Ok Om Bok tỉnh Vĩnh Long năm 2025, đêm 31/10, tại sân khấu danh thắng Ao Bà Om (phường Nguyệt Hóa), diễn ra lễ khai mạc Hội "
https://baovinhlong.com.vn/nhip-song-dong-bang/202511/trai-nghiem-miet-vuon-song-nuoc-o-cu-lao-an-binh-34a03cf/,docs/research/baovinhlong_du_lich_urls_2025_2026.csv,92,research_corpus,"""2025"",""2025-11-01"",""Vĩnh Long"",""direct_lead"",""high"",""title_or_lead"",""Trải nghiệm miệt vườn sông nước ở cù lao An Bình"",""https://baovinhlong.com.vn/nhip-song-dong-bang/202511/trai-nghiem-miet-vuon-song-nuoc-o-cu-lao-an-binh-34a03cf/"",""Cù lao An Bình nằm giữa sông Tiền và sông Cổ Chiên; khí hậu trong lành mát mẻ, đất đai được phù sa bồi đắp, cây trái sum suê; cùng với hệ thống giao thông đường thủy thuận tiện. Đây là một điểm du lịch hấp dẫn ở Vĩnh Long, mang đến cho du khách những trải nghiệm kh"
https://baovinhlong.com.vn/phong-su-anh/202510/dac-sac-chuong-trinh-nghe-thuat-chao-mung-le-hoi-ok-om-bok-afc0c63/,docs/research/baovinhlong_du_lich_urls_2025_2026.csv,93,research_corpus,"""2025"",""2025-10-31"",""Vĩnh Long; Trà Vinh"",""direct_lead"",""high"",""title_or_lead"",""Đặc sắc chương trình nghệ thuật chào mừng Lễ hội Ok Om Bok"",""https://baovinhlong.com.vn/phong-su-anh/202510/dac-sac-chuong-trinh-nghe-thuat-chao-mung-le-hoi-ok-om-bok-afc0c63/"",""Đêm 30/10, tại Công viên Phạm Ngũ Lão (phường Trà Vinh) trong khuôn khổ lễ khai mạc Tuần lễ Văn hóa, Thể thao và Du lịch chào mừng Lễ hội Ok Om Bok tỉnh Vĩnh Long năm 2025 đã diễn ra chương trình nghệ thuật khá đặc sắc."""
https://baovinhlong.com.vn/van-hoa-giai-tri/202510/khai-mac-chuoi-hoat-dong-tai-tuan-le-van-hoa-the-thao-va-du-lich-3d53b74/,docs/research/baovinhlong_du_lich_urls_2025_2026.csv,94,research_corpus,"""2025"",""2025-10-30"",""Trà Vinh"",""direct_title"",""high"",""title_or_lead"",""Khai mạc chuỗi hoạt động tại Tuần lễ Văn hóa, Thể thao và Du lịch"",""https://baovinhlong.com.vn/van-hoa-giai-tri/202510/khai-mac-chuoi-hoat-dong-tai-tuan-le-van-hoa-the-thao-va-du-lich-3d53b74/"",""Chiều tối 30/10 diễn ra khai mạc các hoạt động: Hội chợ Xúc tiến Thương mại - Sản phẩm công nghiệp nông thôn và OCOP, tại Quảng trường phường Nguyệt Hóa; Không gian triển lãm du lịch và ẩm thực Nam Bộ tại Trung tâm Huấn luyện và Thi đấ"
https://baovinhlong.com.vn/thoi-su/202510/vinh-long-khai-mac-tuan-le-van-hoa-the-thao-va-du-lich-chao-mung-le-hoi-ok-om-bok-88b42e3/,docs/research/baovinhlong_du_lich_urls_2025_2026.csv,95,research_corpus,"""2025"",""2025-10-30"",""Vĩnh Long; Trà Vinh"",""direct_title"",""high"",""title_or_lead"",""Vĩnh Long khai mạc Tuần lễ Văn hóa, Thể thao và Du lịch chào mừng Lễ hội Ok Om Bok"",""https://baovinhlong.com.vn/thoi-su/202510/vinh-long-khai-mac-tuan-le-van-hoa-the-thao-va-du-lich-chao-mung-le-hoi-ok-om-bok-88b42e3/"",""Tối 30/10, tại Công viên Phạm Ngũ Lão (phường Trà Vinh), UBND tỉnh Vĩnh Long tổ chức lễ khai mạc Tuần lễ Văn hóa, Thể thao và Du lịch chào mừng Lễ hội Ok Om Bok tỉnh Vĩnh Long năm 2025 (Tuần lễ) với "
https://baovinhlong.com.vn/xa-hoi/du-lich/202510/cai-thien-chat-luong-nguon-nhan-luc-du-lich-0c33912/,docs/research/baovinhlong_du_lich_urls_2025_2026.csv,96,research_corpus,"""2025"",""2025-10-29"",""Vĩnh Long"",""tourism_category"",""high"",""content"",""Cải thiện chất lượng nguồn nhân lực du lịch"",""https://baovinhlong.com.vn/xa-hoi/du-lich/202510/cai-thien-chat-luong-nguon-nhan-luc-du-lich-0c33912/"",""Với sự cạnh tranh gay gắt của các điểm đến du lịch (DL) nhằm thu hút, đáp ứng nhu cầu thị hiếu của du khách, mỗi địa phương cần có hướng đi mới. Điều này phụ thuộc rất nhiều vào việc thu hút, đào tạo phát triển nguồn nhân lực được xem là một trong những giải pháp quan trọng trong "
https://baovinhlong.com.vn/nhip-song-dong-bang/202510/le-hoi-ok-om-bok-giu-gin-va-lan-toa-gia-tri-van-hoa-khmer-dd830aa/,docs/research/baovinhlong_du_lich_urls_2025_2026.csv,97,research_corpus,"""2025"",""2025-10-29"",""Vĩnh Long"",""destination_event"",""medium"",""title_or_lead"",""Lễ hội Ok Om Bok: Giữ gìn và lan tỏa giá trị văn hóa Khmer"",""https://baovinhlong.com.vn/nhip-song-dong-bang/202510/le-hoi-ok-om-bok-giu-gin-va-lan-toa-gia-tri-van-hoa-khmer-dd830aa/"",""Trong không khí rộn ràng của ngày rằm tháng Kađấc (tháng 10 âm lịch Khmer), đồng bào Khmer tỉnh Vĩnh Long rộn ràng đón Lễ hội Ok Om Bok. Đây không chỉ là dịp để đồng bào Khmer bày tỏ lòng biết ơn thần Mặt Trăng, cầu cho mùa màng bội thu, "
https://baovinhlong.com.vn/chinh-tri/202510/phat-trien-van-hoa-gan-voi-du-lich-xanh-huong-den-phat-trien-ben-vung-trong-giai-doan-toi-37a24b3/,docs/research/baovinhlong_du_lich_urls_2025_2026.csv,98,research_corpus,"""2025"",""2025-10-29"",""Vĩnh Long"",""direct_title"",""high"",""title_or_lead"",""Phát triển văn hóa gắn với du lịch xanh hướng đến phát triển bền vững trong giai đoạn tới"",""https://baovinhlong.com.vn/chinh-tri/202510/phat-trien-van-hoa-gan-voi-du-lich-xanh-huong-den-phat-trien-ben-vung-trong-giai-doan-toi-37a24b3/"",""Ngày 29/10, trong phiên thảo luận ở hội trường về đánh giá kết quả thực hiện kế hoạch phát triển kinh tế- xã hội năm 2025; dự kiến kế hoạch phát triển kinh tế- xã hội năm 2026, đại biểu Nguyễn"
https://baovinhlong.com.vn/multimedia/202510/doc-dao-sac-mau-le-hoi-kathina-o-vinh-long-0b12ba1/,docs/research/baovinhlong_du_lich_urls_2025_2026.csv,99,research_corpus,"""2025"",""2025-10-28"",""Vĩnh Long"",""destination_event"",""medium"",""title_or_lead"",""Độc đáo sắc màu Lễ hội Kathina ở Vĩnh Long"",""https://baovinhlong.com.vn/multimedia/202510/doc-dao-sac-mau-le-hoi-kathina-o-vinh-long-0b12ba1/"",""Trong tiết thu tháng Mười, khi những cánh đồng lúa vừa ngả vàng, đồng bào Khmer ở Vĩnh Long lại rộn ràng trong không khí tưng bừng của Lễ Dâng Y Kathina – một trong những lễ hội truyền thống mang đậm bản sắc của đồng bào Khmer."""
https://baovinhlong.com.vn/thoi-su/202510/kiem-tra-cong-tac-chuan-bi-tuan-le-van-hoa-the-thao-va-du-lich-chao-mung-le-hoi-ok-om-bok-nam-2025-31e32d9/,docs/research/baovinhlong_du_lich_urls_2025_2026.csv,100,research_corpus,"""2025"",""2025-10-27"",""Vĩnh Long"",""direct_title"",""high"",""title_or_lead"",""Kiểm tra công tác chuẩn bị Tuần lễ Văn hóa, Thể thao và Du lịch chào mừng Lễ hội Ok Om Bok năm 2025"",""https://baovinhlong.com.vn/thoi-su/202510/kiem-tra-cong-tac-chuan-bi-tuan-le-van-hoa-the-thao-va-du-lich-chao-mung-le-hoi-ok-om-bok-nam-2025-31e32d9/"",""Chiều 27/10, đồng chí Kim Ngọc Thái- Phó Bí thư Tỉnh ủy Vĩnh Long tổ chức đoàn đến kiểm tra thực tế các điểm sẽ diễn ra các hoạt động trong khuôn khổ Tuần lễ Văn hóa, Thể thao"
https://baovinhlong.com.vn/xa-hoi/202510/kien-tao-khong-gian-dac-trung-lang-van-hoa-du-lich-cho-lach-33703b3/,docs/research/baovinhlong_du_lich_urls_2025_2026.csv,101,research_corpus,"""2025"",""2025-10-26"",""Bến Tre"",""direct_title"",""high"",""title_or_lead"",""Kiến tạo không gian đặc trưng Làng văn hóa du lịch Chợ Lách"",""https://baovinhlong.com.vn/xa-hoi/202510/kien-tao-khong-gian-dac-trung-lang-van-hoa-du-lich-cho-lach-33703b3/"",""Tận dụng những lợi thế sẵn có, không gian Làng văn hóa du lịch Chợ Lách được xây dựng nhằm đưa nơi đây trở thành một trong những sản phẩm du lịch đặc thù, trung tâm du lịch mang tầm quốc gia."""
https://baovinhlong.com.vn/tin-moi/202510/infographic-cac-hoat-dong-chao-mung-le-hoi-ok-om-bok-nam-2025-tai-tinh-vinh-long-77d07db/,docs/research/baovinhlong_du_lich_urls_2025_2026.csv,102,research_corpus,"""2025"",""2025-10-23"",""Vĩnh Long"",""direct_lead"",""high"",""title_or_lead"",""[Infographic] Các hoạt động chào mừng Lễ hội Ok Om Bok năm 2025 tại tỉnh Vĩnh Long"",""https://baovinhlong.com.vn/tin-moi/202510/infographic-cac-hoat-dong-chao-mung-le-hoi-ok-om-bok-nam-2025-tai-tinh-vinh-long-77d07db/"",""Từ ngày 30/10 đến 5/11/2025, UBND tỉnh Vĩnh Long sẽ tổ chức Tuần lễ Văn hoá, Thể thao và Du lịch chào mừng Lễ hội Ok Om Bok năm 2025."""
https://baovinhlong.com.vn/van-hoa-giai-tri/202510/trien-lam-trung-bay-cac-san-pham-cua-dong-bao-dan-toc-khmer-0ae4819/,docs/research/baovinhlong_du_lich_urls_2025_2026.csv,103,research_corpus,"""2025"",""2025-10-20"",""Trà Vinh"",""direct_lead"",""high"",""title_or_lead"",""Triển lãm, trưng bày các sản phẩm của đồng bào dân tộc Khmer"",""https://baovinhlong.com.vn/van-hoa-giai-tri/202510/trien-lam-trung-bay-cac-san-pham-cua-dong-bao-dan-toc-khmer-0ae4819/"",""Theo Sở Văn hóa-TT-DL, hoạt động triển lãm gian hàng trưng bày các sản phẩm đặc trưng của đồng bào dân tộc Khmer nằm trong chuỗi sự kiện của Tuần lễ Văn hóa-thể thao- du lịch chào mừng Lễ hội Ok Om Bok năm 2025, dự kiến khai mạc lúc 14 giờ ngày 3"
https://baovinhlong.com.vn/xa-hoi/du-lich/202510/don-gan-7-trieu-luot-du-khach-trong-9-thang-5c73188/,docs/research/baovinhlong_du_lich_urls_2025_2026.csv,104,research_corpus,"""2025"",""2025-10-14"",""Vĩnh Long"",""tourism_category"",""high"",""content"",""Đón gần 7 triệu lượt du khách trong 9 tháng"",""https://baovinhlong.com.vn/xa-hoi/du-lich/202510/don-gan-7-trieu-luot-du-khach-trong-9-thang-5c73188/"",""Theo UBND tỉnh, ước 9 tháng năm 2025, tỉnh đón 6.973.991 lượt khách, trong đó khách quốc tế đạt 915.895 lượt, tổng doanh thu 5.846 tỷ đồng."""
https://baovinhlong.com.vn/video/202510/lang-nghe-mat-xich-quan-trong-phat-trien-du-lich-duong-song-tinh-vinh-long-9500d8a/,docs/research/baovinhlong_du_lich_urls_2025_2026.csv,105,research_corpus,"""2025"",""2025-10-14"",""Vĩnh Long"",""direct_title"",""high"",""title_or_lead"",""Làng nghề - mắt xích quan trọng phát triển du lịch đường sông tỉnh Vĩnh Long"",""https://baovinhlong.com.vn/video/202510/lang-nghe-mat-xich-quan-trong-phat-trien-du-lich-duong-song-tinh-vinh-long-9500d8a/"",""Sau hợp nhất, tỉnh Vĩnh Long trở thành vùng đất hội tụ, cộng hưởng phong phú các giá trị văn hóa – lịch sử đặc sắc, nhất là hệ thống làng nghề truyền thống. Không chỉ góp phần tạo sinh kế cho cộng đồng dân cư, các làng nghề "
https://baovinhlong.com.vn/kinh-te/202510/cho-lach-tap-trung-phat-trien-cac-lang-nghe-truyen-thong-gan-voi-du-lich-dec2d84/,docs/research/baovinhlong_du_lich_urls_2025_2026.csv,106,research_corpus,"""2025"",""2025-10-10"",""Bến Tre"",""direct_title"",""high"",""title_or_lead"",""Chợ Lách tập trung phát triển các làng nghề truyền thống gắn với du lịch"",""https://baovinhlong.com.vn/kinh-te/202510/cho-lach-tap-trung-phat-trien-cac-lang-nghe-truyen-thong-gan-voi-du-lich-dec2d84/"",""Ngày 10/10, Phó Bí thư Tỉnh ủy, Chủ tịch UBND tỉnh- Lữ Quang Ngời cùng đoàn công tác đến làm việc với Đảng ủy, UBND xã Chợ Lách về tình hình hoạt động, khảo sát các mô hình kinh tế địa phương. ​​​​​​​"""
https://baovinhlong.com.vn/kinh-te/202510/kien-tao-khong-gian-moi-khai-mo-tiem-nang-phat-trien-ky-3huong-den-do-thi-da-cuc-du-lich-tro-thanh-nganh-kinh-te-mui-nhon-0120585/,docs/research/baovinhlong_du_lich_urls_2025_2026.csv,107,research_corpus,"""2025"",""2025-10-10"",""Vĩnh Long"",""direct_title"",""high"",""title_or_lead"",""Kỳ 3: Hướng đến “đô thị đa cực”, du lịch trở thành ngành kinh tế mũi nhọn"",""https://baovinhlong.com.vn/kinh-te/202510/kien-tao-khong-gian-moi-khai-mo-tiem-nang-phat-trien-ky-3huong-den-do-thi-da-cuc-du-lich-tro-thanh-nganh-kinh-te-mui-nhon-0120585/"",""Tỉnh Vĩnh Long mới tạo ra một thực thể hành chính và kinh tế hoàn toàn mới, làm thay đổi căn bản thực trạng và triển vọng của hệ thống đô thị (ĐT) đa cực. Cùng với việc sở hữu kh"
https://baovinhlong.com.vn/chinh-tri/202510/phuong-truong-long-hoa-tap-trung-phat-trien-nong-nghiep-thuy-san-thuong-mai-va-du-lich-a671b47/,docs/research/baovinhlong_du_lich_urls_2025_2026.csv,108,research_corpus,"""2025"",""2025-10-06"",""Trà Vinh"",""direct_title"",""high"",""title_or_lead"",""Phường Trường Long Hòa tập trung phát triển nông nghiệp, thủy sản, thương mại và du lịch"",""https://baovinhlong.com.vn/chinh-tri/202510/phuong-truong-long-hoa-tap-trung-phat-trien-nong-nghiep-thuy-san-thuong-mai-va-du-lich-a671b47/"",""Sáng 6/10, đồng chí Lâm Minh Đằng- Phó Bí thư Tỉnh ủy dự Hội nghị BCH Đảng bộ phường Trường Long Hòa nhằm sơ kết tình hình thực hiện Nghị quyết Đảng ủy quý III, triển khai chương trình công tác quý"
https://baovinhlong.com.vn/xa-hoi/du-lich/202510/khai-thac-the-manh-am-thuc-phuc-vu-du-lich-10907f4/,docs/research/baovinhlong_du_lich_urls_2025_2026.csv,109,research_corpus,"""2025"",""2025-10-03"",""Vĩnh Long; Trà Vinh; Bến Tre"",""tourism_category"",""high"",""content"",""Khai thác thế mạnh ẩm thực phục vụ du lịch"",""https://baovinhlong.com.vn/xa-hoi/du-lich/202510/khai-thac-the-manh-am-thuc-phuc-vu-du-lich-10907f4/"",""Theo Sở Văn hóa-TT-DL, tỉnh sở hữu nhiều đặc sản, món ngon nổi tiếng để du khách trải nghiệm và thưởng thức. Những món ăn vừa mộc mạc vừa tinh tế, phản ánh sự gắn bó của người dân với dòng Mekong hiền hòa."""
https://baovinhlong.com.vn/nhip-song-dong-bang/202510/dua-du-lich-tung-buoc-tro-thanh-nganh-kinh-te-mui-nhon-3cc0e4c/,docs/research/baovinhlong_du_lich_urls_2025_2026.csv,110,research_corpus,"""2025"",""2025-10-02"",""Vĩnh Long"",""direct_title"",""high"",""title_or_lead"",""Đưa du lịch từng bước trở thành ngành kinh tế mũi nhọn"",""https://baovinhlong.com.vn/nhip-song-dong-bang/202510/dua-du-lich-tung-buoc-tro-thanh-nganh-kinh-te-mui-nhon-3cc0e4c/"",""Nằm ở trung tâm ĐBSCL, Vĩnh Long nổi bật là vùng đất hội tụ về văn hóa, ẩm thực và trải nghiệm du lịch cộng đồng. Thực hiện nhiều đổi mới, sáng tạo trong du lịch, tỉnh nỗ lực khai thác tiềm năng, thế mạnh phát triển du lịch thành ngành kinh tế quan trọ"
https://baovinhlong.com.vn/xa-hoi/du-lich/202509/vinh-danh-nhung-dai-su-thuong-hieu-du-lich-0fa3283/,docs/research/baovinhlong_du_lich_urls_2025_2026.csv,111,research_corpus,"""2025"",""2025-09-29"",""Vĩnh Long"",""tourism_category"",""high"",""title_or_lead"",""Vinh danh những đại sứ thương hiệu du lịch"",""https://baovinhlong.com.vn/xa-hoi/du-lich/202509/vinh-danh-nhung-dai-su-thuong-hieu-du-lich-0fa3283/"",""Lễ trao Giải thưởng Du lịch Việt Nam 2025 vừa diễn ra tại Thủ đô Hà Nội, vinh danh 113 doanh nghiệp, đơn vị tiêu biểu, để lại nhiều dấu ấn sâu sắc trong lòng công chúng. Trong đó, Báo và phát thanh, truyền hình Vĩnh Long là 1 trong 5 đơn vị được vinh danh là Cơ quan truyền"
https://baovinhlong.com.vn/video/202509/the-manh-duong-song-du-dia-phat-trien-du-lich-vinh-long-sau-hop-nhat-c861db5/,docs/research/baovinhlong_du_lich_urls_2025_2026.csv,112,research_corpus,"""2025"",""2025-09-26"",""Vĩnh Long"",""direct_title"",""high"",""title_or_lead"",""Thế mạnh đường sông – Dư địa phát triển du lịch Vĩnh Long sau hợp nhất"",""https://baovinhlong.com.vn/video/202509/the-manh-duong-song-du-dia-phat-trien-du-lich-vinh-long-sau-hop-nhat-c861db5/"",""Sau hợp nhất tỉnh Vĩnh Long mở rộng không gian phát triển và trở thành cửa ngõ chiến lược” của vùng Đồng bằng sông Cửu Long, với vị trí “ba mặt giáp sông, một mặt giáp biển. Đây là nền móng quan trọng để tỉnh tạ đột phá phát triển du lị"
https://baovinhlong.com.vn/xa-hoi/du-lich/202509/toa-dam-ve-cung-co-va-hoan-thien-tuyen-diem-san-pham-du-lich-duong-song-fc91905/,docs/research/baovinhlong_du_lich_urls_2025_2026.csv,113,research_corpus,"""2025"",""2025-09-26"",""Vĩnh Long"",""tourism_category"",""high"",""title_or_lead"",""Toạ đàm về củng cố và hoàn thiện tuyến, điểm sản phẩm du lịch đường sông"",""https://baovinhlong.com.vn/xa-hoi/du-lich/202509/toa-dam-ve-cung-co-va-hoan-thien-tuyen-diem-san-pham-du-lich-duong-song-fc91905/"",""Trong khuôn khổ chương trình khảo sát sản phẩm du lịch đường sông, Sở Văn hóa, Thể thao và Du lịch tổ chức tọa đàm với chủ đề: “Củng cố và hoàn thiện tuyến, điểm sản phẩm du lịch đường sông trên địa bàn tỉnh Vĩnh Long”"
https://baovinhlong.com.vn/xa-hoi/du-lich/202509/to-chuc-famtrip-khao-sat-san-pham-du-lich-duong-song-tai-vinh-long-18531dc/,docs/research/baovinhlong_du_lich_urls_2025_2026.csv,114,research_corpus,"""2025"",""2025-09-25"",""Vĩnh Long"",""tourism_category"",""high"",""title_or_lead"",""Tổ chức Famtrip khảo sát sản phẩm du lịch đường sông tại Vĩnh Long"",""https://baovinhlong.com.vn/xa-hoi/du-lich/202509/to-chuc-famtrip-khao-sat-san-pham-du-lich-duong-song-tai-vinh-long-18531dc/"",""Ngày 25 – 26/9, Sở Văn hóa, Thể thao và Du lịch tỉnh Vĩnh Long tổ chức chương trình Famtrip khảo sát các sản phẩm du lịch đường sông trên địa bàn tỉnh."""
https://baovinhlong.com.vn/xa-hoi/du-lich/202509/phan-dau-3-thang-cuoi-nam-thu-hut-hon-22-trieu-luot-du-khach-25e03a7/,docs/research/baovinhlong_du_lich_urls_2025_2026.csv,115,research_corpus,"""2025"",""2025-09-23"",""Vĩnh Long; Bến Tre"",""tourism_category"",""high"",""title_or_lead"",""Phấn đấu 3 tháng cuối năm thu hút hơn 2,2 triệu lượt du khách"",""https://baovinhlong.com.vn/xa-hoi/du-lich/202509/phan-dau-3-thang-cuoi-nam-thu-hut-hon-22-trieu-luot-du-khach-25e03a7/"",""Theo Sở Văn hóa-TT-DL, phấn đấu trong quý IV/2025, tổng lượt khách đến Vĩnh Long ước đạt hơn 2.266.000 lượt, tổng doanh thu trên 1.911 tỷ đồng."""
https://baovinhlong.com.vn/xa-hoi/du-lich/202509/toa-dam-ket-noi-du-lich-phia-dong-song-hau-7072f7c/,docs/research/baovinhlong_du_lich_urls_2025_2026.csv,116,research_corpus,"""2025"",""2025-09-19"",""Vĩnh Long; Trà Vinh; Bến Tre"",""tourism_category"",""high"",""title_or_lead"",""Tọa đàm kết nối du lịch phía Đông sông Hậu"",""https://baovinhlong.com.vn/xa-hoi/du-lich/202509/toa-dam-ket-noi-du-lich-phia-dong-song-hau-7072f7c/"",""Chiều 19/9, tại cù lao Tân Qui (xã An Phú Tân), Sở Văn hóa, Thể thao và Du lịch phối hợp với các xã: Cầu Kè, An Phú Tân và Tam Ngãi tổ chức tọa đàm “Kết nối du lịch phía Đông sông Hậu”. Tham dự tọa đàm có bà Nguyễn Thị Ngọc Dung- Phó Giám đốc Sở Văn hóa, Thể"
https://baovinhlong.com.vn/vinh-long-dat-nuoc-con-nguoi/202509/ve-cai-von-thuong-thuc-dac-san-ben-song-hau-6fe03cd/,docs/research/baovinhlong_du_lich_urls_2025_2026.csv,117,research_corpus,"""2025"",""2025-09-16"",""Vĩnh Long"",""direct_lead"",""high"",""title_or_lead"",""Về Cái Vồn thưởng thức đặc sản bên sông Hậu"",""https://baovinhlong.com.vn/vinh-long-dat-nuoc-con-nguoi/202509/ve-cai-von-thuong-thuc-dac-san-ben-song-hau-6fe03cd/"",""Phường Cái Vồn sau sáp nhập có diện tích rộng lớn gồm một phần phường Cái Vồn, xã Mỹ Hòa, Khóm 3, phường Thành Phước (TX Bình Minh) và Cồn Sừng (thuộc xã Ngãi Tứ, huyện Tam Bình). Bên bờ sông Hậu hữu tình, du khách về đây có thể tận hưởng không gian yên bình của vùn"
https://baovinhlong.com.vn/xa-hoi/202509/khai-mac-tuan-le-vu-lan-thang-hoi-tai-xa-cau-ke-f3306db/,docs/research/baovinhlong_du_lich_urls_2025_2026.csv,118,research_corpus,"""2025"",""2025-09-14"",""Trà Vinh"",""direct_lead"",""high"",""title_or_lead"",""Khai mạc Tuần lễ Vu lan Thắng hội tại xã Cầu Kè"",""https://baovinhlong.com.vn/xa-hoi/202509/khai-mac-tuan-le-vu-lan-thang-hoi-tai-xa-cau-ke-f3306db/"",""Đêm 13/9, tại Quảng trường xã Cầu Kè, Ban tổ chức Tuần lễ Vu lan Thắng hội, gắn với Hội chợ thương mại, ẩm thực, trái cây ngon và xúc tiến du lịch xã Cầu Kè năm 2025 tổ chức lễ khai mạc Tuần lễ."""
https://baovinhlong.com.vn/xa-hoi/du-lich/202509/tuan-le-vu-lan-thang-hoi-dien-ra-tu-ngay-13-199-7fe1191/,docs/research/baovinhlong_du_lich_urls_2025_2026.csv,119,research_corpus,"""2025"",""2025-09-12"",""Vĩnh Long; Trà Vinh"",""tourism_category"",""high"",""title_or_lead"",""Tuần lễ Vu lan Thắng hội diễn ra từ ngày 13-19/9"",""https://baovinhlong.com.vn/xa-hoi/du-lich/202509/tuan-le-vu-lan-thang-hoi-dien-ra-tu-ngay-13-199-7fe1191/"",""BTC Tuần lễ Vu lan Thắng hội gắn với Hội chợ Thương mại xã Cầu Kè năm 2025 vừa tổ chức hội nghị triển khai kế hoạch tổ chức Tuần lễ Vu lan Thắng hội gắn với Hội chợ Thương mại, ẩm thực, trái cây ngon và xúc tiến du lịch xã Cầu Kè năm 2025."""
https://baovinhlong.com.vn/xa-hoi/du-lich/202509/quang-ba-du-lich-vinh-long-tai-hoi-cho-du-lich-quoc-te-tp-ho-chi-minh-44d03c8/,docs/research/baovinhlong_du_lich_urls_2025_2026.csv,120,research_corpus,"""2025"",""2025-09-07"",""Vĩnh Long"",""tourism_category"",""high"",""title_or_lead"",""Quảng bá du lịch Vĩnh Long tại Hội chợ Du lịch quốc tế TP Hồ Chí Minh"",""https://baovinhlong.com.vn/xa-hoi/du-lich/202509/quang-ba-du-lich-vinh-long-tai-hoi-cho-du-lich-quoc-te-tp-ho-chi-minh-44d03c8/"",""Từ 4-6/9, Sở Du lịch TP Hồ Chí Minh tổ chức Hội chợ Du lịch quốc tế (ITE HCMC 2025) với chủ đề “Du lịch bền vững, trải nghiệm sống động”."""
https://baovinhlong.com.vn/xa-hoi/202509/du-lich-don-tin-hieu-kha-quan-tu-ky-nghi-le-a1809c7/,docs/research/baovinhlong_du_lich_urls_2025_2026.csv,121,research_corpus,"""2025"",""2025-09-04"",""Vĩnh Long"",""direct_title"",""high"",""title_or_lead"",""Du lịch đón tín hiệu khả quan từ kỳ nghỉ lễ"",""https://baovinhlong.com.vn/xa-hoi/202509/du-lich-don-tin-hieu-kha-quan-tu-ky-nghi-le-a1809c7/"",""Dịp lễ 2/9 năm nay, với nhiều lợi thế từ sau sáp nhập tỉnh, ngành du lịch Vĩnh Long đạt được những kết quả tích cực. Với sự chuẩn bị chu đáo và những trải nghiệm du lịch mới mẻ, đây là động lực để ngành du lịch tận dụng cơ hội để “lấy lòng” du khách."""
https://baovinhlong.com.vn/xa-hoi/du-lich/202509/nhon-phu-day-manh-phat-trien-du-lich-gan-voi-nong-nghiep-a1c12d7/,docs/research/baovinhlong_du_lich_urls_2025_2026.csv,122,research_corpus,"""2025"",""2025-09-03"",""Vĩnh Long"",""tourism_category"",""high"",""title_or_lead"",""Nhơn Phú đẩy mạnh phát triển du lịch gắn với nông nghiệp"",""https://baovinhlong.com.vn/xa-hoi/du-lich/202509/nhon-phu-day-manh-phat-trien-du-lich-gan-voi-nong-nghiep-a1c12d7/"",""Nhiệm kỳ 2020-2025, BCH Đảng bộ xã Nhơn Phú đã đoàn kết, năng động, sáng tạo, vượt qua khó khăn, tập trung lãnh, chỉ đạo thực hiện nghị quyết nhiệm kỳ đạt nhiều kết quả quan trọng, tạo sự chuyển biến tích cực và toàn diện."""
https://baovinhlong.com.vn/van-hoa-giai-tri/202509/van-thanh-mieu-luu-giu-ve-dep-truyen-thong-cua-dan-toc-7e21432/,docs/research/baovinhlong_du_lich_urls_2025_2026.csv,123,research_corpus,"""2025"",""2025-09-01"",""Vĩnh Long"",""destination_event"",""medium"",""title_or_lead"",""Văn Thánh miếu- Lưu giữ vẻ đẹp truyền thống của dân tộc"",""https://baovinhlong.com.vn/van-hoa-giai-tri/202509/van-thanh-mieu-luu-giu-ve-dep-truyen-thong-cua-dan-toc-7e21432/"",""Văn Thánh miếu là một trong những di tích đặc biệt do chính Nhân dân đóng góp, xây dựng và bảo vệ. Kiến trúc và lễ hội ở đây gần như vẫn còn giữ nguyên giá trị."""
https://baovinhlong.com.vn/chinh-tri/202508/nhon-phu-phat-trien-dich-vu-du-lich-gan-voi-khu-lo-gach-gom-mang-thit-f2e2796/,docs/research/baovinhlong_du_lich_urls_2025_2026.csv,124,research_corpus,"""2025"",""2025-08-28"",""Vĩnh Long"",""direct_title"",""high"",""title_or_lead"",""Nhơn Phú phát triển dịch vụ du lịch gắn với “Khu lò gạch, gốm Mang Thít”"",""https://baovinhlong.com.vn/chinh-tri/202508/nhon-phu-phat-trien-dich-vu-du-lich-gan-voi-khu-lo-gach-gom-mang-thit-f2e2796/"",""Ngày 28/8, BCH Đảng bộ xã Nhơn Phú tổ chức thành công Đại hội đại biểu Đảng bộ xã Nhơn Phú lần thứ XIII, nhiệm kỳ 2025 - 2030."""
https://baovinhlong.com.vn/van-hoa-giai-tri/202508/van-thanh-mieu-to-chuc-le-gio-lan-thu-158-cu-phan-thanh-gian-b9e2695/,docs/research/baovinhlong_du_lich_urls_2025_2026.csv,125,research_corpus,"""2025"",""2025-08-27"",""Vĩnh Long"",""destination_event"",""medium"",""title_or_lead"",""Văn Thánh Miếu tổ chức lễ giỗ lần thứ 158 cụ Phan Thanh Giản"",""https://baovinhlong.com.vn/van-hoa-giai-tri/202508/van-thanh-mieu-to-chuc-le-gio-lan-thu-158-cu-phan-thanh-gian-b9e2695/"",""Ngày 27/8, Ban Quản lý di tích lịch sử văn hóa cấp quốc gia Văn Thánh Miếu tổ chức lễ giỗ lần thứ 158 ngày mất cụ Phan Thanh Giản và phối hợp với Hội Khuyến học trao học bổng cho các em học sinh vượt khó, học giỏi họ Phan trên địa bàn t"
https://baovinhlong.com.vn/kinh-te/202508/ket-noi-cac-vung-ven-bien-tao-khong-gian-phat-trien-moi-61515a4/,docs/research/baovinhlong_du_lich_urls_2025_2026.csv,126,research_corpus,"""2025"",""2025-08-26"",""Vĩnh Long"",""direct_lead"",""high"",""title_or_lead"",""Kết nối các vùng ven biển, tạo không gian phát triển mới"",""https://baovinhlong.com.vn/kinh-te/202508/ket-noi-cac-vung-ven-bien-tao-khong-gian-phat-trien-moi-61515a4/"",""Tuyến đường bộ ven biển là trục giao thông nhằm liên kết các vùng ven biển, góp phần khai thác hiệu quả tài nguyên. Qua đó, nhằm thúc đẩy phát triển kinh tế- xã hội các địa phương ven biển, tạo các không gian phát triển mới, thúc đẩy du lịch phát triển và góp ph"
https://baovinhlong.com.vn/xa-hoi/du-lich/202508/nganh-du-lich-tinh-chuan-bi-don-du-khach-dip-le-29-70b1669/,docs/research/baovinhlong_du_lich_urls_2025_2026.csv,127,research_corpus,"""2025"",""2025-08-26"",""Vĩnh Long; Trà Vinh; Bến Tre"",""tourism_category"",""high"",""title_or_lead"",""Ngành du lịch tỉnh chuẩn bị đón du khách dịp lễ 2/9"",""https://baovinhlong.com.vn/xa-hoi/du-lich/202508/nganh-du-lich-tinh-chuan-bi-don-du-khach-dip-le-29-70b1669/"",""Kỳ nghỉ lễ Quốc khánh kéo dài 4 ngày liên tiếp, trùng với cuối tuần, dự báo lượng khách du lịch đến Vĩnh Long có xu hướng tăng. Các điểm du lịch, khu vui chơi giải trí đã chủ động chuẩn bị chương trình kích cầu và các điều kiện đón tiếp, phụ"
https://baovinhlong.com.vn/video/202508/du-lich-vinh-long-chuan-bi-phuc-vu-le-29-10e2e61/,docs/research/baovinhlong_du_lich_urls_2025_2026.csv,128,research_corpus,"""2025"",""2025-08-25"",""Vĩnh Long"",""direct_title"",""high"",""title_or_lead"",""Du lịch Vĩnh Long chuẩn bị phục vụ lễ 2/9"",""https://baovinhlong.com.vn/video/202508/du-lich-vinh-long-chuan-bi-phuc-vu-le-29-10e2e61/"",""Tại Vĩnh Long, tận dụng cơ hội được nghỉ Lễ Quốc khánh liên tục 4 ngày, các cơ sở kinh doanh dịch vụ, du lịch trên địa bàn tỉnh Vĩnh Long chuẩn bị các điều kiện tốt nhất để phục vụ và thu hút khách du lịch."""
https://baovinhlong.com.vn/xa-hoi/du-lich/202508/nganh-du-lich-chuan-bi-don-khach-dip-le-29-c0a13a1/,docs/research/baovinhlong_du_lich_urls_2025_2026.csv,129,research_corpus,"""2025"",""2025-08-25"",""Vĩnh Long"",""tourism_category"",""high"",""title_or_lead"",""Ngành du lịch chuẩn bị đón khách dịp lễ 2/9"",""https://baovinhlong.com.vn/xa-hoi/du-lich/202508/nganh-du-lich-chuan-bi-don-khach-dip-le-29-c0a13a1/"",""Theo Sở Văn hóa-TT-DL, dịp nghỉ lễ 2/9, ngành du lịch sẽ triển khai nhiều hoạt động, chương trình quảng bá, xúc tiến và kích cầu du lịch gia tăng sức hút với du khách đến Vĩnh Long."""
https://baovinhlong.com.vn/nhip-song-dong-bang/202508/suc-song-moi-tu-nhung-lo-gach-cu-be712da/,docs/research/baovinhlong_du_lich_urls_2025_2026.csv,130,research_corpus,"""2025"",""2025-08-24"",""Vĩnh Long"",""direct_lead"",""high"",""title_or_lead"",""Sức sống mới từ những lò gạch cũ"",""https://baovinhlong.com.vn/nhip-song-dong-bang/202508/suc-song-moi-tu-nhung-lo-gach-cu-be712da/"",""Từ một làng nghề truyền thống, ngày nay vương quốc đỏ gạch gốm Mang Thít không còn đỏ rực lửa như trước. Nhưng với quyết tâm giữ nét đẹp trăm năm làng nghề, những lò gạch người dân chăm chút trở thành địa điểm du lịch thu hút du khách trong và ngoài nước."""
https://baovinhlong.com.vn/xa-hoi/du-lich/202508/hoa-minh-huong-toi-xa-nong-thon-moi-kieu-mau-ve-du-lich-432130e/,docs/research/baovinhlong_du_lich_urls_2025_2026.csv,131,research_corpus,"""2025"",""2025-08-15"",""Trà Vinh"",""tourism_category"",""high"",""title_or_lead"",""Hòa Minh hướng tới xã nông thôn mới kiểu mẫu về du lịch"",""https://baovinhlong.com.vn/xa-hoi/du-lich/202508/hoa-minh-huong-toi-xa-nong-thon-moi-kieu-mau-ve-du-lich-432130e/"",""Từng là một vùng quê thuần nông bên dòng Cổ Chiên hiền hòa, xã Hòa Minh hôm nay đang chuyển mình vươn lên. Không chỉ phát triển kinh tế bền vững, xã còn khai thác lợi thế thiên nhiên, giữ gìn bản sắc văn hóa để xây dựng mô hình du lịch cộng đồng đặc tr"
https://baovinhlong.com.vn/chinh-tri/202508/dong-gop-du-thao-van-kien-dai-hoi-dang-bo-tinh-vinh-long-nhiem-ky-2025-2030-can-nghi-quyet-chuyen-de-ve-du-lich-xay-dung-va-phat-trien-vinh-long-thanh-tinh-kha-khu-vuc-6c7073c/,docs/research/baovinhlong_du_lich_urls_2025_2026.csv,132,research_corpus,"""2025"",""2025-08-08"",""Vĩnh Long"",""direct_title"",""high"",""title_or_lead"",""Cần nghị quyết chuyên đề về du lịch, xây dựng và phát triển Vĩnh Long thành tỉnh khá khu vực"",""https://baovinhlong.com.vn/chinh-tri/202508/dong-gop-du-thao-van-kien-dai-hoi-dang-bo-tinh-vinh-long-nhiem-ky-2025-2030-can-nghi-quyet-chuyen-de-ve-du-lich-xay-dung-va-phat-trien-vinh-long-thanh-tinh-kha-khu-vuc-6c7073c/"",""Đóng góp cho dự thảo Văn kiện Đại hội Đảng bộ tỉnh Vĩnh Long lần thứ XII, nhiệm kỳ 2020-2025, nhiều ý kiến gửi "
https://baovinhlong.com.vn/van-hoa-giai-tri/202508/don-ca-tai-tu-hat-boi-tao-suc-hut-cho-du-lich-vinh-long-25512e5/,docs/research/baovinhlong_du_lich_urls_2025_2026.csv,133,research_corpus,"""2025"",""2025-08-06"",""Vĩnh Long"",""direct_title"",""high"",""title_or_lead"",""Đờn ca tài tử, hát bội tạo sức hút cho du lịch Vĩnh Long"",""https://baovinhlong.com.vn/van-hoa-giai-tri/202508/don-ca-tai-tu-hat-boi-tao-suc-hut-cho-du-lich-vinh-long-25512e5/"",""Cùng với đờn ca tài tử, nghệ thuật hát bội được tỉnh Vĩnh Long xây dựng thành sản phẩm du lịch độc đáo. Sự kết hợp giữa âm nhạc, điệu bộ, lời ca và không gian văn hóa sông nước tạo nên sức hút du khách và góp phần quảng bá hình ảnh địa phương. Đây là h"
https://baovinhlong.com.vn/kinh-te/202508/cu-lao-an-binh-huong-toi-nuoi-thuy-san-cong-nghe-cao-ef82631/,docs/research/baovinhlong_du_lich_urls_2025_2026.csv,134,research_corpus,"""2025"",""2025-08-03"",""Vĩnh Long"",""direct_lead"",""high"",""title_or_lead"",""Cù lao An Bình hướng tới nuôi thủy sản công nghệ cao"",""https://baovinhlong.com.vn/kinh-te/202508/cu-lao-an-binh-huong-toi-nuoi-thuy-san-cong-nghe-cao-ef82631/"",""Được bao quanh bởi dòng Cổ Chiên, xã An Bình có nhiều lợi thế về khí hậu, thủy văn và thổ nhưỡng. Những năm gần đây, xã cù lao khai thác thế mạnh để phát triển chăn nuôi thủy sản (TS) theo hướng hiện đại. Ứng dụng chuyển đổi số, xây dựng vùng nuôi TS theo chuẩn VietGAP"
https://baovinhlong.com.vn/xa-hoi/du-lich/202507/vinh-long-don-gan-6-trieu-du-khach-trong-7-thang-29716cb/,docs/research/baovinhlong_du_lich_urls_2025_2026.csv,135,research_corpus,"""2025"",""2025-07-29"",""Vĩnh Long; Bến Tre"",""tourism_category"",""high"",""title_or_lead"",""Vĩnh Long đón gần 6 triệu du khách trong 7 tháng"",""https://baovinhlong.com.vn/xa-hoi/du-lich/202507/vinh-long-don-gan-6-trieu-du-khach-trong-7-thang-29716cb/"",""Theo Sở Văn hóa-TT-DL, tổng lượt khách đến Vĩnh Long trong 7 tháng đầu năm 2025 đạt gần 6 triệu lượt, trong đó khách nội địa hơn 5 triệu lượt, khách quốc tế đạt 876,6 ngàn lượt. Doanh thu từ hoạt động du lịch đạt hơn 5,05 ngàn tỷ đồng."""
https://baovinhlong.com.vn/xa-hoi/du-lich/202507/nhieu-hoat-dong-thuc-day-du-lich-phat-trien-c800851/,docs/research/baovinhlong_du_lich_urls_2025_2026.csv,136,research_corpus,"""2025"",""2025-07-19"",""Vĩnh Long; Trà Vinh; Bến Tre"",""tourism_category"",""high"",""content"",""Nhiều hoạt động thúc đẩy du lịch phát triển"",""https://baovinhlong.com.vn/xa-hoi/du-lich/202507/nhieu-hoat-dong-thuc-day-du-lich-phat-trien-c800851/"",""Sở Văn hóa-TT-DL đang tiến hành rà soát tất cả các dự án du lịch để tiếp tục gắn kết thông tin với các nhà đầu tư nhằm hỗ trợ, tư vấn, hướng dẫn kịp thời. Tổ chức các lớp tập huấn, bồi dưỡng chuyên môn, nghiệp vụ du lịch; các hội thi nghiệp vụ và kỹ năng nghề ch"
https://baovinhlong.com.vn/thoi-su/202507/phat-huy-the-manh-van-hoa-the-thao-du-lich-vinh-long-sau-sap-nhap-20548b8/,docs/research/baovinhlong_du_lich_urls_2025_2026.csv,137,research_corpus,"""2025"",""2025-07-17"",""Vĩnh Long"",""direct_title"",""high"",""title_or_lead"",""Phát huy thế mạnh văn hóa, thể thao, du lịch Vĩnh Long sau sáp nhập"",""https://baovinhlong.com.vn/thoi-su/202507/phat-huy-the-manh-van-hoa-the-thao-du-lich-vinh-long-sau-sap-nhap-20548b8/"",""Chiều 17/7, bà Nguyễn Thị Quyên Thanh- Tỉnh ủy viên, Phó Chủ tịch UBND tỉnh chủ trì cuộc họp nắm tình hình hoạt động của Sở Văn hóa- Thể thao và Du lịch (VH-TT-DL) và thực hiện một số nhiệm vụ trọng tâm 6 tháng cuối năm 2025. ​​​​​​​"""
https://baovinhlong.com.vn/nhip-song-dong-bang/202507/vinh-long-co-11-diem-du-lich-tieu-bieu-khu-vuc-nam-2025-341183a/,docs/research/baovinhlong_du_lich_urls_2025_2026.csv,138,research_corpus,"""2025"",""2025-07-16"",""Vĩnh Long"",""direct_title"",""high"",""title_or_lead"",""Vĩnh Long có 11 điểm du lịch tiêu biểu khu vực năm 2025"",""https://baovinhlong.com.vn/nhip-song-dong-bang/202507/vinh-long-co-11-diem-du-lich-tieu-bieu-khu-vuc-nam-2025-341183a/"",""Hiệp hội Du lịch ĐBSCL vừa có quyết định công nhận 29 điểm du lịch tiêu biểu trong khu vực; trong đó, có 28 điểm được tái công nhận và 1 điểm được công nhận mới."""
https://baovinhlong.com.vn/xa-hoi/du-lich/202507/hop-mat-ky-niem-65-nam-ngay-thanh-lap-nganh-du-lich-viet-nam-b4f2bfc/,docs/research/baovinhlong_du_lich_urls_2025_2026.csv,139,research_corpus,"""2025"",""2025-07-15"",""Vĩnh Long; Trà Vinh; Bến Tre"",""tourism_category"",""high"",""title_or_lead"",""Họp mặt kỷ niệm 65 năm Ngày thành lập ngành Du lịch Việt Nam"",""https://baovinhlong.com.vn/xa-hoi/du-lich/202507/hop-mat-ky-niem-65-nam-ngay-thanh-lap-nganh-du-lich-viet-nam-b4f2bfc/"",""Ngày 15/7, Hiệp hội Du lịch Bến Tre tổ chức họp mặt kỷ niệm 65 năm Ngày thành lập ngành Du lịch Việt Nam (9/7/1960 - 9/7/2025) và sơ kết hoạt động 6 tháng đầu năm 2025."""
https://baovinhlong.com.vn/nhip-song-dong-bang/202507/du-lich-xanh-huong-phat-trien-ben-vung-66305c3/,docs/research/baovinhlong_du_lich_urls_2025_2026.csv,140,research_corpus,"""2025"",""2025-07-12"",""Vĩnh Long"",""direct_title"",""high"",""title_or_lead"",""Du lịch xanh- hướng phát triển bền vững"",""https://baovinhlong.com.vn/nhip-song-dong-bang/202507/du-lich-xanh-huong-phat-trien-ben-vung-66305c3/"",""Phát triển du lịch và xây dựng NTM là 2 nhiệm vụ có tác động tích cực lẫn nhau. Với sự đổi mới tư duy, người dân tỉnh Vĩnh Long chuyển đổi từ sản xuất nông nghiệp truyền thống sang kinh tế nông nghiệp kết hợp giải trí, mang lại hiệu quả kinh tế cao. Mô hình du lịch xanh, “thuận thiê"
https://baovinhlong.com.vn/xa-hoi/du-lich/202506/6-thang-vinh-long-don-12-trieu-luot-khach-du-lich-6b20d96/,docs/research/baovinhlong_du_lich_urls_2025_2026.csv,141,research_corpus,"""2025"",""2025-06-24"",""Vĩnh Long"",""tourism_category"",""high"",""title_or_lead"",""6 tháng: Vĩnh Long đón 1,2 triệu lượt khách du lịch"",""https://baovinhlong.com.vn/xa-hoi/du-lich/202506/6-thang-vinh-long-don-12-trieu-luot-khach-du-lich-6b20d96/"",""Theo Sở Văn hóa-TT-DL, trong 6 tháng đầu năm nay, Vĩnh Long đón trên 1,2 triệu lượt khách du lịch (DL) đến tham quan (đạt 56% kế hoạch)."""
https://baovinhlong.com.vn/nhip-song-dong-bang/202506/nganh-du-lich-xu-dua-tiep-tuc-tang-truong-cao-99e1a81/,docs/research/baovinhlong_du_lich_urls_2025_2026.csv,142,research_corpus,"""2025"",""2025-06-19"",""Bến Tre"",""direct_title"",""high"",""title_or_lead"",""Ngành du lịch xứ Dừa tiếp tục tăng trưởng cao"",""https://baovinhlong.com.vn/nhip-song-dong-bang/202506/nganh-du-lich-xu-dua-tiep-tuc-tang-truong-cao-99e1a81/"",""Để góp phần thực hiện mục tiêu tăng trưởng kinh tế từ 8% trở lên, các cấp ở tỉnh Bến Tre đã nỗ lực tăng tốc trong phong trào thi đua lao động sản xuất và đạt kết quả rất đáng ghi nhận. Trong đó, ngành du lịch tiếp tục phát triển ở mức cao."""
https://baovinhlong.com.vn/xa-hoi/du-lich/202506/khao-sat-tham-dinh-de-tai-cong-nhan-diem-du-lich-tieu-bieu-dbscl-9f4007b/,docs/research/baovinhlong_du_lich_urls_2025_2026.csv,143,research_corpus,"""2025"",""2025-06-15"",""Vĩnh Long; Trà Vinh; Bến Tre"",""tourism_category"",""high"",""content"",""Khảo sát, thẩm định để tái công nhận điểm du lịch tiêu biểu ĐBSCL"",""https://baovinhlong.com.vn/xa-hoi/du-lich/202506/khao-sat-tham-dinh-de-tai-cong-nhan-diem-du-lich-tieu-bieu-dbscl-9f4007b/"",""Đoàn công tác của Hiệp hội Du lịch ĐBSCL do ông Lê Minh Sơn- Phó Chủ tịch Hiệp hội làm trưởng đoàn vừa đến khảo sát, thẩm định để bình chọn, tái công nhận điểm du lịch tiêu biểu ĐBSCL năm 2025."""
https://baovinhlong.com.vn/xa-hoi/du-lich/202506/phat-trien-du-lich-nong-thon-trong-xay-dung-nong-thon-moi-d960bbc/,docs/research/baovinhlong_du_lich_urls_2025_2026.csv,144,research_corpus,"""2025"",""2025-06-10"",""Vĩnh Long"",""tourism_category"",""high"",""title_or_lead"",""Phát triển du lịch nông thôn trong xây dựng nông thôn mới"",""https://baovinhlong.com.vn/xa-hoi/du-lich/202506/phat-trien-du-lich-nong-thon-trong-xay-dung-nong-thon-moi-d960bbc/"",""Thực hiện chương trình phát triển du lịch nông thôn trong xây dựng NTM, tỉnh Vĩnh Long đã xây dựng và phát triển sản phẩm OCOP “Nhóm dịch vụ du lịch cộng đồng, du lịch sinh thái và điểm du lịch”."""
https://baovinhlong.com.vn/nhip-song-dong-bang/202506/dau-an-tram-nam-gom-nam-bo-e710c82/,docs/research/baovinhlong_du_lich_urls_2025_2026.csv,145,research_corpus,"""2025"",""2025-06-08"",""Vĩnh Long"",""destination_event"",""medium"",""title_or_lead"",""Dấu ấn trăm năm gốm Nam Bộ"",""https://baovinhlong.com.vn/nhip-song-dong-bang/202506/dau-an-tram-nam-gom-nam-bo-e710c82/"",""Gốm Nam Bộ với gốm Sài Gòn, Lái Thiêu, Biên Hòa, Vĩnh Long, gốm An Giang… ghi dấu thời gian, ôm ấp trong mình những câu chuyện qua từng nét vẽ, từng vết men, từng dáng hình dân dã mà đầy hồn cốt. Gốm không chỉ là đất, mà mỗi loại gốm mang đặc trưng của từng địa phương là ký ức văn hóa được đánh thức,"
https://baovinhlong.com.vn/xa-hoi/du-lich/202506/dau-tu-co-so-ha-tang-phuc-vu-phat-trien-du-lich-7560f13/,docs/research/baovinhlong_du_lich_urls_2025_2026.csv,146,research_corpus,"""2025"",""2025-06-06"",""Vĩnh Long; Bến Tre"",""tourism_category"",""high"",""title_or_lead"",""Đầu tư cơ sở hạ tầng phục vụ phát triển du lịch"",""https://baovinhlong.com.vn/xa-hoi/du-lich/202506/dau-tu-co-so-ha-tang-phuc-vu-phat-trien-du-lich-7560f13/"",""Để đáp ứng nhu cầu ngày càng cao của du khách, những năm gần đây, tỉnh Vĩnh Long đầu tư cơ sở hạ tầng phục vụ phát triển du lịch. Theo đó, trong lĩnh vực đầu tư công, trong giai đoạn 2021-2025, tỉnh cân đối bố trí trên 504 tỷ đồng cho 28 lượt công trình, dự "
https://baovinhlong.com.vn/kinh-te/202506/hon-2000-ty-dong-dau-tu-du-ankhu-thuong-mai-dich-vu-du-lich-my-thuan-c300009/,docs/research/baovinhlong_du_lich_urls_2025_2026.csv,147,research_corpus,"""2025"",""2025-06-03"",""Vĩnh Long"",""direct_title"",""high"",""title_or_lead"",""Hơn 2.000 tỷ đồng đầu tư dự án khu thương mại- dịch vụ- du lịch Mỹ Thuận"",""https://baovinhlong.com.vn/kinh-te/202506/hon-2000-ty-dong-dau-tu-du-ankhu-thuong-mai-dich-vu-du-lich-my-thuan-c300009/"",""UBND tỉnh vừa quyết định chấp thuận chủ trương đầu tư đồng thời chấp thuận nhà đầu tư dự án khu thương mại- dịch vụ- du lịch Mỹ Thuận thuộc phường Tân Ngãi (TP Vĩnh Long)."""
https://baovinhlong.com.vn/xa-hoi/du-lich/202505/tim-net-rieng-hap-dan-cua-du-lich-vinh-long-4d23014/,docs/research/baovinhlong_du_lich_urls_2025_2026.csv,148,research_corpus,"""2025"",""2025-05-20"",""Vĩnh Long; Bến Tre"",""tourism_category"",""high"",""title_or_lead"",""Tìm nét riêng hấp dẫn của du lịch Vĩnh Long"",""https://baovinhlong.com.vn/xa-hoi/du-lich/202505/tim-net-rieng-hap-dan-cua-du-lich-vinh-long-4d23014/"",""Qua 5 năm (2020-2025), Đề án Xây dựng sản phẩm du lịch đặc thù tỉnh Vĩnh Long đã đạt được những kết quả tích cực. Việc xác định đúng sản phẩm đặc thù giúp ngành du lịch có bước phục hồi tốt về lượt khách và doanh thu sau những ảnh hưởng từ đại dịch COVID-19. Quá trì"
https://baovinhlong.com.vn/tin-moi/202505/khai-thac-hieu-qua-san-pham-du-lich-dac-thuthu-hut-du-khach-ff9072f/,docs/research/baovinhlong_du_lich_urls_2025_2026.csv,149,research_corpus,"""2025"",""2025-05-17"",""Vĩnh Long"",""direct_title"",""high"",""title_or_lead"",""Khai thác hiệu quả sản phẩm du lịch đặc thù thu hút du khách"",""https://baovinhlong.com.vn/tin-moi/202505/khai-thac-hieu-qua-san-pham-du-lich-dac-thuthu-hut-du-khach-ff9072f/"",""Theo Sở Văn hóa-TT-DL, giai đoạn 2020-2025 triển khai Đề án Xây dựng sản phẩm du lịch đặc thù tỉnh Vĩnh Long, ngành du lịch ghi nhận những kết quả tích cực."""
https://baovinhlong.com.vn/tin-moi/202505/co-hoi-lam-moi-thuong-hieu-du-lich-acb019e/,docs/research/baovinhlong_du_lich_urls_2025_2026.csv,150,research_corpus,"""2025"",""2025-05-13"",""Vĩnh Long; Trà Vinh; Bến Tre"",""direct_title"",""high"",""title_or_lead"",""Cơ hội làm mới thương hiệu du lịch"",""https://baovinhlong.com.vn/tin-moi/202505/co-hoi-lam-moi-thuong-hieu-du-lich-acb019e/"",""Việc sáp nhập 3 tỉnh Vĩnh Long, Trà Vinh, Bến Tre sẽ mở ra những cơ hội mới để phát triển các tour du lịch (DL) liên vùng và đổi mới sản phẩm. Việc liên kết vùng miền được đẩy mạnh và thuận lợi hơn chính là tiền đề quan trọng để phát triển DL theo hướng bền vững."""
https://baovinhlong.com.vn/tin-moi/202505/gin-giu-ban-sac-van-hoa-va-khat-vong-vuon-xa-50d005e/,docs/research/baovinhlong_du_lich_urls_2025_2026.csv,151,research_corpus,"""2025"",""2025-05-03"",""Vĩnh Long"",""direct_lead"",""high"",""title_or_lead"",""Gìn giữ bản sắc văn hóa và khát vọng vươn xa"",""https://baovinhlong.com.vn/tin-moi/202505/gin-giu-ban-sac-van-hoa-va-khat-vong-vuon-xa-50d005e/"",""Trong không khí phấn khởi, tự hào hướng tới kỷ niệm 50 năm Ngày Giải phóng miền Nam, thống nhất đất nước, lần đầu tiên tỉnh Vĩnh Long tổ chức Tuần lễ Văn hóa, Thể thao và Du lịch. Rất nhiều cung bậc cảm xúc và những hình ảnh đẹp được lan tỏa qua những hoạt động, khơi gợi tình yêu, lòn"
https://baovinhlong.com.vn/tin-moi/202505/be-mac-tuan-le-van-hoa-the-thao-va-du-lich-tinh-vinh-long-2025-thu-hut-hon-97000-luot-khach-tham-quan-7163da1/,docs/research/baovinhlong_du_lich_urls_2025_2026.csv,152,research_corpus,"""2025"",""2025-05-02"",""Vĩnh Long"",""direct_title"",""high"",""title_or_lead"",""Bế mạc Tuần lễ Văn hóa, Thể thao và Du lịch tỉnh Vĩnh Long 2025: Thu hút hơn 97.000 lượt khách tham quan"",""https://baovinhlong.com.vn/tin-moi/202505/be-mac-tuan-le-van-hoa-the-thao-va-du-lich-tinh-vinh-long-2025-thu-hut-hon-97000-luot-khach-tham-quan-7163da1/"",""Tối 2/5, Sở Văn hóa-TT-DL tổ chức lễ bế mạc Tuần lễ Văn hóa, Thể thao và Du lịch tỉnh Vĩnh Long 2025."""
https://baovinhlong.com.vn/tin-moi/202505/dong-dao-nguoi-dan-tham-gia-ngay-hoi-banh-dan-gian-o-cu-lao-an-binh-3331393/,docs/research/baovinhlong_du_lich_urls_2025_2026.csv,153,research_corpus,"""2025"",""2025-05-02"",""Vĩnh Long"",""direct_lead"",""high"",""title_or_lead"",""Đông đảo người dân tham gia Ngày hội Bánh dân gian ở cù lao An Bình"",""https://baovinhlong.com.vn/tin-moi/202505/dong-dao-nguoi-dan-tham-gia-ngay-hoi-banh-dan-gian-o-cu-lao-an-binh-3331393/"",""Trong 2 ngày 2- 3/5, tại ấp Phú An 2, xã Bình Hòa Phước, UBND huyện Long Hồ đã tổ chức “Ngày hội Bánh dân gian và các món ăn ngon, gắn với quảng bá du lịch cù lao An Bình năm 2025”. ​​​​​​​"""
https://baovinhlong.com.vn/tin-moi/202505/vinh-long-sac-mau-hoi-tu-khat-vong-vuon-xa-4ad0aa8/,docs/research/baovinhlong_du_lich_urls_2025_2026.csv,154,research_corpus,"""2025"",""2025-05-02"",""Vĩnh Long"",""direct_lead"",""high"",""title_or_lead"",""Vĩnh Long - Sắc màu hội tụ - Khát vọng vươn xa"",""https://baovinhlong.com.vn/tin-moi/202505/vinh-long-sac-mau-hoi-tu-khat-vong-vuon-xa-4ad0aa8/"",""Người dân và du khách gần xa vừa có một buổi chiều mãn nhãn, vui tươi và đầy ý nghĩa tại quảng trường TP Vĩnh Long với lễ hội đường phố “Vĩnh Long - Sắc màu hội tụ - Khát vọng vươn xa”."""
https://baovinhlong.com.vn/kinh-te/202505/blog-thi-truong-tuan-le-van-hoa-don-bay-kich-cau-du-lich-79103bb/,docs/research/baovinhlong_du_lich_urls_2025_2026.csv,155,research_corpus,"""2025"",""2025-05-01"",""Vĩnh Long"",""direct_title"",""high"",""title_or_lead"",""Tuần lễ văn hóa- “đòn bẩy” kích cầu du lịch"",""https://baovinhlong.com.vn/kinh-te/202505/blog-thi-truong-tuan-le-van-hoa-don-bay-kich-cau-du-lich-79103bb/"",""Lần đầu tiên tổ chức với quy mô lớn, Tuần lễ Văn hóa, Thể thao và Du lịch năm 2025 của tỉnh Vĩnh Long đang được người dân và du khách chào đón nồng nhiệt."""
https://baovinhlong.com.vn/xa-hoi/du-lich/202504/cong-ty-du-lich-quoc-te-vinh-long-dong-hanh-cung-tuan-van-hoa-the-thao-va-du-lich-tinh-vinh-long-2025-62d04b0/,docs/research/baovinhlong_du_lich_urls_2025_2026.csv,156,research_corpus,"""2025"",""2025-04-30"",""Vĩnh Long"",""tourism_category"",""high"",""title_or_lead"",""Công ty Du Lịch Quốc tế Vĩnh Long: đồng hành cùng Tuần Văn hóa, Thể thao và Du lịch tỉnh Vĩnh Long 2025"",""https://baovinhlong.com.vn/xa-hoi/du-lich/202504/cong-ty-du-lich-quoc-te-vinh-long-dong-hanh-cung-tuan-van-hoa-the-thao-va-du-lich-tinh-vinh-long-2025-62d04b0/"",""Vinh dự là đơn vị tổ chức hoạt động Famtrip Vĩnh Long 2025, Du Lịch Quốc tế Vĩnh Long tự hào góp phần tạo nên những dấu ấn đặc sắc trong khuôn khổ Tuần Văn h"
https://baovinhlong.com.vn/tieu-diem/202504/gan-200-vdv-tranh-tai-giai-vo-dich-dua-ghe-tam-ban-tinh-vinh-long-3dc0604/,docs/research/baovinhlong_du_lich_urls_2025_2026.csv,157,research_corpus,"""2025"",""2025-04-30"",""Vĩnh Long"",""direct_lead"",""high"",""title_or_lead"",""Gần 200 VĐV tranh tài Giải Vô địch đua ghe tam bản tỉnh Vĩnh Long"",""https://baovinhlong.com.vn/tieu-diem/202504/gan-200-vdv-tranh-tai-giai-vo-dich-dua-ghe-tam-ban-tinh-vinh-long-3dc0604/"",""Trong khuôn khổ các hoạt động hưởng ứng Tuần lễ Văn hóa, thể thao và du lịch tỉnh Vĩnh Long năm 2025, sáng 30/4, Sở Văn hóa-TT-DL tổ chức khai mạc Giải Vô địch đua ghe tam bản tỉnh Vĩnh Long năm 2025. Đây là một trong những hoạt động thiết t"
https://baovinhlong.com.vn/tin-moi/202504/famtrip-quang-ba-tour-du-lich-den-voi-di-san-mang-thit-1bf02b5/,docs/research/baovinhlong_du_lich_urls_2025_2026.csv,158,research_corpus,"""2025"",""2025-04-29"",""Vĩnh Long"",""direct_title"",""high"",""title_or_lead"",""“Famtrip quảng bá tour du lịch đến với di sản Mang Thít”"",""https://baovinhlong.com.vn/tin-moi/202504/famtrip-quang-ba-tour-du-lich-den-voi-di-san-mang-thit-1bf02b5/"",""Chương trình “Famtrip quảng bá tour du lịch đến với di sản Mang Thít” diễn ra từ ngày 29-30/4, do Sở Văn hóa-TT-DL tổ chức trong khuôn khổ các hoạt động của Tuần lễ Văn hóa, thể thao và du lịch tỉnh Vĩnh Long năm 2025. ​​​​​​​"""
https://baovinhlong.com.vn/tin-moi/202504/20-gio-toi-nay-thvl2-se-truc-tiep-khai-mac-tuan-le-van-hoa-the-thao-va-du-lich-tinh-vinh-long-nam-2025-37e087f/,docs/research/baovinhlong_du_lich_urls_2025_2026.csv,159,research_corpus,"""2025"",""2025-04-29"",""Vĩnh Long"",""direct_title"",""high"",""title_or_lead"",""Pháo hoa rực sáng khai mạc “Tuần lễ Văn hóa, Thể thao và Du lịch tỉnh Vĩnh Long năm 2025”"",""https://baovinhlong.com.vn/tin-moi/202504/20-gio-toi-nay-thvl2-se-truc-tiep-khai-mac-tuan-le-van-hoa-the-thao-va-du-lich-tinh-vinh-long-nam-2025-37e087f/"",""Tối 29/4, tại Quảng trường TP Vĩnh Long, Sở Văn hóa-TT-DL phối hợp cùng Báo và Đài Phát thanh- Truyền hình tỉnh Vĩnh Long long trọng tổ chức chương trình Khai mạc “Tuần lễ Văn hóa, "
https://baovinhlong.com.vn/tin-moi/202504/gan-150-vdv-tranh-tai-giai-vo-dich-xe-dap-tinh-vinh-long-mo-rong-c1901db/,docs/research/baovinhlong_du_lich_urls_2025_2026.csv,160,research_corpus,"""2025"",""2025-04-26"",""Vĩnh Long"",""direct_lead"",""high"",""title_or_lead"",""Gần 150 VĐV tranh tài Giải Vô địch xe đạp tỉnh Vĩnh Long mở rộng"",""https://baovinhlong.com.vn/tin-moi/202504/gan-150-vdv-tranh-tai-giai-vo-dich-xe-dap-tinh-vinh-long-mo-rong-c1901db/"",""Sáng 26/4, Sở Văn hóa-TT-DL phối hợp Liên đoàn Xe đạp- Mô tô thể thao tỉnh khai mạc Giải Vô địch xe đạp tỉnh Vĩnh Long mở rộng năm 2025. Đây là một trong những hoạt động nằm trong khuôn khổ chương trình Tuần lễ Văn hóa, thể thao và du lịch tỉnh "
https://baovinhlong.com.vn/phong-su-anh/202504/soi-noi-giai-vo-dich-xe-dap-tinh-vinh-long-mo-rong-9b00ad6/,docs/research/baovinhlong_du_lich_urls_2025_2026.csv,161,research_corpus,"""2025"",""2025-04-26"",""Vĩnh Long"",""direct_lead"",""high"",""title_or_lead"",""Sôi nổi Giải Vô địch xe đạp tỉnh Vĩnh Long mở rộng"",""https://baovinhlong.com.vn/phong-su-anh/202504/soi-noi-giai-vo-dich-xe-dap-tinh-vinh-long-mo-rong-9b00ad6/"",""Nằm trong khuôn khổ chương trình Tuần lễ Văn hóa, thể thao và du lịch tỉnh Vĩnh Long năm 2025, Giải Vô địch xe đạp tỉnh Vĩnh Long mở rộng năm 2025 thật sự là sân chơi giao lưu thể thao, kết nối niềm đam mê dành cho những VĐV yêu thích môn xe đạp."""
https://baovinhlong.com.vn/tin-moi/202504/tuan-le-van-hoa-the-thao-va-du-lich-hua-hen-ban-sac-an-toan-hap-dan-05709a1/,docs/research/baovinhlong_du_lich_urls_2025_2026.csv,162,research_corpus,"""2025"",""2025-04-25"",""Vĩnh Long"",""direct_title"",""high"",""title_or_lead"",""Tuần lễ Văn hóa, thể thao và Du lịch: Hứa hẹn bản sắc, an toàn, hấp dẫn"",""https://baovinhlong.com.vn/tin-moi/202504/tuan-le-van-hoa-the-thao-va-du-lich-hua-hen-ban-sac-an-toan-hap-dan-05709a1/"",""Lần đầu tiên tỉnh Vĩnh Long tổ chức Tuần lễ Văn hóa, thể thao và Du lịch, sự kiện sẽ khai mạc vào tối 29/4, tại Quảng trường TP Vĩnh Long, chào mừng kỷ niệm 50 năm Ngày Giải phóng miền Nam, thống nhất đất nước (30/4/1975-30/4/2025)."""
https://baovinhlong.com.vn/tin-moi/202504/hang-ngan-du-khach-thich-thu-tham-gia-chuong-trinh-quang-dien-tai-ngay-hoi-banh-dan-gian-nam-bo-42e3bbd/,docs/research/baovinhlong_du_lich_urls_2025_2026.csv,163,research_corpus,"""2025"",""2025-04-19"",""Vĩnh Long"",""direct_title"",""high"",""title_or_lead"",""Hàng ngàn du khách thích thú tham gia chương trình quảng diễn tại Ngày hội Bánh dân gian Nam Bộ"",""https://baovinhlong.com.vn/tin-moi/202504/hang-ngan-du-khach-thich-thu-tham-gia-chuong-trinh-quang-dien-tai-ngay-hoi-banh-dan-gian-nam-bo-42e3bbd/"",""Chiều ngày 19/4, chương trình biểu diễn, chế biến, tặng bánh dân gian trong khuôn khổ Ngày hội Bánh dân gian Nam Bộ kết hợp Hội chợ Xúc tiến thương mại, sản phẩm OCOP và đặc sản vùng"
https://baovinhlong.com.vn/phap-luat/202504/trien-khai-phuong-an-bao-ve-an-ninhtrat-tu-tuan-le-van-hoa-the-thaova-du-lich-tinh-va-cac-hoat-dong-dip-le-304-2360c31/,docs/research/baovinhlong_du_lich_urls_2025_2026.csv,164,research_corpus,"""2025"",""2025-04-16"",""Vĩnh Long"",""direct_title"",""high"",""title_or_lead"",""Triển khai phương án bảo vệ an ninh trật tự Tuần lễ Văn hóa, thể thao và du lịch tỉnh và các hoạt động dịp lễ 30/4"",""https://baovinhlong.com.vn/phap-luat/202504/trien-khai-phuong-an-bao-ve-an-ninhtrat-tu-tuan-le-van-hoa-the-thaova-du-lich-tinh-va-cac-hoat-dong-dip-le-304-2360c31/"",""Công an tỉnh vừa hội nghị triển khai phương án đảm bảo an ninh, trật tự lễ kỷ niệm 50 năm ngày Giải phóng miền Nam thống nhất đất nước và 50 năm n"
https://baovinhlong.com.vn/tin-moi/202504/tim-huong-sac-rienggiua-mien-song-nuoc-ef43078/,docs/research/baovinhlong_du_lich_urls_2025_2026.csv,165,research_corpus,"""2025"",""2025-04-12"",""Vĩnh Long"",""direct_lead"",""high"",""title_or_lead"",""Tìm hương sắc riêng giữa miền sông nước"",""https://baovinhlong.com.vn/tin-moi/202504/tim-huong-sac-rienggiua-mien-song-nuoc-ef43078/"",""Với vị trí nằm giữa ĐBSCL, mạng lưới sông rạch chằng chịt làm nên bãi bờ phù sa, dưỡng nuôi vườn cây trái, ruộng lúa tốt tươi. Nhờ đó mà du lịch (DL) sinh thái, DL sông nước miệt vườn của Vĩnh Long có điều kiện phát triển tự nhiên với những nét riêng có. Vĩnh Long không thiếu điểm đến hấp dẫn, k"
https://baovinhlong.com.vn/tin-moi/202504/tuan-le-van-hoa-the-thao-va-du-lich-2025-lan-toa-thong-diep-diem-hen-phuong-nam-voi-gia-tri-lich-su-van-hoa-doc-dao-0e0240b/,docs/research/baovinhlong_du_lich_urls_2025_2026.csv,166,research_corpus,"""2025"",""2025-04-10"",""Vĩnh Long"",""direct_lead"",""high"",""title_or_lead"",""Lan tỏa thông điệp Điểm hẹn phương Nam với giá trị lịch sử, văn hóa độc đáo"",""https://baovinhlong.com.vn/tin-moi/202504/tuan-le-van-hoa-the-thao-va-du-lich-2025-lan-toa-thong-diep-diem-hen-phuong-nam-voi-gia-tri-lich-su-van-hoa-doc-dao-0e0240b/"",""Ngày 10/4, Phó Chủ tịch UBND tỉnh Vĩnh Long- Nguyễn Thị Quyên Thanh chủ trì họp báo cung cấp thông tin về Tuần lễ Văn hóa, thể thao và Du lịch tỉnh Vĩnh Long và chuỗi sự kiện của tỉnh"
https://baovinhlong.com.vn/tin-moi/202504/to-chuc-tuan-le-van-hoa-the-thao-va-du-lich-tinh-vinh-long-cc70940/,docs/research/baovinhlong_du_lich_urls_2025_2026.csv,167,research_corpus,"""2025"",""2025-04-10"",""Vĩnh Long"",""direct_title"",""high"",""title_or_lead"",""Tổ chức Tuần lễ văn hóa, thể thao và du lịch tỉnh Vĩnh Long"",""https://baovinhlong.com.vn/tin-moi/202504/to-chuc-tuan-le-van-hoa-the-thao-va-du-lich-tinh-vinh-long-cc70940/"",""Theo Sở Văn hóa-TT-DL, chào mừng kỷ niệm 50 năm ngày Giải phóng miền Nam, thống nhất đất nước (30/4/1975-30/4/2025) và 139 năm ngày Quốc tế lao động (1/5/1886-1/5/2025), Tuần lễ văn hóa, thể thao và du lịch tỉnh Vĩnh Long sẽ được tổ chức trong 7 ngày từ n"
https://baovinhlong.com.vn/xa-hoi/202504/khach-du-lich-den-long-hotang-trong-quy-i-628447e/,docs/research/baovinhlong_du_lich_urls_2025_2026.csv,168,research_corpus,"""2025"",""2025-04-04"",""Vĩnh Long"",""direct_title"",""high"",""title_or_lead"",""Khách du lịch đến Long Hồ tăng trong quý I"",""https://baovinhlong.com.vn/xa-hoi/202504/khach-du-lich-den-long-hotang-trong-quy-i-628447e/"",""Trong quý I, lượng khách du lịch (DL) đến Long Hồ tiếp tục tăng mạnh, so với cùng kỳ năm trước tăng 5%, doanh thu tăng đến 17%."""
https://baovinhlong.com.vn/phong-su-ky-su/202503/yeu-van-hoa-dan-toc-theo-cach-cua-nguoi-tre-ky3cham-sach-giua-miet-vuon-song-nuoc-9c26ddc/,docs/research/baovinhlong_du_lich_urls_2025_2026.csv,169,research_corpus,"""2025"",""2025-03-26"",""Vĩnh Long"",""direct_lead"",""high"",""title_or_lead"",""Kỳ 3: “Chạm sách” giữa miệt vườn sông nước"",""https://baovinhlong.com.vn/phong-su-ky-su/202503/yeu-van-hoa-dan-toc-theo-cach-cua-nguoi-tre-ky3cham-sach-giua-miet-vuon-song-nuoc-9c26ddc/"",""Có một thư viện đặc biệt nằm trong một homestay trên cù lao An Bình (huyện Long Hồ, tỉnh Vĩnh Long) được đặt tên là “Thư viện miệt vườn”. Ở đây, những người trẻ được chạm tay vào sách, đọc sách, yêu sách. Hơn thế nữa, cơ hội gặp gỡ, giao lưu c"
https://baovinhlong.com.vn/van-hoa-giai-tri/202503/nhieu-hoat-dong-tai-le-hoi-xuan-dinh-di-tich-van-thanh-mieu-e1f30f4/,docs/research/baovinhlong_du_lich_urls_2025_2026.csv,170,research_corpus,"""2025"",""2025-03-10"",""Vĩnh Long"",""destination_event"",""medium"",""title_or_lead"",""Nhiều hoạt động tại lễ hội Xuân đinh di tích Văn Thánh Miếu"",""https://baovinhlong.com.vn/van-hoa-giai-tri/202503/nhieu-hoat-dong-tai-le-hoi-xuan-dinh-di-tich-van-thanh-mieu-e1f30f4/"",""Sở Văn hóa-TT-DL vừa tổ chức các hoạt động nhân lễ hội Xuân đinh tại di tích quốc gia Văn Thánh Miếu. Trong đó, tổ chức chương trình giáo dục tìm hiểu về di tích Văn Thánh Miếu; tổ chức các trò chơi dân gian; biểu diễn thể dục dưỡng sinh;"
https://baovinhlong.com.vn/tin-noi-bat/202503/gin-giu-phat-huy-ban-sac-van-hoa-cac-dan-toc-641676b/,docs/research/baovinhlong_du_lich_urls_2025_2026.csv,171,research_corpus,"""2025"",""2025-03-01"",""Vĩnh Long"",""direct_lead"",""high"",""title_or_lead"",""Gìn giữ, phát huy bản sắc văn hóa các dân tộc"",""https://baovinhlong.com.vn/tin-noi-bat/202503/gin-giu-phat-huy-ban-sac-van-hoa-cac-dan-toc-641676b/"",""Với mục tiêu gìn giữ, bảo tồn và phát triển văn hóa đồng bào các dân tộc thiểu số (DTTS), tỉnh Vĩnh Long đã triển khai nhiều hoạt động, việc làm thiết thực kết hợp khai thác và phát triển du lịch di sản, đem lại lợi ích cho cộng đồng."""
https://baovinhlong.com.vn/xa-hoi/du-lich/202502/tang-cuong-chat-van-hoa-vao-san-pham-du-lich-1b863bd/,docs/research/baovinhlong_du_lich_urls_2025_2026.csv,172,research_corpus,"""2025"",""2025-02-25"",""Vĩnh Long"",""tourism_category"",""high"",""content"",""Tăng cường chất văn hóa vào sản phẩm du lịch"",""https://baovinhlong.com.vn/xa-hoi/du-lich/202502/tang-cuong-chat-van-hoa-vao-san-pham-du-lich-1b863bd/"",""Sản phẩm du lịch (DL) là một loại hàng hóa rất đặc biệt trên nhiều góc độ. Đó là một loại hàng hóa mà người mua hàng đồng thời với quá trình thụ hưởng, do đó, vấn đề “nhạy cảm” nhất trong quá trình mua bán này chính là chất lượng, uy tín, thương hiệu của bên bán phải đảm bảo tuy"
https://baovinhlong.com.vn/xa-hoi/giao-duc-dao-tao/202502/nganh-quan-tri-dich-vu-du-lich-va-lu-hanh-hoc-gi-lam-gi-f0522f7/,docs/research/baovinhlong_du_lich_urls_2025_2026.csv,173,research_corpus,"""2025"",""2025-02-24"",""Vĩnh Long"",""direct_title"",""high"",""title_or_lead"",""Ngành quản trị dịch vụ du lịch và lữ hành học gì, làm gì?"",""https://baovinhlong.com.vn/xa-hoi/giao-duc-dao-tao/202502/nganh-quan-tri-dich-vu-du-lich-va-lu-hanh-hoc-gi-lam-gi-f0522f7/"",""Chiều 22/2, tại Trường ĐH Cửu Long có 520 học sinh lớp 12 Trường THPT Phú Quới (Long Hồ) và Trường THCS- THPT Mỹ Phước (Mang Thít) tham gia chương trình tư vấn hướng nghiệp và tuyển sinh năm 2025, do Sở GD- ĐT Vĩnh Long tổ chức."""
https://baovinhlong.com.vn/thoi-su/202502/bi-thu-tinh-uy-tran-tien-dung-khao-sat-cac-diem-du-lich-cong-ty-tai-huyen-long-ho-bf13126/,docs/research/baovinhlong_du_lich_urls_2025_2026.csv,174,research_corpus,"""2025"",""2025-02-14"",""Vĩnh Long"",""direct_title"",""high"",""title_or_lead"",""Bí thư Tỉnh ủy Trần Tiến Dũng khảo sát các điểm du lịch, công ty tại huyện Long Hồ"",""https://baovinhlong.com.vn/thoi-su/202502/bi-thu-tinh-uy-tran-tien-dung-khao-sat-cac-diem-du-lich-cong-ty-tai-huyen-long-ho-bf13126/"",""Sáng 14/2, Bí thư Tỉnh ủy Trần Tiến Dũng cùng đoàn công tác đã đến khảo sát các điểm du lịch, cơ sở sản xuất, kinh doanh trên địa bàn huyện Long Hồ, nhằm phục vụ xây dựng Văn kiện Đại hội Đảng bộ tỉnh lần thứ "
https://baovinhlong.com.vn/phap-luat/202502/xu-phat-555-trieu-dong-hoat-dong-van-hoa-du-lich-va-quang-cao-f6208c6/,docs/research/baovinhlong_du_lich_urls_2025_2026.csv,175,research_corpus,"""2025"",""2025-02-06"",""Vĩnh Long"",""direct_title"",""high"",""title_or_lead"",""Xử phạt 55,5 triệu đồng hoạt động văn hóa, du lịch và quảng cáo"",""https://baovinhlong.com.vn/phap-luat/202502/xu-phat-555-trieu-dong-hoat-dong-van-hoa-du-lich-va-quang-cao-f6208c6/"",""Bên cạnh việc thực hiện các kế hoạch kiểm tra lĩnh vực văn hóa, du lịch và quảng cáo nhằm đảm bảo cho người dân, du khách đến Vĩnh Long vui Xuân, đón Tết đảm bảo an toàn, lành mạnh, thời gian qua Thanh tra Sở Văn hóa-TT-DL còn phối hợp các lực lư"
https://baovinhlong.com.vn/xa-hoi/du-lich/202502/tam-giacket-noi-tour-du-lich-ben-tre-tra-vinh-vinh-long-1ca37b2/,docs/research/baovinhlong_du_lich_urls_2025_2026.csv,176,research_corpus,"""2025"",""2025-02-03"",""Vĩnh Long; Trà Vinh; Bến Tre"",""tourism_category"",""high"",""title_or_lead"",""“Tam giác” kết nối tour du lịch Bến Tre- Trà Vinh - Vĩnh Long"",""https://baovinhlong.com.vn/xa-hoi/du-lich/202502/tam-giacket-noi-tour-du-lich-ben-tre-tra-vinh-vinh-long-1ca37b2/"",""Đây chưa phải là một tuyến du lịch chính thức, nhưng từ đoàn famtrip thực hiện chuyến khảo sát liên tuyến 3 tỉnh Bến Tre- Trà Vinh- Vĩnh Long, với chủ đề “Từ sông ra biển”, đã cho thấy tiềm năng rất lớn và tính khả thi để xây "
https://baovinhlong.com.vn/kinh-te/202502/ho-tro-doanh-nghiep-trang-bi-may-moc-phuc-vu-san-xuat-kinh-doanh-phat-trien-san-pham-gom-du-lich-b7a0885/,docs/research/baovinhlong_du_lich_urls_2025_2026.csv,177,research_corpus,"""2025"",""2025-02-03"",""Vĩnh Long"",""direct_title"",""high"",""title_or_lead"",""Hỗ trợ doanh nghiệp trang bị máy móc phục vụ sản xuất kinh doanh, phát triển sản phẩm gốm du lịch"",""https://baovinhlong.com.vn/kinh-te/202502/ho-tro-doanh-nghiep-trang-bi-may-moc-phuc-vu-san-xuat-kinh-doanh-phat-trien-san-pham-gom-du-lich-b7a0885/"",""Nghề sản xuất gốm ở Vĩnh Long là một trong số ít làng nghề tại ĐBSCL có từ xưa đến nay. Tuy hiện nay nghề sản xuất gốm ở Vĩnh Long đang gặp phải những khó khăn nhất định nhưng với"
https://baovinhlong.com.vn/tin-moi/202502/khoang-18600-luot-khach-vieng-lang-ong-nhung-ngay-dau-xuan-at-ty-2025-e34339a/,docs/research/baovinhlong_du_lich_urls_2025_2026.csv,178,research_corpus,"""2025"",""2025-02-03"",""Vĩnh Long"",""direct_title"",""high"",""title_or_lead"",""Khoảng 18.600 lượt khách viếng Lăng Ông những ngày đầu xuân Ất Tỵ 2025"",""https://baovinhlong.com.vn/tin-moi/202502/khoang-18600-luot-khach-vieng-lang-ong-nhung-ngay-dau-xuan-at-ty-2025-e34339a/"",""Ông Lê Hoàng Khải- Trưởng Ban Di tích Lăng Ông Tiền quân Thống chế Điều bát Nguyễn Văn Tồn (khóm Giồng Thanh Bạch, thị trấn Trà Ôn, huyện Trà Ôn) vừa cho biết, ước tính có khoảng 18.600 lượt du khách thập phương đến viếng Lăng Ông dị"
https://baovinhlong.com.vn/xa-hoi/du-lich/202502/ky-vong-nang-tamdi-san-lang-nghegach-gom-do-0f23a4f/,docs/research/baovinhlong_du_lich_urls_2025_2026.csv,179,research_corpus,"""2025"",""2025-02-03"",""Vĩnh Long"",""tourism_category"",""high"",""title_or_lead"",""Kỳ vọng nâng tầm di sản làng nghề gạch gốm đỏ"",""https://baovinhlong.com.vn/xa-hoi/du-lich/202502/ky-vong-nang-tamdi-san-lang-nghegach-gom-do-0f23a4f/"",""Festival Gạch gốm đỏ - Kinh tế xanh tỉnh Vĩnh Long lần I năm 2024 (gọi tắt là festival), được xem là sự kiện văn hóa lớn nhất trong năm vừa qua và được đánh giá là đã thành công tốt đẹp."""
https://baovinhlong.com.vn/video/202502/vinh-long-thu-hut-dong-dao-khach-du-lich-dip-tet-84405f6/,docs/research/baovinhlong_du_lich_urls_2025_2026.csv,180,research_corpus,"""2025"",""2025-02-03"",""Vĩnh Long"",""direct_title"",""high"",""title_or_lead"",""Vĩnh Long thu hút đông đảo khách du lịch dịp Tết"",""https://baovinhlong.com.vn/video/202502/vinh-long-thu-hut-dong-dao-khach-du-lich-dip-tet-84405f6/"",""Theo Sở Văn hóa, Thể thao và Du lịch Vĩnh Long, từ ngày 27/1 đến 2/2 (tức từ ngày 28 tháng Chạp đến mùng 5 tháng Giêng), Vĩnh Long đã đón khoảng 75.000 lượt khách, trong đó khách quốc tế đạt trên 1.000 lượt, đến tham quan và trải nghiệm các hoạt động du xuân và khám phá các khu"
https://baovinhlong.com.vn/xa-hoi/du-lich/202502/vinh-long-don-75000-luot-du-khach-trong-dip-tet-at-ty-d7a2174/,docs/research/baovinhlong_du_lich_urls_2025_2026.csv,181,research_corpus,"""2025"",""2025-02-02"",""Vĩnh Long"",""tourism_category"",""high"",""title_or_lead"",""Vĩnh Long đón 75.000 lượt du khách trong dịp Tết Ất Tỵ"",""https://baovinhlong.com.vn/xa-hoi/du-lich/202502/vinh-long-don-75000-luot-du-khach-trong-dip-tet-at-ty-d7a2174/"",""Trong dịp Tết Ất Tỵ, từ ngày 28 Tết đến mùng 5 Tết, Vĩnh Long đã đón khoảng 75.000 lượt khách đến tham quan, trải nghiệm các hoạt động du xuân và khám phá các khu du lịch, di tích, điểm đến nổi bật trên địa bàn tỉnh. Con số này ghi nhận mức tăng hơn 6% s"
https://baovinhlong.com.vn/van-hoa-giai-tri/202502/22-doi-thi-lam-banh-dan-gian-tai-le-hoi-lang-ong-tra-on-10f34b2/,docs/research/baovinhlong_du_lich_urls_2025_2026.csv,182,research_corpus,"""2025"",""2025-02-01"",""Vĩnh Long"",""destination_event"",""medium"",""title_or_lead"",""22 đội thi “Làm bánh dân gian” tại Lễ hội Lăng ông Trà Ôn"",""https://baovinhlong.com.vn/van-hoa-giai-tri/202502/22-doi-thi-lam-banh-dan-gian-tai-le-hoi-lang-ong-tra-on-10f34b2/"",""Sáng ngày 1/2 (nhằm mùng 4 Tết Nguyên đán Ất Tỵ 2025), tại Lễ hội Lăng ông Trà Ôn – kỷ niệm 205 năm ngày mất của Tiền quân Thống chế Điều bát Nguyễn Văn Tồn (khóm Giồng Thanh Bạch, thị trấn Trà Ôn, huyện Trà Ôn), diễn ra hội thi “Làm bánh dân g"
https://baovinhlong.com.vn/multimedia/202502/dac-sac-le-hoi-lang-ong-tien-quan-thong-che-dieu-bat-1dc30aa/,docs/research/baovinhlong_du_lich_urls_2025_2026.csv,183,research_corpus,"""2025"",""2025-02-01"",""Vĩnh Long"",""destination_event"",""medium"",""title_or_lead"",""Đặc sắc lễ hội Lăng ông Tiền quân Thống chế Điều bát"",""https://baovinhlong.com.vn/multimedia/202502/dac-sac-le-hoi-lang-ong-tien-quan-thong-che-dieu-bat-1dc30aa/"",""Trong 2 ngày mùng 3 và 4 Tết, người dân thập phương nô nức về dự lễ hội Lăng Ông Tiền quân Thống chế Điều bát Nguyễn Văn Tồn (khóm Giồng Thanh Bạch, thị trấn Trà Ôn, huyện Trà Ôn)."""
https://baovinhlong.com.vn/video/202502/du-xuan-vui-le-hoi-lang-ong-bc94638/,docs/research/baovinhlong_du_lich_urls_2025_2026.csv,184,research_corpus,"""2025"",""2025-02-01"",""Vĩnh Long"",""direct_title"",""high"",""title_or_lead"",""Du Xuân vui lễ hội Lăng ông"",""https://baovinhlong.com.vn/video/202502/du-xuan-vui-le-hoi-lang-ong-bc94638/"",""Hàng năm vào mùng 3, mùng 4 tháng Giêng âm lịch, du khách xa gần nô nức về dự lễ giỗ Tiền quân Thống chế Điều bát Nguyễn Văn Tồn (tại khóm Giồng Thanh Bạch, thị trấn Trà Ôn, huyện Trà Ôn). Tết Nguyên đán Ất Tỵ 2025 là lễ kỷ niệm 205 năm ngày mất của Tiền quân Thống chế Điều bát Nguyễn Văn Tồn (1820-2025)."""
https://baovinhlong.com.vn/xa-hoi/du-lich/202501/long-ho-diem-nhan-rieng-tu-du-lich-dac-thudia-phuong-b7038f9/,docs/research/baovinhlong_du_lich_urls_2025_2026.csv,185,research_corpus,"""2025"",""2025-01-31"",""Vĩnh Long; Trà Vinh"",""tourism_category"",""high"",""title_or_lead"",""Long Hồ: Điểm nhấn riêng từ du lịch đặc thù địa phương"",""https://baovinhlong.com.vn/xa-hoi/du-lich/202501/long-ho-diem-nhan-rieng-tu-du-lich-dac-thudia-phuong-b7038f9/"",""Việc khai thác tài nguyên du lịch từ thế mạnh, tài nguyên địa phương thời gian qua đã giúp hoạt động du lịch của huyện Long Hồ ngày càng phát triển, trở thành trung tâm du lịch của tỉnh, chất lượng các dịch vụ du lịch ngày càng được nâng cao, ph"
https://baovinhlong.com.vn/kinh-te/202501/phat-trien-kinh-te-xanhgan-voi-bao-ton-phat-huygia-tri-van-hoa-33e22bc/,docs/research/baovinhlong_du_lich_urls_2025_2026.csv,186,research_corpus,"""2025"",""2025-01-31"",""Vĩnh Long"",""direct_lead"",""high"",""title_or_lead"",""Phát triển kinh tế xanh gắn với bảo tồn, phát huy giá trị văn hóa"",""https://baovinhlong.com.vn/kinh-te/202501/phat-trien-kinh-te-xanhgan-voi-bao-ton-phat-huygia-tri-van-hoa-33e22bc/"",""Tại sự kiện công bố Quy hoạch tỉnh Vĩnh Long thời kỳ 2021-2030, tầm nhìn đến năm 2050, vào tháng 3/2024, Thủ tướng Chính phủ Phạm Minh Chính đã lưu ý tỉnh cần lựa chọn, tập trung phát triển các ngành kinh tế đúng với tiềm năng, lợi thế của tỉnh, "
https://baovinhlong.com.vn/tin-moi/202501/chao-mung-doan-du-khach-quoc-te-dau-tien-den-vinh-long-dau-xuan-at-ty-2025-30c1adf/,docs/research/baovinhlong_du_lich_urls_2025_2026.csv,187,research_corpus,"""2025"",""2025-01-29"",""Vĩnh Long"",""direct_title"",""high"",""title_or_lead"",""Chào mừng đoàn du khách quốc tế đầu tiên đến Vĩnh Long đầu Xuân Ất Tỵ 2025"",""https://baovinhlong.com.vn/tin-moi/202501/chao-mung-doan-du-khach-quoc-te-dau-tien-den-vinh-long-dau-xuan-at-ty-2025-30c1adf/"",""Sáng ngày 29/01 (Mùng 1 Tết), tại Bến cảng hành khách Vĩnh Long, Sở Văn hóa -TT-DL tổ chức “Lễ đón đoàn khách du lịch quốc tế đầu tiên đến Vĩnh Long đầu Xuân Ất Tỵ năm 2025”."""
https://baovinhlong.com.vn/tin-moi/202501/du-xuan-dau-nam-moi-0ba1bf7/,docs/research/baovinhlong_du_lich_urls_2025_2026.csv,188,research_corpus,"""2025"",""2025-01-29"",""Vĩnh Long"",""direct_title"",""high"",""title_or_lead"",""Du xuân đầu năm mới"",""https://baovinhlong.com.vn/tin-moi/202501/du-xuan-dau-nam-moi-0ba1bf7/"",""Ngày mùng 1 Tết Ất Tỵ năm 2025, tại TP Vĩnh Long, nhiều tuyến đường phố được trang hoàng rực rỡ sắc màu Xuân. Nhiều khu check-in được trang trí tỉ mỉ, thu hút lượng lớn người dân về du xuân và chụp ảnh."""
https://baovinhlong.com.vn/multimedia/202501/xum-xinh-ao-quan-di-chup-anh-tet-tai-la-con-duong-gom-va-dai-nhat-viet-nam-a9a1fea/,docs/research/baovinhlong_du_lich_urls_2025_2026.csv,189,research_corpus,"""2025"",""2025-01-28"",""Vĩnh Long"",""destination_event"",""medium"",""title_or_lead"",""Xúm xính áo quần đi chụp ảnh Tết tại là “Con đường gốm và dài nhất Việt Nam”"",""https://baovinhlong.com.vn/multimedia/202501/xum-xinh-ao-quan-di-chup-anh-tet-tai-la-con-duong-gom-va-dai-nhat-viet-nam-a9a1fea/"",""Tại TP Vĩnh Long, không khí xuân đang tràn ngập khắp mọi nơi. Các con đường cờ hoa rực rỡ, nhiều hàng quán, nhà người dân cũng chủ động trang trí để chào đón xuân. Trong đó, điểm nhấn mang đậm không khí Tết chính"
https://baovinhlong.com.vn/video/202501/xuan-ve-ron-rang-tai-cac-diem-kinh-doanh-dich-vu-du-lich-c861ca4/,docs/research/baovinhlong_du_lich_urls_2025_2026.csv,190,research_corpus,"""2025"",""2025-01-27"",""Vĩnh Long"",""direct_title"",""high"",""title_or_lead"",""Xuân về rộn ràng tại các điểm kinh doanh dịch vụ du lịch"",""https://baovinhlong.com.vn/video/202501/xuan-ve-ron-rang-tai-cac-diem-kinh-doanh-dich-vu-du-lich-c861ca4/"",""Chuẩn bị đón khách du lịch du xuân dịp Tết Nguyên đán các cơ sở kinh doanh dịch vụ du lịch trên địa bàn tỉnh Vĩnh Long đã hoàn tất việc chuẩn bị cơ sở vật chất, nhân lực cùng các sản phẩm hấp dẫn. Trong đó chú trọng phát huy các thế mạnh đặc trưng sông nước miệt"
https://baovinhlong.com.vn/nhip-song-dong-bang/202501/mien-tay-vao-mua-hoa-dep-nhat-ky3ve-lang-mai-vang-bac-ty-phuoc-dinh-dc25e73/,docs/research/baovinhlong_du_lich_urls_2025_2026.csv,191,research_corpus,"""2025"",""2025-01-22"",""Vĩnh Long"",""direct_lead"",""high"",""title_or_lead"",""Kỳ 3: Về làng mai vàng “bạc tỷ” Phước Định"",""https://baovinhlong.com.vn/nhip-song-dong-bang/202501/mien-tay-vao-mua-hoa-dep-nhat-ky3ve-lang-mai-vang-bac-ty-phuoc-dinh-dc25e73/"",""Cùng với các làng hoa kiểng khác của miền Tây, Làng mai vàng Phước Định (xã Bình Hòa Phước, huyện Long Hồ, Vĩnh Long) ghi danh vào “bản đồ” những làng hoa kiểng nổi tiếng nhờ nét độc đáo riêng có. Đến đây, du khách không chỉ ngắm tận mắt, sờ tận tay nh"
https://baovinhlong.com.vn/tin-moi/202501/xay-dung-va-phat-triensan-pham-du-lich-dac-thu-c140778/,docs/research/baovinhlong_du_lich_urls_2025_2026.csv,192,research_corpus,"""2025"",""2025-01-14"",""Vĩnh Long"",""direct_title"",""high"",""title_or_lead"",""Xây dựng và phát triển sản phẩm du lịch đặc thù"",""https://baovinhlong.com.vn/tin-moi/202501/xay-dung-va-phat-triensan-pham-du-lich-dac-thu-c140778/"",""Vĩnh Long tiếp tục phát huy thế mạnh các sản phẩm hiện có, các sản phẩm thế mạnh truyền thống; bên cạnh định hướng, xây dựng những tour tuyến mới, những tiềm năng trở thành những sản phẩm thực chất đưa vào thị trường khai thác trong tương lai."""
https://baovinhlong.com.vn/xa-hoi/du-lich/202501/to-chuc-lai-khong-gian-phat-trien-du-lich-ky-cuoixay-dung-dong-san-pham-di-san-van-hoa-lang-nghe-b206409/,docs/research/baovinhlong_du_lich_urls_2025_2026.csv,193,research_corpus,"""2025"",""2025-01-08"",""Vĩnh Long"",""tourism_category"",""high"",""title_or_lead"",""Kỳ cuối: Xây dựng dòng sản phẩm di sản văn hóa, làng nghề"",""https://baovinhlong.com.vn/xa-hoi/du-lich/202501/to-chuc-lai-khong-gian-phat-trien-du-lich-ky-cuoixay-dung-dong-san-pham-di-san-van-hoa-lang-nghe-b206409/"",""Nhìn lại sau 2 năm cơ cấu ngành du lịch (DL) tỉnh Vĩnh Long đã đạt được những thành quả nhất định. Trong đó, những định hướng và những bước khởi đầu quan trọng cho những dự án phát huy giá trị di sản văn hóa "
https://baovinhlong.com.vn/thoi-su/202501/ban-hanh-23-danh-muc-dich-vu-su-nghiep-cong-su-dung-ngan-sach-nha-nuoc-linh-vuc-van-hoa-gia-dinh-va-du-lich-aa862cd/,docs/research/baovinhlong_du_lich_urls_2025_2026.csv,194,research_corpus,"""2025"",""2025-01-08"",""Vĩnh Long"",""direct_title"",""high"",""title_or_lead"",""Trình ban hành 23 danh mục dịch vụ sự nghiệp công sử dụng ngân sách nhà nước lĩnh vực văn hóa, gia đình và du lịch"",""https://baovinhlong.com.vn/thoi-su/202501/ban-hanh-23-danh-muc-dich-vu-su-nghiep-cong-su-dung-ngan-sach-nha-nuoc-linh-vuc-van-hoa-gia-dinh-va-du-lich-aa862cd/"",""UBND tỉnh trình HĐND tỉnh ban hành nghị quyết về “Ban hành danh mục dịch vụ sự nghiệp công sử dụng ngân sách nhà nước trong lĩnh vực văn hóa, gia đình,"
https://baovinhlong.com.vn/xa-hoi/du-lich/202501/to-chuc-lai-khong-gian-phat-trien-du-lich-939670e/,docs/research/baovinhlong_du_lich_urls_2025_2026.csv,195,research_corpus,"""2025"",""2025-01-07"",""Vĩnh Long"",""tourism_category"",""high"",""title_or_lead"",""Tổ chức lại không gian phát triển du lịch"",""https://baovinhlong.com.vn/xa-hoi/du-lich/202501/to-chuc-lai-khong-gian-phat-trien-du-lich-939670e/"",""Ngày 16/8/2022, UBND tỉnh Vĩnh Long đã ban hành Quyết định số 1657/QĐ-UBND phê duyệt Đề án cơ cấu lại ngành du lịch (DL) tỉnh Vĩnh Long đáp ứng yêu cầu phát triển thành ngành kinh tế quan trọng đến năm 2025. Theo đó, một trong những nhiệm vụ quan trọng là tổ chức lại không gian "
https://baovinhlong.com.vn/xa-hoi/du-lich/202602/song-nuoc-miet-vuon-an-binh-giu-chan-du-khach-c180357/,docs/research/danh_muc_chuyen_sau_dia_diem_le_hoi_van_hoa_vl_tv_bt.csv,2,research_corpus,"""Vĩnh Long"",""Địa điểm"",""Cù lao An Bình - Long Hồ"",""A"",""Quanh năm; đẹp nhất mùa trái cây và dịp cuối tuần"",""Không gian cư trú ven sông Tiền, vườn cây ăn trái, nhà vườn, homestay và nếp sống miệt vườn."",""Đi ghe/đò, đạp xe, vườn trái cây, bữa cơm nhà vườn, nghe đờn ca tài tử, nghỉ homestay."",""Làm điểm mở đầu cho tuyến “sông nước - gốm đỏ - xứ dừa/Khmer”."",""Dễ cũ nếu chỉ lặp lại mô-típ vườn cây; cần nâng chất kể chuyện, vệ sinh, an toàn đường thủy."",""https://baovinhlong.com.vn/xa-hoi/du-lich/202602/"
https://vinhlong.gov.vn/du-khach/%C4%91iem-du-lich,docs/research/danh_muc_chuyen_sau_dia_diem_le_hoi_van_hoa_vl_tv_bt.csv,2,research_corpus,"""Vĩnh Long"",""Địa điểm"",""Cù lao An Bình - Long Hồ"",""A"",""Quanh năm; đẹp nhất mùa trái cây và dịp cuối tuần"",""Không gian cư trú ven sông Tiền, vườn cây ăn trái, nhà vườn, homestay và nếp sống miệt vườn."",""Đi ghe/đò, đạp xe, vườn trái cây, bữa cơm nhà vườn, nghe đờn ca tài tử, nghỉ homestay."",""Làm điểm mở đầu cho tuyến “sông nước - gốm đỏ - xứ dừa/Khmer”."",""Dễ cũ nếu chỉ lặp lại mô-típ vườn cây; cần nâng chất kể chuyện, vệ sinh, an toàn đường thủy."",""https://baovinhlong.com.vn/xa-hoi/du-lich/202602/"
https://baovinhlong.com.vn/phong-su-ky-su/202604/phat-trien-san-pham-du-lich-dac-thu-tu-lang-nghe-gach-gom-7f54c8b/,docs/research/danh_muc_chuyen_sau_dia_diem_le_hoi_van_hoa_vl_tv_bt.csv,3,research_corpus,"""Vĩnh Long"",""Địa điểm/Làng nghề"",""Khu lò gạch, gốm Mang Thít"",""A"",""Quanh năm; phù hợp sáng sớm/chiều muộn, tour ảnh"",""Di sản nghề gạch gốm ven sông, ký ức sản xuất và cảnh quan lò gạch đặc thù."",""Tham quan lò gạch, workshop gốm, chụp ảnh, kể chuyện làng nghề, tuyến đêm ánh sáng gốm."",""Ghép với An Bình, Bảo tàng Nông nghiệp, đường sông Cổ Chiên."",""Cần quản trị an toàn công trình cũ, giao thông nội bộ, quyền lợi cộng đồng và tránh biến thành điểm check-in đơn thuần."",""https://baovinhlong.com.vn/ph"
https://vinhlong.gov.vn/du-khach/di-tich-lich-su,docs/research/danh_muc_chuyen_sau_dia_diem_le_hoi_van_hoa_vl_tv_bt.csv,3,research_corpus,"""Vĩnh Long"",""Địa điểm/Làng nghề"",""Khu lò gạch, gốm Mang Thít"",""A"",""Quanh năm; phù hợp sáng sớm/chiều muộn, tour ảnh"",""Di sản nghề gạch gốm ven sông, ký ức sản xuất và cảnh quan lò gạch đặc thù."",""Tham quan lò gạch, workshop gốm, chụp ảnh, kể chuyện làng nghề, tuyến đêm ánh sáng gốm."",""Ghép với An Bình, Bảo tàng Nông nghiệp, đường sông Cổ Chiên."",""Cần quản trị an toàn công trình cũ, giao thông nội bộ, quyền lợi cộng đồng và tránh biến thành điểm check-in đơn thuần."",""https://baovinhlong.com.vn/ph"
https://baovinhlong.com.vn/van-hoa-giai-tri/202603/le-xuan-dinh-net-dep-van-hoa-tai-di-tich-van-thanh-mieu-2023470/,docs/research/danh_muc_chuyen_sau_dia_diem_le_hoi_van_hoa_vl_tv_bt.csv,4,research_corpus,"""Vĩnh Long"",""Di tích/Văn hóa"",""Văn Thánh Miếu"",""A-"",""Lễ Xuân Đinh, sự kiện giáo dục - văn hóa"",""Một trục Nho học - ký ức đô thị Nam Bộ, có giá trị giáo dục, lễ nghi và lịch sử địa phương."",""Tham quan di tích, lễ hội Xuân Đinh, giáo dục trải nghiệm, tour học đường."",""Ghép với trung tâm Vĩnh Long, bảo tàng, ẩm thực, đường gốm."",""Cần diễn giải dễ hiểu cho khách trẻ; tránh chỉ là điểm thắp hương/chụp ảnh."",""https://baovinhlong.com.vn/van-hoa-giai-tri/202603/le-xuan-dinh-net-dep-van-hoa-tai-di-tich-v"
https://vinhlong.gov.vn/du-khach/di-tich-lich-su,docs/research/danh_muc_chuyen_sau_dia_diem_le_hoi_van_hoa_vl_tv_bt.csv,4,research_corpus,"""Vĩnh Long"",""Di tích/Văn hóa"",""Văn Thánh Miếu"",""A-"",""Lễ Xuân Đinh, sự kiện giáo dục - văn hóa"",""Một trục Nho học - ký ức đô thị Nam Bộ, có giá trị giáo dục, lễ nghi và lịch sử địa phương."",""Tham quan di tích, lễ hội Xuân Đinh, giáo dục trải nghiệm, tour học đường."",""Ghép với trung tâm Vĩnh Long, bảo tàng, ẩm thực, đường gốm."",""Cần diễn giải dễ hiểu cho khách trẻ; tránh chỉ là điểm thắp hương/chụp ảnh."",""https://baovinhlong.com.vn/van-hoa-giai-tri/202603/le-xuan-dinh-net-dep-van-hoa-tai-di-tich-v"
https://baovinhlong.com.vn/van-hoa-giai-tri/202601/to-chuc-dat-cay-uoc-nguyen-tai-lang-ong-4d140e2/,docs/research/danh_muc_chuyen_sau_dia_diem_le_hoi_van_hoa_vl_tv_bt.csv,5,research_corpus,"""Vĩnh Long"",""Di tích/Lễ hội"",""Lăng Ông Trà Ôn - Nguyễn Văn Tồn"",""A"",""Mùng 3-4 tháng Giêng âm lịch; các ngày giỗ phụ trong năm"",""Giao thoa Việt - Hoa - Khmer, tín ngưỡng tiền hiền/phúc thần, hát bội, nhạc ngũ âm và lễ cầu phước đầu xuân."",""Du xuân, hành hương, xem nghi lễ, hát bội/múa lân/nhạc Khmer, kết hợp chợ quê Trà Ôn."",""Tạo tour Tết/Lễ hội đầu năm nối Trà Ôn - Cầu Kè - Cổ Chiên."",""Cần tách rõ nghi lễ cộng đồng và trải nghiệm du khách; quản trị đông khách dịp Tết."",""https://baovinhlong.com.v"
https://vinhlong.gov.vn/LinkClick.aspx?fileticket=6imoU-cmqnY%3D&mid=10814&portalid=0&tabid=63,docs/research/danh_muc_chuyen_sau_dia_diem_le_hoi_van_hoa_vl_tv_bt.csv,5,research_corpus,"""Vĩnh Long"",""Di tích/Lễ hội"",""Lăng Ông Trà Ôn - Nguyễn Văn Tồn"",""A"",""Mùng 3-4 tháng Giêng âm lịch; các ngày giỗ phụ trong năm"",""Giao thoa Việt - Hoa - Khmer, tín ngưỡng tiền hiền/phúc thần, hát bội, nhạc ngũ âm và lễ cầu phước đầu xuân."",""Du xuân, hành hương, xem nghi lễ, hát bội/múa lân/nhạc Khmer, kết hợp chợ quê Trà Ôn."",""Tạo tour Tết/Lễ hội đầu năm nối Trà Ôn - Cầu Kè - Cổ Chiên."",""Cần tách rõ nghi lễ cộng đồng và trải nghiệm du khách; quản trị đông khách dịp Tết."",""https://baovinhlong.com.v"
https://baovinhlong.com.vn/xa-hoi/du-lich/202603/diem-nhan-hap-dan-du-lich-duong-thuy-28331ea/,docs/research/danh_muc_chuyen_sau_dia_diem_le_hoi_van_hoa_vl_tv_bt.csv,6,research_corpus,"""Vĩnh Long"",""Đường thủy"",""Sông Cổ Chiên - tuyến du lịch đường sông"",""A"",""Quanh năm, tránh thời tiết xấu/mưa lớn"",""Dòng sông là hạ tầng văn hóa của cư dân: chợ, vườn, nghề, đình miếu, giao thương."",""Famtrip/tuyến đường sông, ngắm cảnh, ghé cù lao, làng nghề, bữa ăn ven sông."",""Xương sống nối Vĩnh Long - Trà Vinh - Bến Tre theo mô-típ “từ sông ra biển”."",""An toàn phương tiện, bến bãi, vệ sinh và lịch vận hành là điều kiện sống còn."",""https://baovinhlong.com.vn/xa-hoi/du-lich/202603/diem-nhan-hap-d"
https://baovinhlong.com.vn/phong-su-anh/202602/thang-canh-ao-ba-om-thu-hut-khach-du-xuan-3db0b58/,docs/research/danh_muc_chuyen_sau_dia_diem_le_hoi_van_hoa_vl_tv_bt.csv,7,research_corpus,"""Trà Vinh"",""Địa điểm/Di tích"",""Ao Bà Om - Chùa Âng - Bảo tàng Khmer"",""A+"",""Quanh năm; cao điểm Ok Om Bok và du xuân"",""Cụm biểu tượng Khmer: danh thắng Ao Bà Om, chùa Âng, bảo tàng văn hóa Khmer, truyền thuyết đào ao và sinh hoạt lễ hội."",""Tham quan cảnh quan cổ thụ, chùa, bảo tàng, chụp ảnh, học văn hóa Khmer, ẩm thực quanh điểm."",""Trục bắt buộc của tuyến Trà Vinh; ghép với Chùa Hang, Cầu Kè, Ba Động."",""Dễ quá tải mùa lễ hội; cần diễn giải văn hóa tôn trọng không gian tôn giáo."",""https://baovinh"
https://vietnamtourism.gov.vn/post/60328,docs/research/danh_muc_chuyen_sau_dia_diem_le_hoi_van_hoa_vl_tv_bt.csv,7,research_corpus,"""Trà Vinh"",""Địa điểm/Di tích"",""Ao Bà Om - Chùa Âng - Bảo tàng Khmer"",""A+"",""Quanh năm; cao điểm Ok Om Bok và du xuân"",""Cụm biểu tượng Khmer: danh thắng Ao Bà Om, chùa Âng, bảo tàng văn hóa Khmer, truyền thuyết đào ao và sinh hoạt lễ hội."",""Tham quan cảnh quan cổ thụ, chùa, bảo tàng, chụp ảnh, học văn hóa Khmer, ẩm thực quanh điểm."",""Trục bắt buộc của tuyến Trà Vinh; ghép với Chùa Hang, Cầu Kè, Ba Động."",""Dễ quá tải mùa lễ hội; cần diễn giải văn hóa tôn trọng không gian tôn giáo."",""https://baovinh"
https://baovinhlong.com.vn/phong-su-anh/202606/chum-anh-ngam-dan-co-trang-tao-hinh-song-dong-o-chua-hang-24a6cff/,docs/research/danh_muc_chuyen_sau_dia_diem_le_hoi_van_hoa_vl_tv_bt.csv,8,research_corpus,"""Trà Vinh"",""Địa điểm/Sinh thái"",""Chùa Hang - Kompong Chrây"",""A"",""Quanh năm; tốt cho tour ảnh thiên nhiên"",""Chùa Khmer gắn với rừng cây, đàn chim/cò và không gian tu học, tạo giao điểm giữa tâm linh và sinh thái."",""Tham quan chùa, ngắm chim/cò, chụp ảnh, tìm hiểu kiến trúc Khmer."",""Ghép với Ao Bà Om - Bảo tàng Khmer thành tour nửa ngày văn hóa Khmer."",""Cần bảo vệ sinh cảnh chim, kiểm soát tiếng ồn và hành vi chụp ảnh."",""https://baovinhlong.com.vn/phong-su-anh/202606/chum-anh-ngam-dan-co-trang-tao"
https://vinhlong.gov.vn/du-khach/di-tich-lich-su,docs/research/danh_muc_chuyen_sau_dia_diem_le_hoi_van_hoa_vl_tv_bt.csv,8,research_corpus,"""Trà Vinh"",""Địa điểm/Sinh thái"",""Chùa Hang - Kompong Chrây"",""A"",""Quanh năm; tốt cho tour ảnh thiên nhiên"",""Chùa Khmer gắn với rừng cây, đàn chim/cò và không gian tu học, tạo giao điểm giữa tâm linh và sinh thái."",""Tham quan chùa, ngắm chim/cò, chụp ảnh, tìm hiểu kiến trúc Khmer."",""Ghép với Ao Bà Om - Bảo tàng Khmer thành tour nửa ngày văn hóa Khmer."",""Cần bảo vệ sinh cảnh chim, kiểm soát tiếng ồn và hành vi chụp ảnh."",""https://baovinhlong.com.vn/phong-su-anh/202606/chum-anh-ngam-dan-co-trang-tao"
https://baovinhlong.com.vn/van-hoa-giai-tri/202605/hang-may-anh-canon-chon-bien-ba-dong-to-chuc-hoi-thaochia-se-ve-kien-thuc-nhiep-anh-d191781/,docs/research/danh_muc_chuyen_sau_dia_diem_le_hoi_van_hoa_vl_tv_bt.csv,9,research_corpus,"""Trà Vinh"",""Địa điểm/Biển"",""Biển Ba Động - Trường Long Hòa"",""A"",""Tết, hè, bình minh/sáng sớm; tour phototrip"",""Biển miền Tây, làng chài, hàng dương, hải sản, không gian ven biển và kinh tế biển."",""Ngắm bình minh, biển, hải sản, ảnh cảnh quan, kết hợp điện gió/ven biển nếu phù hợp."",""Điểm “ra biển” trong hành trình sông - vườn - Khmer - biển."",""Cần nâng chất vệ sinh, dịch vụ, an toàn tắm biển, sản phẩm buổi tối."",""https://baovinhlong.com.vn/van-hoa-giai-tri/202605/hang-may-anh-canon-chon-bien-ba-"
https://vietnamtourism.gov.vn/post/38054,docs/research/danh_muc_chuyen_sau_dia_diem_le_hoi_van_hoa_vl_tv_bt.csv,9,research_corpus,"""Trà Vinh"",""Địa điểm/Biển"",""Biển Ba Động - Trường Long Hòa"",""A"",""Tết, hè, bình minh/sáng sớm; tour phototrip"",""Biển miền Tây, làng chài, hàng dương, hải sản, không gian ven biển và kinh tế biển."",""Ngắm bình minh, biển, hải sản, ảnh cảnh quan, kết hợp điện gió/ven biển nếu phù hợp."",""Điểm “ra biển” trong hành trình sông - vườn - Khmer - biển."",""Cần nâng chất vệ sinh, dịch vụ, an toàn tắm biển, sản phẩm buổi tối."",""https://baovinhlong.com.vn/van-hoa-giai-tri/202605/hang-may-anh-canon-chon-bien-ba-"
https://baovinhlong.com.vn/xa-hoi/du-lich/202512/cong-nhan-bao-tang-dua-sap-tra-vinh-diem-du-lich-tieu-bieu-dbscl-52d0937/,docs/research/danh_muc_chuyen_sau_dia_diem_le_hoi_van_hoa_vl_tv_bt.csv,10,research_corpus,"""Trà Vinh"",""Bảo tàng/Đặc sản"",""Bảo tàng Dừa sáp Trà Vinh - Cầu Kè/Tam Ngãi"",""A"",""Quanh năm; hợp với tour học đường, ẩm thực, OCOP"",""Câu chuyện dừa sáp, Hòa thượng Thạch Sô, giao thoa Kinh - Khmer - Hoa và bản địa hóa một sản vật quý."",""Tham quan bảo tàng, nếm sản phẩm dừa sáp, kể chuyện đặc sản, mua sản phẩm chế biến."",""Ghép với Cầu Kè, Vu lan Thắng hội, Ao Bà Om hoặc tuyến Đông sông Hậu."",""Cần tránh biến bảo tàng thành điểm bán hàng; cần tour diễn giải và trải nghiệm có chiều sâu."",""https://bao"
https://vinhlong.gov.vn/LinkClick.aspx?fileticket=xVhEJJDndl0%3D&mid=10814&portalid=0&tabid=63,docs/research/danh_muc_chuyen_sau_dia_diem_le_hoi_van_hoa_vl_tv_bt.csv,10,research_corpus,"""Trà Vinh"",""Bảo tàng/Đặc sản"",""Bảo tàng Dừa sáp Trà Vinh - Cầu Kè/Tam Ngãi"",""A"",""Quanh năm; hợp với tour học đường, ẩm thực, OCOP"",""Câu chuyện dừa sáp, Hòa thượng Thạch Sô, giao thoa Kinh - Khmer - Hoa và bản địa hóa một sản vật quý."",""Tham quan bảo tàng, nếm sản phẩm dừa sáp, kể chuyện đặc sản, mua sản phẩm chế biến."",""Ghép với Cầu Kè, Vu lan Thắng hội, Ao Bà Om hoặc tuyến Đông sông Hậu."",""Cần tránh biến bảo tàng thành điểm bán hàng; cần tour diễn giải và trải nghiệm có chiều sâu."",""https://bao"
https://baovinhlong.com.vn/phong-su-anh/202511/dac-sac-dem-hoi-ok-om-bok-4aa14cb/,docs/research/danh_muc_chuyen_sau_dia_diem_le_hoi_van_hoa_vl_tv_bt.csv,11,research_corpus,"""Trà Vinh"",""Lễ hội"",""Ok Om Bok"",""A+"",""Rằm tháng 10 âm lịch; thường tổ chức thành tuần lễ văn hóa - thể thao - du lịch"",""Lễ cúng Trăng của đồng bào Khmer Nam Bộ, gắn Ao Bà Om, trò chơi dân gian, nghệ thuật Khmer và đua ghe Ngo."",""Tham dự không gian lễ hội, ẩm thực, biểu diễn, hội chợ, đua ghe, tìm hiểu nghi lễ cúng trăng."",""Sản phẩm mùa lễ hội quan trọng nhất của Trà Vinh; nên bán trước 60-90 ngày."",""Cần giữ vai trò chủ thể cộng đồng Khmer; kiểm soát thương mại hóa và quá tải."",""https://baovinhlo"
https://vietnamtourism.gov.vn/post/15419,docs/research/danh_muc_chuyen_sau_dia_diem_le_hoi_van_hoa_vl_tv_bt.csv,11,research_corpus,"""Trà Vinh"",""Lễ hội"",""Ok Om Bok"",""A+"",""Rằm tháng 10 âm lịch; thường tổ chức thành tuần lễ văn hóa - thể thao - du lịch"",""Lễ cúng Trăng của đồng bào Khmer Nam Bộ, gắn Ao Bà Om, trò chơi dân gian, nghệ thuật Khmer và đua ghe Ngo."",""Tham dự không gian lễ hội, ẩm thực, biểu diễn, hội chợ, đua ghe, tìm hiểu nghi lễ cúng trăng."",""Sản phẩm mùa lễ hội quan trọng nhất của Trà Vinh; nên bán trước 60-90 ngày."",""Cần giữ vai trò chủ thể cộng đồng Khmer; kiểm soát thương mại hóa và quá tải."",""https://baovinhlo"
https://baovinhlong.com.vn/phong-su-anh/202603/di-san-van-hoa-phi-vat-the-quoc-gia-le-hoi-nguyen-tieu-b955ae0/,docs/research/danh_muc_chuyen_sau_dia_diem_le_hoi_van_hoa_vl_tv_bt.csv,12,research_corpus,"""Trà Vinh"",""Lễ hội/Văn hóa"",""Nguyên Tiêu Trà Cú - Đại An"",""A-"",""Rằm tháng Giêng âm lịch / theo lịch tổ chức địa phương"",""Di sản văn hóa phi vật thể, phản ánh tín ngưỡng và sinh hoạt cộng đồng của cư dân gốc Hoa/Khmer/Kinh ở vùng Trà Cú - Đại An."",""Lễ hội, rước/diễn xướng, ẩm thực, tham quan không gian văn hóa địa phương."",""Ghép với Ao Bà Om, chùa Khmer, bảo tàng Khmer trong mùa đầu năm."",""Cần lịch truyền thông rõ; hướng dẫn du khách về nghi thức, trang phục, ứng xử."",""https://baovinhlong.com.vn/"
https://vinhlong.gov.vn/du-khach/di-tich-lich-su,docs/research/danh_muc_chuyen_sau_dia_diem_le_hoi_van_hoa_vl_tv_bt.csv,12,research_corpus,"""Trà Vinh"",""Lễ hội/Văn hóa"",""Nguyên Tiêu Trà Cú - Đại An"",""A-"",""Rằm tháng Giêng âm lịch / theo lịch tổ chức địa phương"",""Di sản văn hóa phi vật thể, phản ánh tín ngưỡng và sinh hoạt cộng đồng của cư dân gốc Hoa/Khmer/Kinh ở vùng Trà Cú - Đại An."",""Lễ hội, rước/diễn xướng, ẩm thực, tham quan không gian văn hóa địa phương."",""Ghép với Ao Bà Om, chùa Khmer, bảo tàng Khmer trong mùa đầu năm."",""Cần lịch truyền thông rõ; hướng dẫn du khách về nghi thức, trang phục, ứng xử."",""https://baovinhlong.com.vn/"
https://baovinhlong.com.vn/xa-hoi/202509/khai-mac-tuan-le-vu-lan-thang-hoi-tai-xa-cau-ke-f3306db/,docs/research/danh_muc_chuyen_sau_dia_diem_le_hoi_van_hoa_vl_tv_bt.csv,13,research_corpus,"""Trà Vinh"",""Lễ hội/Ẩm thực"",""Vu lan Thắng hội Cầu Kè"",""A-"",""Tháng 7 âm lịch; corpus ghi tuần lễ 13-19/9/2025"",""Không gian lễ hội tâm linh - hội chợ - ẩm thực - trái cây, gắn Cầu Kè và văn hóa cộng đồng."",""Lễ hội, chợ trái cây, ẩm thực, OCOP, du lịch Cầu Kè/dừa sáp."",""Có thể thành sản phẩm mùa thu, nối Cầu Kè - dừa sáp - Đông sông Hậu."",""Cần nâng chất không gian hội chợ và câu chuyện văn hóa để không chỉ là mua bán."",""https://baovinhlong.com.vn/xa-hoi/202509/khai-mac-tuan-le-vu-lan-thang-hoi-tai-"
https://baovinhlong.com.vn/xa-hoi/du-lich/202604/ra-mat-chi-hoi-du-lich-xa-phu-tuc-d5b32f7/,docs/research/danh_muc_chuyen_sau_dia_diem_le_hoi_van_hoa_vl_tv_bt.csv,14,research_corpus,"""Bến Tre"",""Địa điểm/Sông nước"",""Cồn Phụng - Cồn Đạo Dừa"",""A"",""Quanh năm; hợp tour ngày từ TP.HCM/Mỹ Tho/Vĩnh Long"",""Cù lao sông Tiền, thủ công mỹ nghệ dừa, trái cây, dấu tích Đạo Dừa và đời sống cồn."",""Tàu sông, xuồng rạch, kẹo dừa, trái cây, đờn ca tài tử, xe ngựa/đường làng."",""Điểm neo của tuyến Bến Tre, dễ ghép với Phú Túc - Lan Vương - An Hội."",""Sản phẩm truyền thống dễ lặp; cần đổi mới trải nghiệm và giảm tính “tour đại trà”."",""https://baovinhlong.com.vn/xa-hoi/du-lich/202604/ra-mat-chi-hoi"
https://vietnamtourism.vn/index.php/tourism/items/1655,docs/research/danh_muc_chuyen_sau_dia_diem_le_hoi_van_hoa_vl_tv_bt.csv,14,research_corpus,"""Bến Tre"",""Địa điểm/Sông nước"",""Cồn Phụng - Cồn Đạo Dừa"",""A"",""Quanh năm; hợp tour ngày từ TP.HCM/Mỹ Tho/Vĩnh Long"",""Cù lao sông Tiền, thủ công mỹ nghệ dừa, trái cây, dấu tích Đạo Dừa và đời sống cồn."",""Tàu sông, xuồng rạch, kẹo dừa, trái cây, đờn ca tài tử, xe ngựa/đường làng."",""Điểm neo của tuyến Bến Tre, dễ ghép với Phú Túc - Lan Vương - An Hội."",""Sản phẩm truyền thống dễ lặp; cần đổi mới trải nghiệm và giảm tính “tour đại trà”."",""https://baovinhlong.com.vn/xa-hoi/du-lich/202604/ra-mat-chi-hoi"
https://baovinhlong.com.vn/xa-hoi/du-lich/202604/phu-tuc-khai-thac-loi-the-tiem-nang-du-lich-xanh-24909d2/,docs/research/danh_muc_chuyen_sau_dia_diem_le_hoi_van_hoa_vl_tv_bt.csv,15,research_corpus,"""Bến Tre"",""Địa điểm/Du lịch xanh"",""Phú Túc - Cồn Phụng - Chi hội du lịch"",""A-"",""Quanh năm"",""Vùng sông nước xứ dừa, cộng đồng làm du lịch xanh, sinh thái, cồn và nghề dừa."",""Du lịch xanh, vườn, sông, trải nghiệm cộng đồng, ẩm thực dừa."",""Ghép Cồn Phụng, Lan Vương, An Hội, Chợ Lách."",""Cần bộ tiêu chí xanh thật sự, không chỉ truyền thông."",""https://baovinhlong.com.vn/xa-hoi/du-lich/202604/phu-tuc-khai-thac-loi-the-tiem-nang-du-lich-xanh-24909d2/"","""""
https://baovinhlong.com.vn/van-hoa-giai-tri/202604/ra-mat-xom-nghe-lan-vuong-phuc-vu-du-khach-trai-nghiem-dip-le-304-va-15-c942616/,docs/research/danh_muc_chuyen_sau_dia_diem_le_hoi_van_hoa_vl_tv_bt.csv,16,research_corpus,"""Bến Tre"",""Địa điểm/Trải nghiệm nghề"",""Lan Vương - Xóm nghề Lan Vương"",""A-"",""Dịp lễ 30/4-1/5, hè, cuối tuần"",""Không gian nghề, ẩm thực, trò chơi dân gian và trải nghiệm xứ Dừa trong đô thị Bến Tre mới."",""Workshop nghề, vui chơi, ẩm thực, check-in, trải nghiệm nhóm/gia đình."",""Điểm dừng trong tuyến An Hội - Cồn Phụng - Phú Túc."",""Cần cân bằng giải trí và giá trị nghề thật; tránh biến thành khu trò chơi đơn thuần."",""https://baovinhlong.com.vn/van-hoa-giai-tri/202604/ra-mat-xom-nghe-lan-vuong-phuc-"
https://baovinhlong.com.vn/xa-hoi/202510/kien-tao-khong-gian-dac-trung-lang-van-hoa-du-lich-cho-lach-33703b3/,docs/research/danh_muc_chuyen_sau_dia_diem_le_hoi_van_hoa_vl_tv_bt.csv,17,research_corpus,"""Bến Tre"",""Làng nghề/Nông nghiệp"",""Chợ Lách - Cái Mơn - hoa kiểng/cây giống"",""A"",""Cao điểm trước Tết; có thể phát triển quanh năm"",""Vùng cây giống, hoa kiểng và kỹ nghệ nhà vườn lâu đời; bản sắc lao động sáng tạo của xứ Dừa."",""Tham quan vườn hoa, cây giống, workshop làm vườn, chụp ảnh Tết, mua cây/đặc sản."",""Sản phẩm mùa Tết và tour giáo dục nông nghiệp, ghép với Cồn Phụng/An Hội."",""Tính mùa vụ mạnh; cần lịch đặt trước, đường làng, bãi xe, điểm vệ sinh và bảo vệ vườn."",""https://baovinhlong.com.v"
https://vietnamtourism.gov.vn/post/45347,docs/research/danh_muc_chuyen_sau_dia_diem_le_hoi_van_hoa_vl_tv_bt.csv,17,research_corpus,"""Bến Tre"",""Làng nghề/Nông nghiệp"",""Chợ Lách - Cái Mơn - hoa kiểng/cây giống"",""A"",""Cao điểm trước Tết; có thể phát triển quanh năm"",""Vùng cây giống, hoa kiểng và kỹ nghệ nhà vườn lâu đời; bản sắc lao động sáng tạo của xứ Dừa."",""Tham quan vườn hoa, cây giống, workshop làm vườn, chụp ảnh Tết, mua cây/đặc sản."",""Sản phẩm mùa Tết và tour giáo dục nông nghiệp, ghép với Cồn Phụng/An Hội."",""Tính mùa vụ mạnh; cần lịch đặt trước, đường làng, bãi xe, điểm vệ sinh và bảo vệ vườn."",""https://baovinhlong.com.v"
https://baovinhlong.com.vn/kinh-te/thuong-mai-dich-vu/202606/khai-mac-tuan-le-van-hoa-du-lich-am-thuc-banh-dan-gian-nam-bo-vi-ngon-xu-dua-phuong-an-hoi-ce310af/,docs/research/danh_muc_chuyen_sau_dia_diem_le_hoi_van_hoa_vl_tv_bt.csv,18,research_corpus,"""Bến Tre"",""Sự kiện/Ẩm thực"",""An Hội - Tuần lễ Văn hóa, Du lịch, Ẩm thực xứ Dừa"",""A"",""Tết Đoan Ngọ, hè, sự kiện đô thị"",""Ẩm thực dừa, bánh dân gian Nam Bộ, không gian phường Bến Tre/An Hội, ký ức đô thị xứ Dừa."",""Lễ hội ẩm thực, bánh dân gian, sản phẩm dừa, trình diễn nghề, chương trình văn hóa."",""Làm điểm đêm/điểm sự kiện cho tuyến Bến Tre, ghép Cồn Phụng - Lan Vương."",""Cần xây lịch thường niên và hệ thống gian hàng chất lượng, tránh trùng lặp hội chợ."",""https://baovinhlong.com.vn/kinh-te/thuong"
https://vietnamtourism.gov.vn/post/62273,docs/research/danh_muc_chuyen_sau_dia_diem_le_hoi_van_hoa_vl_tv_bt.csv,18,research_corpus,"""Bến Tre"",""Sự kiện/Ẩm thực"",""An Hội - Tuần lễ Văn hóa, Du lịch, Ẩm thực xứ Dừa"",""A"",""Tết Đoan Ngọ, hè, sự kiện đô thị"",""Ẩm thực dừa, bánh dân gian Nam Bộ, không gian phường Bến Tre/An Hội, ký ức đô thị xứ Dừa."",""Lễ hội ẩm thực, bánh dân gian, sản phẩm dừa, trình diễn nghề, chương trình văn hóa."",""Làm điểm đêm/điểm sự kiện cho tuyến Bến Tre, ghép Cồn Phụng - Lan Vương."",""Cần xây lịch thường niên và hệ thống gian hàng chất lượng, tránh trùng lặp hội chợ."",""https://baovinhlong.com.vn/kinh-te/thuong"
https://baovinhlong.com.vn/van-hoa-giai-tri/202604/he-soi-dong-voi-canh-dong-dieu-o-ba-tri-242433c/,docs/research/danh_muc_chuyen_sau_dia_diem_le_hoi_van_hoa_vl_tv_bt.csv,19,research_corpus,"""Bến Tre"",""Biển/Không gian mở"",""Bình Đại - Ba Tri - cánh đồng diều"",""B+"",""Hè, gió tốt, cuối tuần"",""Không gian ven biển, đồng quê và sinh hoạt cộng đồng; cánh đồng diều tạo hình ảnh trẻ trung cho Bến Tre."",""Thả diều, ảnh/video, picnic, hoạt động gia đình, kết nối hải sản ven biển."",""Sản phẩm bổ sung cho nhóm khách trẻ/gia đình, nối Bình Đại - Ba Tri - Trường Long Hòa/Ba Động."",""Cần an toàn giao thông, bãi đậu xe, vệ sinh, kiểm soát rác và hoạt động thương mại tự phát."",""https://baovinhlong.com.vn"
https://vinhlong.gov.vn/du-khach/di-tich-lich-su,docs/research/danh_muc_chuyen_sau_dia_diem_le_hoi_van_hoa_vl_tv_bt.csv,20,research_corpus,"""Bến Tre"",""Di tích/Lịch sử"",""Khu lưu niệm Nguyễn Thị Định - Đồng Khởi Bến Tre"",""A-"",""Quanh năm; tốt cho tour học đường, nguồn cội"",""Ký ức Đồng Khởi, vai trò phụ nữ Nam Bộ, lịch sử cách mạng và bản lĩnh xứ Dừa."",""Tham quan, học lịch sử, tour nguồn cội, kết hợp ẩm thực/vườn dừa."",""Ghép với An Hội, Chợ Lách hoặc Cồn Phụng để cân bằng lịch sử - sinh thái."",""Cần diễn giải sống động, tránh mô hình tham quan tĩnh."","""",""https://vinhlong.gov.vn/du-khach/di-tich-lich-su"""
https://baovinhlong.com.vn/van-hoa-giai-tri/202512/50-hoc-vien-du-tap-huan-bao-ton-phat-huy-gia-tri-nghe-thuat-mua-ro-bam-gan-voi-phat-trien-du-lich-f4b2c97/,docs/research/danh_muc_chuyen_sau_dia_diem_le_hoi_van_hoa_vl_tv_bt.csv,21,research_corpus,"""Liên vùng"",""Văn hóa phi vật thể"",""Đờn ca tài tử, hát bội, nhạc ngũ âm, Rô-băm"",""A"",""Theo lễ hội và show trải nghiệm đặt trước"",""Bộ tứ diễn xướng thể hiện giao thoa Kinh - Hoa - Khmer: đờn ca tài tử sông nước, hát bội đình/lăng, nhạc ngũ âm và múa Rô-băm Khmer."",""Mini show có thuyết minh, trải nghiệm nhạc cụ, gặp nghệ nhân, biểu diễn trong lễ hội/tour tối."",""Nên thành sản phẩm buổi tối hoặc lớp trải nghiệm 45 phút."",""Cần trả công nghệ nhân đúng mức, tránh biểu diễn cắt khúc thiếu ngữ cảnh."",""htt"
https://vinhlong.gov.vn/du-khach/le-hoi-truyen-thong,docs/research/danh_muc_chuyen_sau_dia_diem_le_hoi_van_hoa_vl_tv_bt.csv,21,research_corpus,"""Liên vùng"",""Văn hóa phi vật thể"",""Đờn ca tài tử, hát bội, nhạc ngũ âm, Rô-băm"",""A"",""Theo lễ hội và show trải nghiệm đặt trước"",""Bộ tứ diễn xướng thể hiện giao thoa Kinh - Hoa - Khmer: đờn ca tài tử sông nước, hát bội đình/lăng, nhạc ngũ âm và múa Rô-băm Khmer."",""Mini show có thuyết minh, trải nghiệm nhạc cụ, gặp nghệ nhân, biểu diễn trong lễ hội/tour tối."",""Nên thành sản phẩm buổi tối hoặc lớp trải nghiệm 45 phút."",""Cần trả công nghệ nhân đúng mức, tránh biểu diễn cắt khúc thiếu ngữ cảnh."",""htt"
https://baovinhlong.com.vn/van-hoa-giai-tri/202602/sac-mau-ban-do-am-thuc-vinh-long-c4f07a9/,docs/research/danh_muc_chuyen_sau_dia_diem_le_hoi_van_hoa_vl_tv_bt.csv,22,research_corpus,"""Liên vùng"",""Ẩm thực"",""Ẩm thực miệt vườn - Khmer - xứ Dừa"",""A"",""Quanh năm; cao điểm Tết, lễ hội, mùa trái cây"",""Ba lớp khẩu vị: món vườn/sông nước Vĩnh Long, món Khmer/Trà Vinh, món dừa/Bến Tre."",""Food tour, lớp nấu ăn, bản đồ ẩm thực, chợ quê, tasting menu dừa sáp/dừa/bánh dân gian."",""Có thể trở thành sản phẩm chính, không chỉ bữa ăn phụ."",""Cần chuẩn vệ sinh, câu chuyện món ăn, định lượng giá, bản đồ quán/nhà vườn đáng tin."",""https://baovinhlong.com.vn/van-hoa-giai-tri/202602/sac-mau-ban-do-am-"
https://baovinhlong.com.vn/kinh-te/202606/truong-long-hoa-phat-huy-loi-the-phat-trien-kinh-te-bien-62d49fc/,docs/research/nghien_cuu_12_chieu_thu_muc_nguon_mo_rong.csv,2,research_corpus,"""BVL-001"",""2"",""Báo chí/corpus địa phương"",""Bài báo corpus"",""Trường Long Hòa phát huy lợi thế phát triển kinh tế biển"",""Báo Vĩnh Long"",""https://baovinhlong.com.vn/kinh-te/202606/truong-long-hoa-phat-huy-loi-the-phat-trien-kinh-te-bien-62d49fc/"",""Trà Vinh"",""Bằng chứng corpus 2026; match=direct_lead; confidence=high"",""4"",""2026-06-15"",""Khai thác hiệu quả tiềm năng về du lịch, năng lượng tái tạo và nuôi trồng thủy sản công nghệ cao, phường Trường Long Hòa đang tập trung triển khai giải pháp trọng tâm"
https://baovinhlong.com.vn/kinh-te/thuong-mai-dich-vu/202606/khai-mac-tuan-le-van-hoa-du-lich-am-thuc-banh-dan-gian-nam-bo-vi-ngon-xu-dua-phuong-an-hoi-ce310af/,docs/research/nghien_cuu_12_chieu_thu_muc_nguon_mo_rong.csv,3,research_corpus,"""BVL-002"",""2"",""Báo chí/corpus địa phương"",""Bài báo corpus"",""Khai mạc Tuần lễ Văn hóa, Du lịch, Ẩm thực bánh dân gian Nam Bộ - Vị ngon xứ dừa phường An Hội"",""Báo Vĩnh Long"",""https://baovinhlong.com.vn/kinh-te/thuong-mai-dich-vu/202606/khai-mac-tuan-le-van-hoa-du-lich-am-thuc-banh-dan-gian-nam-bo-vi-ngon-xu-dua-phuong-an-hoi-ce310af/"",""Bến Tre"",""Bằng chứng corpus 2026; match=direct_title; confidence=high"",""4"",""2026-06-14"",""Tối 13/6, tại Công viên Bến Tre, UBND phường An Hội tổ chức khai mạc “Tuần "
https://baovinhlong.com.vn/nhip-song-dong-bang/202606/khai-mac-tuan-le-van-hoa-am-thuc-ben-tre-tet-doan-ngo-xu-dua-nam-2026-78c0d4f/,docs/research/nghien_cuu_12_chieu_thu_muc_nguon_mo_rong.csv,4,research_corpus,"""BVL-003"",""2"",""Báo chí/corpus địa phương"",""Bài báo corpus"",""Khai mạc Tuần lễ Văn hóa - Ẩm thực “Bến Tre Tết Đoan Ngọ xứ Dừa” năm 2026"",""Báo Vĩnh Long"",""https://baovinhlong.com.vn/nhip-song-dong-bang/202606/khai-mac-tuan-le-van-hoa-am-thuc-ben-tre-tet-doan-ngo-xu-dua-nam-2026-78c0d4f/"",""Vĩnh Long; Bến Tre"",""Bằng chứng corpus 2026; match=destination_event; confidence=medium"",""4"",""2026-06-13"",""​​​​​​​Tối 12/6, tại Công viên Mỹ Hóa, UBND phường Bến Tre phối hợp với Hiệp hội Ẩm thực Xứ Dừa Bến Tre tổ"
https://baovinhlong.com.vn/xa-hoi/du-lich/202606/khai-truong-vietravel-chi-nhanh-vinh-long-9661c6a/,docs/research/nghien_cuu_12_chieu_thu_muc_nguon_mo_rong.csv,5,research_corpus,"""BVL-004"",""2"",""Báo chí/corpus địa phương"",""Bài báo corpus"",""Khai trương Vietravel chi nhánh Vĩnh Long"",""Báo Vĩnh Long"",""https://baovinhlong.com.vn/xa-hoi/du-lich/202606/khai-truong-vietravel-chi-nhanh-vinh-long-9661c6a/"",""Vĩnh Long"",""Bằng chứng corpus 2026; match=tourism_category; confidence=high"",""4"",""2026-06-12"",""Ngày 12/6, tại phường Phước Hậu, Công ty CP Du lịch Vietravel tổ chức lễ khai trương chi nhánh Vĩnh Long."""
https://baovinhlong.com.vn/phong-su-anh/202606/chum-anh-ngam-dan-co-trang-tao-hinh-song-dong-o-chua-hang-24a6cff/,docs/research/nghien_cuu_12_chieu_thu_muc_nguon_mo_rong.csv,6,research_corpus,"""BVL-005"",""2"",""Báo chí/corpus địa phương"",""Bài báo corpus"",""Ngắm đàn cò trắng tạo hình sống động ở chùa Hang"",""Báo Vĩnh Long"",""https://baovinhlong.com.vn/phong-su-anh/202606/chum-anh-ngam-dan-co-trang-tao-hinh-song-dong-o-chua-hang-24a6cff/"",""Trà Vinh"",""Bằng chứng corpus 2026; match=destination_event; confidence=medium"",""4"",""2026-06-10"",""Chùa Kompong Chrây hay còn gọi là chùa Hang tọa lạc tại xã Châu Thành (xã Đa Lộc, huyện Châu Thành trước đây) vốn được nhiều người biết đến là nơi lưu trú của r"
https://baovinhlong.com.vn/van-hoa-giai-tri/202606/ron-rang-le-hoi-ha-dien-ky-yen-40a25b5/,docs/research/nghien_cuu_12_chieu_thu_muc_nguon_mo_rong.csv,7,research_corpus,"""BVL-006"",""2"",""Báo chí/corpus địa phương"",""Bài báo corpus"",""Rộn ràng lễ hội Hạ Điền – Kỳ Yên"",""Báo Vĩnh Long"",""https://baovinhlong.com.vn/van-hoa-giai-tri/202606/ron-rang-le-hoi-ha-dien-ky-yen-40a25b5/"",""Vĩnh Long"",""Bằng chứng corpus 2026; match=direct_lead; confidence=high"",""4"",""2026-06-01"",""Từ ngày 31/5 đến 3/6, đình thần Mỹ Thuận (phường Cái Vồn) tổ chức Lễ hội Hạ Điền – Kỳ Yên. Lễ hội thể hiện nét sinh hoạt tín ngưỡng, giá trị truyền thống và bản sắc văn hóa; tạo không khí vui tươi từ đông đ"
https://baovinhlong.com.vn/xa-hoi/du-lich/202605/tao-nen-tang-so-phat-trien-van-hoa-the-thao-va-du-lich-2cb4abd/,docs/research/nghien_cuu_12_chieu_thu_muc_nguon_mo_rong.csv,8,research_corpus,"""BVL-007"",""2"",""Báo chí/corpus địa phương"",""Bài báo corpus"",""Tạo nền tảng số phát triển văn hóa, thể thao và du lịch"",""Báo Vĩnh Long"",""https://baovinhlong.com.vn/xa-hoi/du-lich/202605/tao-nen-tang-so-phat-trien-van-hoa-the-thao-va-du-lich-2cb4abd/"",""Vĩnh Long"",""Bằng chứng corpus 2026; match=tourism_category; confidence=high"",""4"",""2026-05-28"",""Phát triển khoa học, công nghệ, đổi mới sáng tạo và chuyển đổi số tạo động lực thúc đẩy ngành văn hóa-TT-DL bứt phá. Không gian di tích ảo, thư viện số, nền"
https://baovinhlong.com.vn/xa-hoi/du-lich/202605/lien-ket-khai-thac-tiem-nang-tao-da-phat-trien-du-lich-53f40ac/,docs/research/nghien_cuu_12_chieu_thu_muc_nguon_mo_rong.csv,9,research_corpus,"""BVL-008"",""2"",""Báo chí/corpus địa phương"",""Bài báo corpus"",""Liên kết khai thác tiềm năng, tạo đà phát triển du lịch"",""Báo Vĩnh Long"",""https://baovinhlong.com.vn/xa-hoi/du-lich/202605/lien-ket-khai-thac-tiem-nang-tao-da-phat-trien-du-lich-53f40ac/"",""Bến Tre"",""Bằng chứng corpus 2026; match=tourism_category; confidence=high"",""4"",""2026-05-24"",""Tại tọa đàm “Liên kết phát triển du lịch cộng đồng và du lịch sinh thái địa phương năm 2026” do UBND phường Bến Tre tổ chức, đại biểu đã trao đổi về tiềm năng"
https://baovinhlong.com.vn/multimedia/202605/binh-minh-ba-dong-ban-giao-huong-anh-sang-cua-bien-mien-tay-8433735/,docs/research/nghien_cuu_12_chieu_thu_muc_nguon_mo_rong.csv,10,research_corpus,"""BVL-009"",""2"",""Báo chí/corpus địa phương"",""Bài báo corpus"",""Bình minh Ba Động- Bản giao hưởng ánh sáng của biển miền Tây"",""Báo Vĩnh Long"",""https://baovinhlong.com.vn/multimedia/202605/binh-minh-ba-dong-ban-giao-huong-anh-sang-cua-bien-mien-tay-8433735/"",""Trà Vinh"",""Bằng chứng corpus 2026; match=direct_lead; confidence=high"",""4"",""2026-05-22"",""Chùm ảnh “Bình minh Ba Động- Bản giao hưởng ánh sáng của biển miền Tây” không chỉ ghi lại vẻ đẹp của thiên nhiên vùng biển Trà Vinh, mà còn góp phần lan tỏa"
https://baovinhlong.com.vn/van-hoa-giai-tri/202605/khai-mo-tiem-nang-phat-trien-cong-nghiep-van-hoa-ky-3-lang-nghe-thuc-giac-ben-nhung-dong-song-6526ce6/,docs/research/nghien_cuu_12_chieu_thu_muc_nguon_mo_rong.csv,11,research_corpus,"""BVL-010"",""2"",""Báo chí/corpus địa phương"",""Bài báo corpus"",""Kỳ 3: Làng nghề “thức giấc” bên những dòng sông"",""Báo Vĩnh Long"",""https://baovinhlong.com.vn/van-hoa-giai-tri/202605/khai-mo-tiem-nang-phat-trien-cong-nghiep-van-hoa-ky-3-lang-nghe-thuc-giac-ben-nhung-dong-song-6526ce6/"",""Vĩnh Long"",""Bằng chứng corpus 2026; match=direct_lead; confidence=high"",""4"",""2026-05-17"",""Một trong những thế mạnh của công nghiệp văn hóa ở Vĩnh Long là du lịch. Theo đó, du lịch bền vững đang là mục tiêu hướng tới kh"
https://baovinhlong.com.vn/van-hoa-giai-tri/202605/khai-mo-tiem-nang-phat-trien-cong-nghiep-van-hoa-ky-2-phat-trien-du-lich-gan-voi-giu-gin-ban-sac-dia-phuong-3f609a6/,docs/research/nghien_cuu_12_chieu_thu_muc_nguon_mo_rong.csv,12,research_corpus,"""BVL-011"",""2"",""Báo chí/corpus địa phương"",""Bài báo corpus"",""Kỳ 2: Phát triển du lịch gắn với giữ gìn bản sắc địa phương"",""Báo Vĩnh Long"",""https://baovinhlong.com.vn/van-hoa-giai-tri/202605/khai-mo-tiem-nang-phat-trien-cong-nghiep-van-hoa-ky-2-phat-trien-du-lich-gan-voi-giu-gin-ban-sac-dia-phuong-3f609a6/"",""Vĩnh Long"",""Bằng chứng corpus 2026; match=direct_title; confidence=high"",""4"",""2026-05-15"",""Một trong những thế mạnh của công nghiệp văn hóa ở Vĩnh Long là du lịch. Theo đó, du lịch bền vững đa"
https://baovinhlong.com.vn/xa-hoi/du-lich/202605/ra-mat-chi-hoi-du-lich-binh-dai-5ac5d6b/,docs/research/nghien_cuu_12_chieu_thu_muc_nguon_mo_rong.csv,13,research_corpus,"""BVL-012"",""2"",""Báo chí/corpus địa phương"",""Bài báo corpus"",""Ra mắt Chi hội du lịch Bình Đại"",""Báo Vĩnh Long"",""https://baovinhlong.com.vn/xa-hoi/du-lich/202605/ra-mat-chi-hoi-du-lich-binh-dai-5ac5d6b/"",""Vĩnh Long; Bến Tre"",""Bằng chứng corpus 2026; match=tourism_category; confidence=high"",""4"",""2026-05-15"",""Chiều 15/5, tại Khu Du lịch sinh thái Anh Ba Khía (xã Thạnh Phước), Hiệp hội Du lịch tỉnh Vĩnh Long tổ chức lễ ra mắt Chi hội Du lịch Bình Đại."""
https://baovinhlong.com.vn/kinh-te/202605/truong-long-hoa-tap-trung-khai-thac-tiem-nang-du-lich-va-kinh-te-bien-108088d/,docs/research/nghien_cuu_12_chieu_thu_muc_nguon_mo_rong.csv,14,research_corpus,"""BVL-013"",""2"",""Báo chí/corpus địa phương"",""Bài báo corpus"",""Trường Long Hòa tập trung khai thác tiềm năng du lịch và kinh tế biển"",""Báo Vĩnh Long"",""https://baovinhlong.com.vn/kinh-te/202605/truong-long-hoa-tap-trung-khai-thac-tiem-nang-du-lich-va-kinh-te-bien-108088d/"",""Vĩnh Long; Trà Vinh"",""Bằng chứng corpus 2026; match=direct_title; confidence=high"",""4"",""2026-05-14"",""Chiều 14/5, đồng chí Trần Văn Lâu- Ủy viên Ban Chấp hành Trung ương Đảng, Bí thư Tỉnh ủy, Trưởng đoàn Đại biểu Quốc hội khóa XVI"
https://baovinhlong.com.vn/van-hoa-giai-tri/202605/mot-ngay-o-thu-phu-dua-sap-cau-ke-5a63907/,docs/research/nghien_cuu_12_chieu_thu_muc_nguon_mo_rong.csv,15,research_corpus,"""BVL-014"",""2"",""Báo chí/corpus địa phương"",""Bài báo corpus"",""Một ngày ở “thủ phủ” dừa sáp Cầu Kè"",""Báo Vĩnh Long"",""https://baovinhlong.com.vn/van-hoa-giai-tri/202605/mot-ngay-o-thu-phu-dua-sap-cau-ke-5a63907/"",""Vĩnh Long; Trà Vinh"",""Bằng chứng corpus 2026; match=destination_event; confidence=medium"",""4"",""2026-05-10"",""Thật phấn khích khi được nhiều người bạn ở xã Cầu Kè tình nguyện làm “hướng dẫn viên” trải nghiệm từ vườn đến Bảo tàng dừa sáp Trà Vinh. Nghe, thấy và tự tìm hiểu mới cảm nhận được t"
https://baovinhlong.com.vn/van-hoa-giai-tri/202605/hang-may-anh-canon-chon-bien-ba-dong-to-chuc-hoi-thaochia-se-ve-kien-thuc-nhiep-anh-d191781/,docs/research/nghien_cuu_12_chieu_thu_muc_nguon_mo_rong.csv,16,research_corpus,"""BVL-015"",""2"",""Báo chí/corpus địa phương"",""Bài báo corpus"",""Hãng máy ảnh Canon chọn biển Ba Động tổ chức hội thảo, chia sẻ về kiến thức nhiếp ảnh"",""Báo Vĩnh Long"",""https://baovinhlong.com.vn/van-hoa-giai-tri/202605/hang-may-anh-canon-chon-bien-ba-dong-to-chuc-hoi-thaochia-se-ve-kien-thuc-nhiep-anh-d191781/"",""Vĩnh Long; Trà Vinh"",""Bằng chứng corpus 2026; match=destination_event; confidence=medium"",""4"",""2026-05-07"",""Với chủ đề “Nghệ thuật chuyển hóa nhân vật trong chuyển động”, Công ty TNHH Canon "
https://baovinhlong.com.vn/van-hoa-giai-tri/202605/ket-noi-gap-go-gan-40-doanh-nghiep-hoi-vien-du-lich-khu-vuc-tra-vinh-c3f3c46/,docs/research/nghien_cuu_12_chieu_thu_muc_nguon_mo_rong.csv,17,research_corpus,"""BVL-016"",""2"",""Báo chí/corpus địa phương"",""Bài báo corpus"",""Kết nối, gặp gỡ gần 40 doanh nghiệp, hội viên du lịch khu vực Trà Vinh"",""Báo Vĩnh Long"",""https://baovinhlong.com.vn/van-hoa-giai-tri/202605/ket-noi-gap-go-gan-40-doanh-nghiep-hoi-vien-du-lich-khu-vuc-tra-vinh-c3f3c46/"",""Vĩnh Long; Trà Vinh"",""Bằng chứng corpus 2026; match=direct_title; confidence=high"",""4"",""2026-05-07"",""Chiều 7/5, tại Khu di tích danh thắng quốc gia Ao Bà Om (phường Nguyệt Hóa), Hiệp hội du lịch tỉnh Vĩnh Long tổ chức ch"
https://baovinhlong.com.vn/xa-hoi/du-lich/202605/diem-den-an-toan-than-thien-chat-luong-9c8410c/,docs/research/nghien_cuu_12_chieu_thu_muc_nguon_mo_rong.csv,18,research_corpus,"""BVL-017"",""2"",""Báo chí/corpus địa phương"",""Bài báo corpus"",""Điểm đến “An toàn- thân thiện- chất lượng”"",""Báo Vĩnh Long"",""https://baovinhlong.com.vn/xa-hoi/du-lich/202605/diem-den-an-toan-than-thien-chat-luong-9c8410c/"",""Vĩnh Long; Trà Vinh; Bến Tre"",""Bằng chứng corpus 2026; match=tourism_category; confidence=high"",""4"",""2026-05-05"",""Trong không khí hân hoan của chuỗi các ngày lễ lớn đầu mùa hè năm 2026, du lịch tỉnh đã ghi nhận những tín hiệu tăng trưởng tích cực; tiếp tục khẳng định sức hút của "
https://baovinhlong.com.vn/xa-hoi/du-lich/202605/phuong-ben-tre-be-mac-tuan-le-van-hoa-am-thuc-nam-2026-0090994/,docs/research/nghien_cuu_12_chieu_thu_muc_nguon_mo_rong.csv,19,research_corpus,"""BVL-018"",""2"",""Báo chí/corpus địa phương"",""Bài báo corpus"",""Phường Bến Tre bế mạc Tuần lễ Văn hóa - Ẩm thực năm 2026"",""Báo Vĩnh Long"",""https://baovinhlong.com.vn/xa-hoi/du-lich/202605/phuong-ben-tre-be-mac-tuan-le-van-hoa-am-thuc-nam-2026-0090994/"",""Vĩnh Long; Trà Vinh; Bến Tre"",""Bằng chứng corpus 2026; match=tourism_category; confidence=high"",""4"",""2026-05-04"",""Tối 3/5, UBND phường Bến Tre đã tổ chức lễ bế mạc Tuần lễ Văn hóa - Ẩm thực năm 2026, khép lại chuỗi hoạt động sôi nổi kéo dài 10 ngày t"
https://baovinhlong.com.vn/xa-hoi/du-lich/202605/bao-dam-an-toan-nang-cao-chat-luong-phuc-vu-du-lich-59d3a28/,docs/research/nghien_cuu_12_chieu_thu_muc_nguon_mo_rong.csv,20,research_corpus,"""BVL-019"",""2"",""Báo chí/corpus địa phương"",""Bài báo corpus"",""Bảo đảm an toàn, nâng cao chất lượng phục vụ du lịch"",""Báo Vĩnh Long"",""https://baovinhlong.com.vn/xa-hoi/du-lich/202605/bao-dam-an-toan-nang-cao-chat-luong-phuc-vu-du-lich-59d3a28/"",""Vĩnh Long"",""Bằng chứng corpus 2026; match=tourism_category; confidence=high"",""4"",""2026-05-01"",""Nhằm chủ động chuẩn bị điều kiện phục vụ du khách trước dự báo lượng khách tăng cao dịp lễ và cao điểm mùa du lịch hè năm 2026, ngành du lịch tỉnh yêu cầu các đơn"
https://baovinhlong.com.vn/xa-hoi/du-lich/202604/dua-am-thuc-tro-thanh-san-pham-du-lich-dac-trung-83f421e/,docs/research/nghien_cuu_12_chieu_thu_muc_nguon_mo_rong.csv,21,research_corpus,"""BVL-020"",""2"",""Báo chí/corpus địa phương"",""Bài báo corpus"",""Đưa ẩm thực trở thành sản phẩm du lịch đặc trưng"",""Báo Vĩnh Long"",""https://baovinhlong.com.vn/xa-hoi/du-lich/202604/dua-am-thuc-tro-thanh-san-pham-du-lich-dac-trung-83f421e/"",""Vĩnh Long; Trà Vinh; Bến Tre"",""Bằng chứng corpus 2026; match=tourism_category; confidence=high"",""4"",""2026-04-30"",""Là một phần không thể thiếu trong hoạt động du lịch, ẩm thực vừa đáp ứng nhu cầu của du khách, vừa góp phần bảo tồn văn hóa, phát triển kinh tế và xây"
https://baovinhlong.com.vn/van-hoa-giai-tri/202604/ra-mat-xom-nghe-lan-vuong-phuc-vu-du-khach-trai-nghiem-dip-le-304-va-15-c942616/,docs/research/nghien_cuu_12_chieu_thu_muc_nguon_mo_rong.csv,22,research_corpus,"""BVL-021"",""2"",""Báo chí/corpus địa phương"",""Bài báo corpus"",""Ra mắt “Xóm nghề Lan Vương” phục vụ du khách trải nghiệm dịp lễ 30/4 và 1/5"",""Báo Vĩnh Long"",""https://baovinhlong.com.vn/van-hoa-giai-tri/202604/ra-mat-xom-nghe-lan-vuong-phuc-vu-du-khach-trai-nghiem-dip-le-304-va-15-c942616/"",""Bến Tre"",""Bằng chứng corpus 2026; match=direct_title; confidence=high"",""4"",""2026-04-30"",""Ngày 30/4, tại Điểm du lịch Lan Vương (phường An Hội) lễ ra mắt “Xóm nghề Lan Vương” đã chính thức diễn ra trong không khí "
https://baovinhlong.com.vn/xa-hoi/du-lich/202604/vinh-danh-29-nghe-nhan-nghe-bep-nghe-banh-nghe-dieu-khac-cu-qua-98a0e9c/,docs/research/nghien_cuu_12_chieu_thu_muc_nguon_mo_rong.csv,23,research_corpus,"""BVL-022"",""2"",""Báo chí/corpus địa phương"",""Bài báo corpus"",""Vinh danh 29 nghệ nhân nghề bếp, nghề bánh, nghề điêu khắc củ, quả"",""Báo Vĩnh Long"",""https://baovinhlong.com.vn/xa-hoi/du-lich/202604/vinh-danh-29-nghe-nhan-nghe-bep-nghe-banh-nghe-dieu-khac-cu-qua-98a0e9c/"",""Vĩnh Long; Bến Tre"",""Bằng chứng corpus 2026; match=tourism_category; confidence=high"",""4"",""2026-04-27"",""Ngày 27/4, tại TP Cần Thơ, Hiệp hội Du lịch Việt Nam phối hợp Hiệp hội Du lịch ĐBSCL tổ chức lễ vinh danh nghệ nhân nghề bếp, n"
https://baovinhlong.com.vn/xa-hoi/du-lich/202604/phat-huy-tiem-nang-loi-the-dua-du-lich-tinh-phat-trien-34f44d2/,docs/research/nghien_cuu_12_chieu_thu_muc_nguon_mo_rong.csv,24,research_corpus,"""BVL-023"",""2"",""Báo chí/corpus địa phương"",""Bài báo corpus"",""Phát huy tiềm năng, lợi thế đưa du lịch tỉnh phát triển"",""Báo Vĩnh Long"",""https://baovinhlong.com.vn/xa-hoi/du-lich/202604/phat-huy-tiem-nang-loi-the-dua-du-lich-tinh-phat-trien-34f44d2/"",""Vĩnh Long; Trà Vinh; Bến Tre"",""Bằng chứng corpus 2026; match=tourism_category; confidence=high"",""4"",""2026-04-23"",""Sau sáp nhập địa giới hành chính, tỉnh mở rộng không gian phát triển, trở thành vùng đất hội tụ độc đáo của ĐBSCL. Trên nền tảng giao tho"
https://baovinhlong.com.vn/phong-su-ky-su/202604/phat-trien-san-pham-du-lich-dac-thu-tu-lang-nghe-gach-gom-7f54c8b/,docs/research/nghien_cuu_12_chieu_thu_muc_nguon_mo_rong.csv,25,research_corpus,"""BVL-024"",""2"",""Báo chí/corpus địa phương"",""Bài báo corpus"",""Phát triển sản phẩm du lịch đặc thù từ làng nghề gạch, gốm"",""Báo Vĩnh Long"",""https://baovinhlong.com.vn/phong-su-ky-su/202604/phat-trien-san-pham-du-lich-dac-thu-tu-lang-nghe-gach-gom-7f54c8b/"",""Vĩnh Long"",""Bằng chứng corpus 2026; match=direct_title; confidence=high"",""4"",""2026-04-22"",""Việc định hình và phát triển khu lò gạch, gốm Mang Thít được kỳ vọng là điểm nhấn khi những lò gạch cũ được bảo tồn, khoác thêm áo mới, trở thành không gi"
https://baovinhlong.com.vn/xa-hoi/du-lich/202604/vinh-long-ban-hanh-bo-tieu-chi-du-lich-xanh-ae52034/,docs/research/nghien_cuu_12_chieu_thu_muc_nguon_mo_rong.csv,26,research_corpus,"""BVL-025"",""2"",""Báo chí/corpus địa phương"",""Bài báo corpus"",""Vĩnh Long ban hành Bộ tiêu chí du lịch xanh"",""Báo Vĩnh Long"",""https://baovinhlong.com.vn/xa-hoi/du-lich/202604/vinh-long-ban-hanh-bo-tieu-chi-du-lich-xanh-ae52034/"",""Vĩnh Long; Bến Tre"",""Bằng chứng corpus 2026; match=tourism_category; confidence=high"",""4"",""2026-04-22"",""Quyết định số 2687/QĐ-UBND ngày 20/4/2026 của UBND tỉnh Vĩnh Long ban hành Bộ tiêu chí du lịch xanh, nhằm cụ thể hóa định hướng phát triển du lịch theo hướng bền vững, th"
https://baovinhlong.com.vn/van-hoa-giai-tri/202604/vinh-long-tham-gia-ngay-van-hoa-cac-dan-toc-viet-nam-194-nam-2026-80320dc/,docs/research/nghien_cuu_12_chieu_thu_muc_nguon_mo_rong.csv,27,research_corpus,"""BVL-026"",""2"",""Báo chí/corpus địa phương"",""Bài báo corpus"",""Vĩnh Long tham gia “Ngày Văn hóa các dân tộc Việt Nam 19/4 năm 2026”"",""Báo Vĩnh Long"",""https://baovinhlong.com.vn/van-hoa-giai-tri/202604/vinh-long-tham-gia-ngay-van-hoa-cac-dan-toc-viet-nam-194-nam-2026-80320dc/"",""Vĩnh Long"",""Bằng chứng corpus 2026; match=direct_lead; confidence=high"",""4"",""2026-04-19"",""Hoạt động được diễn ra từ ngày 17 - 19/4, tại Làng Văn hóa - Du lịch các dân tộc Việt Nam do Bộ Văn hóa, Thể thao và Du lịch tổ chức."""
https://baovinhlong.com.vn/thoi-su/202604/nam-2026-nganh-du-lich-tinh-dung-truoc-nhieu-co-hoi-va-thach-thuc-10c2093/,docs/research/nghien_cuu_12_chieu_thu_muc_nguon_mo_rong.csv,28,research_corpus,"""BVL-027"",""2"",""Báo chí/corpus địa phương"",""Bài báo corpus"",""Họp mặt doanh nghiệp du lịch năm 2026"",""Báo Vĩnh Long"",""https://baovinhlong.com.vn/thoi-su/202604/nam-2026-nganh-du-lich-tinh-dung-truoc-nhieu-co-hoi-va-thach-thuc-10c2093/"",""Vĩnh Long; Bến Tre"",""Bằng chứng corpus 2026; match=direct_title; confidence=high"",""4"",""2026-04-18"",""Sáng 18/4, tại Khách sạn Diamond Stars (phường An Hội), Sở Văn hóa, Thể thao và Du lịch tỉnh Vĩnh Long đã tổ chức họp mặt doanh nghiệp (DN) du lịch năm 2026."""
https://baovinhlong.com.vn/van-hoa-giai-tri/202604/he-soi-dong-voi-canh-dong-dieu-o-ba-tri-242433c/,docs/research/nghien_cuu_12_chieu_thu_muc_nguon_mo_rong.csv,29,research_corpus,"""BVL-028"",""2"",""Báo chí/corpus địa phương"",""Bài báo corpus"",""Hè sôi động với cánh đồng diều ở Ba Tri"",""Báo Vĩnh Long"",""https://baovinhlong.com.vn/van-hoa-giai-tri/202604/he-soi-dong-voi-canh-dong-dieu-o-ba-tri-242433c/"",""Bến Tre"",""Bằng chứng corpus 2026; match=direct_lead; confidence=high"",""4"",""2026-04-17"",""Năm 2023, sau khi khảo sát và thực địa, CLB Diều nghệ thuật Bầu Trời Xanh, TP Hồ Chí Minh, đã chọn địa điểm cánh đồng ở ấp Bảo Hòa, xã Ba Tri để tổ chức cuộc thi thả diều nghệ thuật. Hoạt động"
https://baovinhlong.com.vn/xa-hoi/du-lich/202604/pho-bi-thu-tinh-uy-chu-tich-ubnd-tinh-tran-tri-quang-khao-sat-thuc-te-khu-lo-gach-gom-mang-thit-va-cac-diem-du-lich-3524beb/,docs/research/nghien_cuu_12_chieu_thu_muc_nguon_mo_rong.csv,30,research_corpus,"""BVL-029"",""2"",""Báo chí/corpus địa phương"",""Bài báo corpus"",""Phó Bí thư Tỉnh ủy, Chủ tịch UBND tỉnh Trần Trí Quang khảo sát thực tế Khu lò gạch, gốm Mang Thít và các điểm du lịch"",""Báo Vĩnh Long"",""https://baovinhlong.com.vn/xa-hoi/du-lich/202604/pho-bi-thu-tinh-uy-chu-tich-ubnd-tinh-tran-tri-quang-khao-sat-thuc-te-khu-lo-gach-gom-mang-thit-va-cac-diem-du-lich-3524beb/"",""Vĩnh Long"",""Bằng chứng corpus 2026; match=tourism_category; confidence=high"",""4"",""2026-04-17"",""Chiều 17/4, đoàn khảo sát do Phó "
https://baovinhlong.com.vn/xa-hoi/du-lich/202604/phu-tuc-khai-thac-loi-the-tiem-nang-du-lich-xanh-24909d2/,docs/research/nghien_cuu_12_chieu_thu_muc_nguon_mo_rong.csv,31,research_corpus,"""BVL-030"",""2"",""Báo chí/corpus địa phương"",""Bài báo corpus"",""Phú Túc khai thác lợi thế tiềm năng du lịch xanh"",""Báo Vĩnh Long"",""https://baovinhlong.com.vn/xa-hoi/du-lich/202604/phu-tuc-khai-thac-loi-the-tiem-nang-du-lich-xanh-24909d2/"",""Bến Tre"",""Bằng chứng corpus 2026; match=tourism_category; confidence=high"",""4"",""2026-04-16"",""Nằm tiếp giáp những dòng sông lớn bồi đắp phù sa, xã Phú Túc đã và đang khẳng định vị thế trên bản đồ du lịch với hệ sinh thái đa dạng, giàu bản sắc. Sự ra đời của Chi hội"
https://baovinhlong.com.vn/xa-hoi/du-lich/202604/but-pha-tu-cac-nganh-dich-vu-tao-dong-luc-tang-truong-62b4453/,docs/research/nghien_cuu_12_chieu_thu_muc_nguon_mo_rong.csv,32,research_corpus,"""BVL-031"",""2"",""Báo chí/corpus địa phương"",""Bài báo corpus"",""Bứt phá từ các ngành dịch vụ, tạo động lực tăng trưởng"",""Báo Vĩnh Long"",""https://baovinhlong.com.vn/xa-hoi/du-lich/202604/but-pha-tu-cac-nganh-dich-vu-tao-dong-luc-tang-truong-62b4453/"",""Vĩnh Long; Bến Tre"",""Bằng chứng corpus 2026; match=tourism_category; confidence=high"",""4"",""2026-04-11"",""Trong bức tranh kinh tế năm 2025 và quý I/2026, tỉnh ghi nhận nhiều tín hiệu tích cực, đặc biệt từ khu vực dịch vụ- lĩnh vực đang dần khẳng định vai "
https://baovinhlong.com.vn/xa-hoi/du-lich/202604/ket-noi-du-lich-dbscl-voi-ha-noi-va-cac-tinh-phia-bac-c7445aa/,docs/research/nghien_cuu_12_chieu_thu_muc_nguon_mo_rong.csv,33,research_corpus,"""BVL-032"",""2"",""Báo chí/corpus địa phương"",""Bài báo corpus"",""Kết nối du lịch ĐBSCL với Hà Nội và các tỉnh phía Bắc"",""Báo Vĩnh Long"",""https://baovinhlong.com.vn/xa-hoi/du-lich/202604/ket-noi-du-lich-dbscl-voi-ha-noi-va-cac-tinh-phia-bac-c7445aa/"",""Vĩnh Long"",""Bằng chứng corpus 2026; match=tourism_category; confidence=high"",""4"",""2026-04-10"",""Ngày 10/4, nằm trong khuôn khổ Hội chợ Du lịch Quốc tế Việt Nam - VITM 2026, Sở Văn hóa, Thể thao và Du lịch tỉnh Vĩnh Long phối hợp với Hiệp hội Du lịch ĐBSCL"
https://baovinhlong.com.vn/kinh-te/202604/quang-ba-du-lich-vinh-long-tai-hoi-cho-du-lich-quoc-te-viet-nam-72914bd/,docs/research/nghien_cuu_12_chieu_thu_muc_nguon_mo_rong.csv,34,research_corpus,"""BVL-033"",""2"",""Báo chí/corpus địa phương"",""Bài báo corpus"",""Quảng bá du lịch Vĩnh Long tại Hội chợ Du lịch Quốc tế Việt Nam"",""Báo Vĩnh Long"",""https://baovinhlong.com.vn/kinh-te/202604/quang-ba-du-lich-vinh-long-tai-hoi-cho-du-lich-quoc-te-viet-nam-72914bd/"",""Vĩnh Long"",""Bằng chứng corpus 2026; match=direct_title; confidence=high"",""4"",""2026-04-10"",""Từ ngày 10-12/4, tại Trung tâm Triển lãm Quốc tế ICE Hà Nội, Hiệp hội Du lịch Việt Nam tổ chức Hội chợ Du lịch Quốc tế Việt Nam (lần thứ 15) - VITM 20"
https://baovinhlong.com.vn/xa-hoi/du-lich/202604/day-manh-lien-ket-kien-tao-hanh-trinh-du-lich-chat-luong-65d07fa/,docs/research/nghien_cuu_12_chieu_thu_muc_nguon_mo_rong.csv,35,research_corpus,"""BVL-034"",""2"",""Báo chí/corpus địa phương"",""Bài báo corpus"",""Đẩy mạnh liên kết, kiến tạo hành trình du lịch chất lượng"",""Báo Vĩnh Long"",""https://baovinhlong.com.vn/xa-hoi/du-lich/202604/day-manh-lien-ket-kien-tao-hanh-trinh-du-lich-chat-luong-65d07fa/"",""Vĩnh Long; Trà Vinh; Bến Tre"",""Bằng chứng corpus 2026; match=tourism_category; confidence=high"",""4"",""2026-04-08"",""Trong bối cảnh hội nhập, việc liên kết giữa các địa phương và tập đoàn lữ hành hàng đầu đã trở thành động lực then chốt để đa dạng hó"
https://baovinhlong.com.vn/van-hoa-giai-tri/202604/vinh-long-mang-sac-mau-van-hoa-nam-bo-ra-thu-do-ha-noi-f2e3866/,docs/research/nghien_cuu_12_chieu_thu_muc_nguon_mo_rong.csv,36,research_corpus,"""BVL-035"",""2"",""Báo chí/corpus địa phương"",""Bài báo corpus"",""Vĩnh Long mang sắc màu văn hóa Nam Bộ ra Thủ đô Hà Nội"",""Báo Vĩnh Long"",""https://baovinhlong.com.vn/van-hoa-giai-tri/202604/vinh-long-mang-sac-mau-van-hoa-nam-bo-ra-thu-do-ha-noi-f2e3866/"",""Vĩnh Long"",""Bằng chứng corpus 2026; match=direct_lead; confidence=high"",""4"",""2026-04-08"",""Từ ngày 17 đến 19/4/2026, đoàn tỉnh Vĩnh Long sẽ tham gia “Ngày Văn hóa các dân tộc Việt Nam 19/4”, tại Làng Văn hóa - Du lịch các dân tộc Việt Nam (Hà Nội) với"
https://baovinhlong.com.vn/xa-hoi/du-lich/202604/ra-mat-chi-hoi-du-lich-xa-phu-tuc-d5b32f7/,docs/research/nghien_cuu_12_chieu_thu_muc_nguon_mo_rong.csv,37,research_corpus,"""BVL-036"",""2"",""Báo chí/corpus địa phương"",""Bài báo corpus"",""Ra mắt Chi hội Du lịch xã Phú Túc"",""Báo Vĩnh Long"",""https://baovinhlong.com.vn/xa-hoi/du-lich/202604/ra-mat-chi-hoi-du-lich-xa-phu-tuc-d5b32f7/"",""Vĩnh Long; Bến Tre"",""Bằng chứng corpus 2026; match=tourism_category; confidence=high"",""4"",""2026-04-07"",""Chiều 7/4, tại Khu du lịch Cồn Phụng, UBND xã Phú Túc tổ chức lễ ra mắt Chi hội Du lịch xã Phú Túc."""
https://baovinhlong.com.vn/kinh-te/202604/trung-bay-gioi-thieu-hon-1-ngan-an-pham-cua-tinh-tai-ngay-hoi-du-lich-tp-ho-chi-minh-2e60821/,docs/research/nghien_cuu_12_chieu_thu_muc_nguon_mo_rong.csv,38,research_corpus,"""BVL-037"",""2"",""Báo chí/corpus địa phương"",""Bài báo corpus"",""Trưng bày, giới thiệu hơn 1 ngàn ấn phẩm của tỉnh tại Ngày hội Du lịch TP Hồ Chí Minh"",""Báo Vĩnh Long"",""https://baovinhlong.com.vn/kinh-te/202604/trung-bay-gioi-thieu-hon-1-ngan-an-pham-cua-tinh-tai-ngay-hoi-du-lich-tp-ho-chi-minh-2e60821/"",""Vĩnh Long"",""Bằng chứng corpus 2026; match=direct_title; confidence=high"",""4"",""2026-04-05"",""Từ ngày 2-5/4, tại Công viên 23/9 (phường Bến Thành, TP Hồ Chí Minh), Vĩnh Long cùng hơn 20 tỉnh, thành trê"
https://baovinhlong.com.vn/xa-hoi/du-lich/202603/toa-dam-lien-ket-hop-tac-phat-trien-tour-tuyen-san-pham-du-lich-tai-vinh-long-1d91728/,docs/research/nghien_cuu_12_chieu_thu_muc_nguon_mo_rong.csv,39,research_corpus,"""BVL-038"",""2"",""Báo chí/corpus địa phương"",""Bài báo corpus"",""Tọa đàm “Liên kết, hợp tác phát triển tour - tuyến, sản phẩm du lịch tại Vĩnh Long”"",""Báo Vĩnh Long"",""https://baovinhlong.com.vn/xa-hoi/du-lich/202603/toa-dam-lien-ket-hop-tac-phat-trien-tour-tuyen-san-pham-du-lich-tai-vinh-long-1d91728/"",""Vĩnh Long; Bến Tre"",""Bằng chứng corpus 2026; match=tourism_category; confidence=high"",""4"",""2026-03-31"",""Chiều 31/3, Sở Văn hóa-TT-DL phối hợp Saigontourist Group tổ chức tọa đàm “Liên kết, hợp tác phá"
https://baovinhlong.com.vn/xa-hoi/du-lich/202603/tang-cuong-ket-noi-quang-ba-van-hoa-du-lich-9ca1091/,docs/research/nghien_cuu_12_chieu_thu_muc_nguon_mo_rong.csv,40,research_corpus,"""BVL-039"",""2"",""Báo chí/corpus địa phương"",""Bài báo corpus"",""Tăng cường kết nối quảng bá văn hóa, du lịch"",""Báo Vĩnh Long"",""https://baovinhlong.com.vn/xa-hoi/du-lich/202603/tang-cuong-ket-noi-quang-ba-van-hoa-du-lich-9ca1091/"",""Vĩnh Long; Trà Vinh"",""Bằng chứng corpus 2026; match=tourism_category; confidence=high"",""4"",""2026-03-28"",""Tỉnh đang chủ động tăng tốc quảng bá, xúc tiến du lịch với hoạt động đa dạng, từ chuyển đổi số truyền thông đến mở rộng kết nối trong và ngoài nước. Những nỗ lực này gó"
https://baovinhlong.com.vn/van-hoa-giai-tri/202603/le-xuan-dinh-net-dep-van-hoa-tai-di-tich-van-thanh-mieu-2023470/,docs/research/nghien_cuu_12_chieu_thu_muc_nguon_mo_rong.csv,41,research_corpus,"""BVL-040"",""2"",""Báo chí/corpus địa phương"",""Bài báo corpus"",""Lễ Xuân Đinh- nét đẹp văn hóa tại di tích Văn Thánh miếu"",""Báo Vĩnh Long"",""https://baovinhlong.com.vn/van-hoa-giai-tri/202603/le-xuan-dinh-net-dep-van-hoa-tai-di-tich-van-thanh-mieu-2023470/"",""Vĩnh Long"",""Bằng chứng corpus 2026; match=destination_event; confidence=medium"",""4"",""2026-03-24"",""Ngày 21/2/2024, Bộ Văn hóa-TT-DL đã ghi danh “Lễ hội Văn Thánh miếu thành phố Vĩnh Long, tỉnh Vĩnh Long” vào Danh mục di sản văn hóa phi vật thể quốc"
https://baovinhlong.com.vn/xa-hoi/202603/boi-duong-nghiep-vu-du-lich-cho-cong-chuc-xa-phuong-khu-vuc-ben-tre-0301103/,docs/research/nghien_cuu_12_chieu_thu_muc_nguon_mo_rong.csv,42,research_corpus,"""BVL-041"",""2"",""Báo chí/corpus địa phương"",""Bài báo corpus"",""Bồi dưỡng nghiệp vụ du lịch cho công chức xã, phường khu vực Bến Tre"",""Báo Vĩnh Long"",""https://baovinhlong.com.vn/xa-hoi/202603/boi-duong-nghiep-vu-du-lich-cho-cong-chuc-xa-phuong-khu-vuc-ben-tre-0301103/"",""Bến Tre"",""Bằng chứng corpus 2026; match=direct_title; confidence=high"",""4"",""2026-03-20"",""Sáng 20/3, Sở Văn hóa, Thể thao và Du lịch tổ chức lớp bồi dưỡng chuyên môn, nghiệp vụ du lịch cho 85 công chức của 47 xã, phường khu vực Bến Tr"
https://baovinhlong.com.vn/xa-hoi/du-lich/202603/diem-nhan-hap-dan-du-lich-duong-thuy-28331ea/,docs/research/nghien_cuu_12_chieu_thu_muc_nguon_mo_rong.csv,43,research_corpus,"""BVL-042"",""2"",""Báo chí/corpus địa phương"",""Bài báo corpus"",""Điểm nhấn hấp dẫn du lịch đường thủy"",""Báo Vĩnh Long"",""https://baovinhlong.com.vn/xa-hoi/du-lich/202603/diem-nhan-hap-dan-du-lich-duong-thuy-28331ea/"",""Vĩnh Long; Trà Vinh; Bến Tre"",""Bằng chứng corpus 2026; match=tourism_category; confidence=high"",""4"",""2026-03-19"",""Nằm giữa vùng sông nước trù phú của ĐBSCL, Vĩnh Long từ lâu đã được biết đến như một điểm đến hấp dẫn với hệ sinh thái miệt vườn đặc trưng, những dòng sông hiền hòa và đời số"
https://baovinhlong.com.vn/phong-su-anh/202603/di-san-van-hoa-phi-vat-the-quoc-gia-le-hoi-nguyen-tieu-b955ae0/,docs/research/nghien_cuu_12_chieu_thu_muc_nguon_mo_rong.csv,44,research_corpus,"""BVL-043"",""2"",""Báo chí/corpus địa phương"",""Bài báo corpus"",""Di sản văn hóa phi vật thể quốc gia- Lễ hội Nguyên Tiêu"",""Báo Vĩnh Long"",""https://baovinhlong.com.vn/phong-su-anh/202603/di-san-van-hoa-phi-vat-the-quoc-gia-le-hoi-nguyen-tieu-b955ae0/"",""Vĩnh Long; Trà Vinh"",""Bằng chứng corpus 2026; match=destination_event; confidence=medium"",""4"",""2026-03-04"",""Sáng ngày 3/3, Sở Văn hóa, Thể thao và Du lịch tỉnh Vĩnh Long đã phối hợp với UBND xã Đại An tổ chức lễ công bố quyết định của Bộ Văn hóa, Thể th"
https://baovinhlong.com.vn/van-hoa-giai-tri/202603/phong-phu-cac-hoat-dong-tuan-le-van-hoa-xa-dai-an-c780fe2/,docs/research/nghien_cuu_12_chieu_thu_muc_nguon_mo_rong.csv,45,research_corpus,"""BVL-044"",""2"",""Báo chí/corpus địa phương"",""Bài báo corpus"",""Phong phú các hoạt động tuần lễ văn hóa xã Đại An"",""Báo Vĩnh Long"",""https://baovinhlong.com.vn/van-hoa-giai-tri/202603/phong-phu-cac-hoat-dong-tuan-le-van-hoa-xa-dai-an-c780fe2/"",""Trà Vinh"",""Bằng chứng corpus 2026; match=direct_lead; confidence=high"",""4"",""2026-03-04"",""Qua 1 tuần diễn ra, Tuần lễ Văn hóa, Thể thao và Du lịch xã Đại An năm 2026 (Tuần lễ) gắn công bố di sản văn hóa phi vật thể quốc gia “Lễ hội Nguyên tiêu ở Trà Cú” được đô"
https://baovinhlong.com.vn/van-hoa-giai-tri/202603/cong-bo-quyet-dinh-dua-le-hoi-nguyen-tieu-o-tra-cu-vao-danh-muc-di-san-van-hoa-phi-vat-the-quoc-gia-ba52ad3/,docs/research/nghien_cuu_12_chieu_thu_muc_nguon_mo_rong.csv,46,research_corpus,"""BVL-045"",""2"",""Báo chí/corpus địa phương"",""Bài báo corpus"",""Công bố quyết định đưa “Lễ hội Nguyên Tiêu ở Trà Cú” vào danh mục di sản văn hóa phi vật thể quốc gia"",""Báo Vĩnh Long"",""https://baovinhlong.com.vn/van-hoa-giai-tri/202603/cong-bo-quyet-dinh-dua-le-hoi-nguyen-tieu-o-tra-cu-vao-danh-muc-di-san-van-hoa-phi-vat-the-quoc-gia-ba52ad3/"",""Vĩnh Long; Trà Vinh"",""Bằng chứng corpus 2026; match=destination_event; confidence=medium"",""4"",""2026-03-03"",""Sáng ngày 3/3, tại Phước Thắng Cung (xã Đại An), S"
https://baovinhlong.com.vn/xa-hoi/du-lich/202603/day-manh-hoat-dong-quang-ba-xuc-tien-du-lich-nam-2026-9ba3f28/,docs/research/nghien_cuu_12_chieu_thu_muc_nguon_mo_rong.csv,47,research_corpus,"""BVL-046"",""2"",""Báo chí/corpus địa phương"",""Bài báo corpus"",""Đẩy mạnh hoạt động quảng bá, xúc tiến du lịch năm 2026"",""Báo Vĩnh Long"",""https://baovinhlong.com.vn/xa-hoi/du-lich/202603/day-manh-hoat-dong-quang-ba-xuc-tien-du-lich-nam-2026-9ba3f28/"",""Vĩnh Long"",""Bằng chứng corpus 2026; match=tourism_category; confidence=high"",""4"",""2026-03-01"",""Theo Sở Văn hóa-TT-DL, ước lượng khách và doanh thu từ du lịch tháng 2 đạt 535.697 lượt, tăng 12,5% so với cùng kỳ, trong đó khách quốc tế ước đạt 95.481 lượt"
https://baovinhlong.com.vn/van-hoa-giai-tri/202602/khai-mac-tuan-le-van-hoa-the-thao-va-du-lich-xa-dai-an-f3a077d/,docs/research/nghien_cuu_12_chieu_thu_muc_nguon_mo_rong.csv,48,research_corpus,"""BVL-047"",""2"",""Báo chí/corpus địa phương"",""Bài báo corpus"",""Khai mạc Tuần lễ Văn hóa, Thể thao và Du lịch xã Đại An"",""Báo Vĩnh Long"",""https://baovinhlong.com.vn/van-hoa-giai-tri/202602/khai-mac-tuan-le-van-hoa-the-thao-va-du-lich-xa-dai-an-f3a077d/"",""Vĩnh Long; Trà Vinh"",""Bằng chứng corpus 2026; match=direct_title; confidence=high"",""4"",""2026-02-26"",""Tối 25/2, Sở Văn hóa, Thể thao và Du lịch tỉnh Vĩnh Long phối hợp UBND xã Đại An tổ chức khai mạc Tuần lễ Văn hóa, Thể thao và Du lịch xã Đại An năm"
https://baovinhlong.com.vn/van-hoa-giai-tri/202602/dai-an-san-sang-vao-mua-le-hoi-nguyen-tieu-91e0433/,docs/research/nghien_cuu_12_chieu_thu_muc_nguon_mo_rong.csv,49,research_corpus,"""BVL-048"",""2"",""Báo chí/corpus địa phương"",""Bài báo corpus"",""Đại An sẵn sàng vào mùa Lễ hội Nguyên tiêu"",""Báo Vĩnh Long"",""https://baovinhlong.com.vn/van-hoa-giai-tri/202602/dai-an-san-sang-vao-mua-le-hoi-nguyen-tieu-91e0433/"",""Trà Vinh"",""Bằng chứng corpus 2026; match=direct_lead; confidence=high"",""4"",""2026-02-25"",""Tuần lễ Văn hóa, Thể thao và Du lịch xã Đại An năm 2026 gắn công bố di sản văn hóa phi vật thể quốc gia “Lễ hội Nguyên tiêu” diễn ra từ ngày 25/2-3/3 (mùng 9-15 tháng Giêng)."""
https://baovinhlong.com.vn/van-hoa-giai-tri/202602/doc-dao-le-hoi-nguyen-tieu-fd103c9/,docs/research/nghien_cuu_12_chieu_thu_muc_nguon_mo_rong.csv,50,research_corpus,"""BVL-049"",""2"",""Báo chí/corpus địa phương"",""Bài báo corpus"",""Độc đáo Lễ hội Nguyên tiêu"",""Báo Vĩnh Long"",""https://baovinhlong.com.vn/van-hoa-giai-tri/202602/doc-dao-le-hoi-nguyen-tieu-fd103c9/"",""Trà Vinh"",""Bằng chứng corpus 2026; match=destination_event; confidence=medium"",""4"",""2026-02-25"",""Dưới ánh trăng rằm tháng Giêng tròn đầy, tại xã Đại An lại rộn ràng vào Lễ hội Nguyên tiêu. Đây là lễ hội văn hóa tâm linh đặc sắc đã tồn tại hơn một thế kỷ."""
https://baovinhlong.com.vn/thoi-su/202602/le-hoi-nguyen-tieu-gan-voi-tuan-le-van-hoa-the-thao-va-du-lich-xa-dai-an-dien-ra-tu-ngay-252-33-5ad0467/,docs/research/nghien_cuu_12_chieu_thu_muc_nguon_mo_rong.csv,51,research_corpus,"""BVL-050"",""2"",""Báo chí/corpus địa phương"",""Bài báo corpus"",""Lễ hội Nguyên tiêu gắn với Tuần lễ Văn hóa, Thể thao và Du lịch xã Đại An diễn ra từ ngày 25/2- 3/3"",""Báo Vĩnh Long"",""https://baovinhlong.com.vn/thoi-su/202602/le-hoi-nguyen-tieu-gan-voi-tuan-le-van-hoa-the-thao-va-du-lich-xa-dai-an-dien-ra-tu-ngay-252-33-5ad0467/"",""Trà Vinh"",""Bằng chứng corpus 2026; match=direct_title; confidence=high"",""4"",""2026-02-23"",""Chiều 23/2, đồng chí Dương Hoàng Sum- Tỉnh ủy viên, Giám đốc Sở Văn hóa, Thể thao v"
https://baovinhlong.com.vn/xa-hoi/du-lich/202602/cac-khu-di-tich-don-tiep-gan-50000-luot-khachdip-tet-nguyen-dan-0c0071f/,docs/research/nghien_cuu_12_chieu_thu_muc_nguon_mo_rong.csv,52,research_corpus,"""BVL-051"",""2"",""Báo chí/corpus địa phương"",""Bài báo corpus"",""Các khu di tích đón gần 50.000 lượt khách dịp Tết Nguyên đán"",""Báo Vĩnh Long"",""https://baovinhlong.com.vn/xa-hoi/du-lich/202602/cac-khu-di-tich-don-tiep-gan-50000-luot-khachdip-tet-nguyen-dan-0c0071f/"",""Vĩnh Long; Trà Vinh; Bến Tre"",""Bằng chứng corpus 2026; match=tourism_category; confidence=high"",""4"",""2026-02-21"",""Trong những ngày xuân Bính Ngọ 2026 (từ ngày 16 - 20/2, nhằm ngày 29 tháng Chạp đến ngày mùng 4 tháng Giêng), tại các Khu d"
https://baovinhlong.com.vn/phong-su-anh/202602/thang-canh-ao-ba-om-thu-hut-khach-du-xuan-3db0b58/,docs/research/nghien_cuu_12_chieu_thu_muc_nguon_mo_rong.csv,53,research_corpus,"""BVL-052"",""2"",""Báo chí/corpus địa phương"",""Bài báo corpus"",""Thắng cảnh Ao Bà Om thu hút khách du xuân"",""Báo Vĩnh Long"",""https://baovinhlong.com.vn/phong-su-anh/202602/thang-canh-ao-ba-om-thu-hut-khach-du-xuan-3db0b58/"",""Vĩnh Long; Trà Vinh"",""Bằng chứng corpus 2026; match=direct_title; confidence=high"",""4"",""2026-02-20"",""Ao Bà Om nằm trong quần thể danh lam thắng cảnh và di tích lịch sử văn hóa quốc gia cùng với Bảo tàng Văn hóa Khmer và chùa Âng. Tọa lạc tại phường Nguyệt Hóa (tỉnh Vĩnh Long), Ao"
https://baovinhlong.com.vn/xa-hoi/du-lich/202602/tren-16000-luot-khach-den-khu-du-lich-bien-ba-dong-dip-tet-0620e93/,docs/research/nghien_cuu_12_chieu_thu_muc_nguon_mo_rong.csv,54,research_corpus,"""BVL-053"",""2"",""Báo chí/corpus địa phương"",""Bài báo corpus"",""Trên 16.000 lượt khách đến Khu du lịch Biển Ba Động dịp Tết"",""Báo Vĩnh Long"",""https://baovinhlong.com.vn/xa-hoi/du-lich/202602/tren-16000-luot-khach-den-khu-du-lich-bien-ba-dong-dip-tet-0620e93/"",""Trà Vinh"",""Bằng chứng corpus 2026; match=tourism_category; confidence=high"",""4"",""2026-02-20"",""Theo UBND phường Trường Long Hòa, trong những ngày Tết, tại Khu du lịch Biển Ba Động đón tiếp trên 16.000 lượt khách đến vui chơi, tính từ ngày 29 th"
https://baovinhlong.com.vn/van-hoa-giai-tri/202602/sac-mau-ban-do-am-thuc-vinh-long-c4f07a9/,docs/research/nghien_cuu_12_chieu_thu_muc_nguon_mo_rong.csv,55,research_corpus,"""BVL-054"",""2"",""Báo chí/corpus địa phương"",""Bài báo corpus"",""Sắc màu “bản đồ ẩm thực” Vĩnh Long"",""Báo Vĩnh Long"",""https://baovinhlong.com.vn/van-hoa-giai-tri/202602/sac-mau-ban-do-am-thuc-vinh-long-c4f07a9/"",""Vĩnh Long"",""Bằng chứng corpus 2026; match=direct_lead; confidence=high"",""4"",""2026-02-19"",""Nằm ở vị trí trung tâm Tây Nam Bộ, Vĩnh Long hội tụ những giá trị đặc sắc trong văn hóa ẩm thực của vùng đồng bằng. Những sản phẩm độc đáo từ hàng trăm làng nghề gắn với văn hóa của cộng đồng dân cư, hò"
https://baovinhlong.com.vn/xa-hoi/du-lich/202602/song-nuoc-miet-vuon-an-binh-giu-chan-du-khach-c180357/,docs/research/nghien_cuu_12_chieu_thu_muc_nguon_mo_rong.csv,56,research_corpus,"""BVL-055"",""2"",""Báo chí/corpus địa phương"",""Bài báo corpus"",""Sông nước miệt vườn An Bình giữ chân du khách"",""Báo Vĩnh Long"",""https://baovinhlong.com.vn/xa-hoi/du-lich/202602/song-nuoc-miet-vuon-an-binh-giu-chan-du-khach-c180357/"",""Vĩnh Long"",""Bằng chứng corpus 2026; match=tourism_category; confidence=high"",""4"",""2026-02-17"",""Cù lao An Bình nằm giữa sông Tiền và sông Cổ Chiên. Khí hậu nơi đây trong lành mát mẻ, đất đai được phù sa bồi đắp, cây trái xum xuê, cùng với hệ thống giao thông đường bộ, đư"
https://baovinhlong.com.vn/xa-hoi/du-lich/202602/du-lich-tang-toc-buc-pha-voi-khong-gian-moi-3d90216/,docs/research/nghien_cuu_12_chieu_thu_muc_nguon_mo_rong.csv,57,research_corpus,"""BVL-056"",""2"",""Báo chí/corpus địa phương"",""Bài báo corpus"",""Du lịch tăng tốc bứt phá với không gian mới"",""Báo Vĩnh Long"",""https://baovinhlong.com.vn/xa-hoi/du-lich/202602/du-lich-tang-toc-buc-pha-voi-khong-gian-moi-3d90216/"",""Vĩnh Long; Trà Vinh"",""Bằng chứng corpus 2026; match=tourism_category; confidence=high"",""4"",""2026-02-16"",""Nằm ở trung tâm ĐBSCL, Vĩnh Long nổi bật là vùng đất hội tụ về văn hóa, ẩm thực và trải nghiệm du lịch cộng đồng. Ngành du lịch tỉnh đã nỗ lực đổi mới, sáng tạo, khai th"
https://baovinhlong.com.vn/nhip-song-dong-bang/202602/sac-xuan-cho-que-c374322/,docs/research/nghien_cuu_12_chieu_thu_muc_nguon_mo_rong.csv,58,research_corpus,"""BVL-057"",""2"",""Báo chí/corpus địa phương"",""Bài báo corpus"",""Sắc xuân chợ quê"",""Báo Vĩnh Long"",""https://baovinhlong.com.vn/nhip-song-dong-bang/202602/sac-xuan-cho-que-c374322/"",""Trà Vinh"",""Bằng chứng corpus 2026; match=destination_event; confidence=medium"",""4"",""2026-02-10"",""Cận Tết, Công viên Phạm Ngũ Lão (phường Trà Vinh) rộn ràng khi “Chợ quê ngày Tết” trở thành điểm hẹn du xuân của người dân. Không gian mái lá, bếp than, bánh dân gian đã tái hiện sinh hoạt làng quê Nam Bộ, mang đến sắc xuân ấm"
https://baovinhlong.com.vn/nhip-song-dong-bang/202602/ngay-hoi-cho-noi-van-hoa-song-nuoc-nam-bo-4642f3e/,docs/research/nghien_cuu_12_chieu_thu_muc_nguon_mo_rong.csv,59,research_corpus,"""BVL-058"",""2"",""Báo chí/corpus địa phương"",""Bài báo corpus"",""Ngày hội “Chợ nổi - Văn hóa sông nước Nam Bộ”"",""Báo Vĩnh Long"",""https://baovinhlong.com.vn/nhip-song-dong-bang/202602/ngay-hoi-cho-noi-van-hoa-song-nuoc-nam-bo-4642f3e/"",""Bến Tre"",""Bằng chứng corpus 2026; match=destination_event; confidence=medium"",""4"",""2026-02-09"",""Chiều 9/2, Trường Tiểu học Bến Tre (phường An Hội) tổ chức Ngày hội trải nghiệm “Chợ nổi - Văn hóa sông nước Nam Bộ”. Hoạt động thiết thực chào mừng kỷ niệm ngày thành lập Đ"
https://baovinhlong.com.vn/phong-su-anh/202601/moi-den-hoi-cho-xuan-xem-livestream-ban-hang-trai-nghiem-goi-banh-tet-tra-cuon-194357b/,docs/research/nghien_cuu_12_chieu_thu_muc_nguon_mo_rong.csv,60,research_corpus,"""BVL-059"",""2"",""Báo chí/corpus địa phương"",""Bài báo corpus"",""Mời đến hội chợ Xuân xem livestream bán hàng, trải nghiệm gói bánh tét Trà Cuôn"",""Báo Vĩnh Long"",""https://baovinhlong.com.vn/phong-su-anh/202601/moi-den-hoi-cho-xuan-xem-livestream-ban-hang-trai-nghiem-goi-banh-tet-tra-cuon-194357b/"",""Vĩnh Long"",""Bằng chứng corpus 2026; match=direct_lead; confidence=high"",""4"",""2026-01-30"",""Hội chợ Xúc tiến thương mại, Du lịch – Mừng Đảng, mừng Xuân Bính Ngọ năm 2026 tại đường Võ Văn Kiệt (phường Long Ch"
https://baovinhlong.com.vn/tieu-diem/202601/khu-du-lich-bien-ba-dong-san-sang-don-khach-6131e1a/,docs/research/nghien_cuu_12_chieu_thu_muc_nguon_mo_rong.csv,61,research_corpus,"""BVL-060"",""2"",""Báo chí/corpus địa phương"",""Bài báo corpus"",""Khu du lịch biển Ba Động sẵn sàng đón khách"",""Báo Vĩnh Long"",""https://baovinhlong.com.vn/tieu-diem/202601/khu-du-lich-bien-ba-dong-san-sang-don-khach-6131e1a/"",""Trà Vinh"",""Bằng chứng corpus 2026; match=direct_title; confidence=high"",""4"",""2026-01-25"",""Khu du lịch biển Ba Động đang sẵn sàng tiếp đón du khách đến trải nghiệm dịp trước, trong và sau Tết Bính Ngọ năm 2026."""
https://baovinhlong.com.vn/van-hoa-giai-tri/202601/to-chuc-dat-cay-uoc-nguyen-tai-lang-ong-4d140e2/,docs/research/nghien_cuu_12_chieu_thu_muc_nguon_mo_rong.csv,62,research_corpus,"""BVL-061"",""2"",""Báo chí/corpus địa phương"",""Bài báo corpus"",""Tổ chức đặt cây ước nguyện tại Lăng Ông"",""Báo Vĩnh Long"",""https://baovinhlong.com.vn/van-hoa-giai-tri/202601/to-chuc-dat-cay-uoc-nguyen-tai-lang-ong-4d140e2/"",""Vĩnh Long"",""Bằng chứng corpus 2026; match=destination_event; confidence=medium"",""4"",""2026-01-20"",""Nhân kỷ niệm 206 năm ngày mất Tiền quân Thống chế Điều bát Nguyễn Văn Tồn (1820-2026), Ban Quản lý Di tích Lăng Ông Tiền quân Thống chế Điều bát Nguyễn Văn Tồn (ấp Giồng Thanh Bạch, "
https://baovinhlong.com.vn/nhip-song-dong-bang/202601/lang-nghe-cuc-mam-xoi-long-thoi-ron-rang-sac-xuan-97e5de6/,docs/research/nghien_cuu_12_chieu_thu_muc_nguon_mo_rong.csv,63,research_corpus,"""BVL-062"",""2"",""Báo chí/corpus địa phương"",""Bài báo corpus"",""Làng nghề cúc mâm xôi Long Thới rộn ràng sắc xuân"",""Báo Vĩnh Long"",""https://baovinhlong.com.vn/nhip-song-dong-bang/202601/lang-nghe-cuc-mam-xoi-long-thoi-ron-rang-sac-xuan-97e5de6/"",""Bến Tre"",""Bằng chứng corpus 2026; match=destination_event; confidence=medium"",""4"",""2026-01-11"",""Đến xứ xở hoa kiểng Chợ Lách, men theo con đường dẫn sâu vào trong làng nghề cúc mâm xôi Long Thới (nay thuộc xã Chợ Lách), chúng tôi cảm nhận như đi lạc giữa rừ"
https://baovinhlong.com.vn/xa-hoi/du-lich/202601/du-lich-khoi-dong-nam-2026-voi-ket-qua-tich-cuc-52f005b/,docs/research/nghien_cuu_12_chieu_thu_muc_nguon_mo_rong.csv,64,research_corpus,"""BVL-063"",""2"",""Báo chí/corpus địa phương"",""Bài báo corpus"",""Du lịch khởi động năm 2026 với kết quả tích cực"",""Báo Vĩnh Long"",""https://baovinhlong.com.vn/xa-hoi/du-lich/202601/du-lich-khoi-dong-nam-2026-voi-ket-qua-tich-cuc-52f005b/"",""Vĩnh Long; Trà Vinh; Bến Tre"",""Bằng chứng corpus 2026; match=tourism_category; confidence=high"",""4"",""2026-01-06"",""Những ngày đầu năm 2026, kỳ nghỉ lễ Tết Dương lịch dài 4 ngày, các điểm du lịch (DL) nhộn nhịp đón khách trong và ngoài nước. Với nhiều hoạt động trải n"
https://baovinhlong.com.vn/xa-hoi/du-lich/202601/nang-chat-san-pham-dich-vu-du-lich-tinh-79835d0/,docs/research/nghien_cuu_12_chieu_thu_muc_nguon_mo_rong.csv,65,research_corpus,"""BVL-064"",""2"",""Báo chí/corpus địa phương"",""Bài báo corpus"",""Nâng chất sản phẩm, dịch vụ du lịch tỉnh"",""Báo Vĩnh Long"",""https://baovinhlong.com.vn/xa-hoi/du-lich/202601/nang-chat-san-pham-dich-vu-du-lich-tinh-79835d0/"",""Vĩnh Long"",""Bằng chứng corpus 2026; match=tourism_category; confidence=high"",""4"",""2026-01-03"",""Ngày đầu năm mới 2026, Sở Văn hóa-TT-DL tổ chức chương trình quảng bá du lịch mừng Đảng, mừng Xuân Bính Ngọ. Cùng với lễ khai mạc không gian quảng bá du lịch, tỉnh chào đón đoàn khách qu"
https://baovinhlong.com.vn/xa-hoi/du-lich/202601/quang-ba-du-lich-mung-dang-mung-xuan-binh-ngo-nam-2026-b1a1cde/,docs/research/nghien_cuu_12_chieu_thu_muc_nguon_mo_rong.csv,66,research_corpus,"""BVL-065"",""2"",""Báo chí/corpus địa phương"",""Bài báo corpus"",""Quảng bá du lịch mừng Đảng, mừng Xuân Bính Ngọ năm 2026"",""Báo Vĩnh Long"",""https://baovinhlong.com.vn/xa-hoi/du-lich/202601/quang-ba-du-lich-mung-dang-mung-xuan-binh-ngo-nam-2026-b1a1cde/"",""Vĩnh Long; Bến Tre"",""Bằng chứng corpus 2026; match=tourism_category; confidence=high"",""4"",""2026-01-01"",""Dưới tiết trời dịu nhẹ của ngày đầu năm, khắp đường phố, ngõ hẻm rực rỡ cờ hoa, mang theo niềm hân hoan và kỳ vọng về một năm mới an lành, thịnh vư"
https://baovinhlong.com.vn/video/202512/vinh-long-phat-huy-loi-the-du-lich-gan-voi-lang-nghe-dea046f/,docs/research/nghien_cuu_12_chieu_thu_muc_nguon_mo_rong.csv,67,research_corpus,"""BVL-066"",""2"",""Báo chí/corpus địa phương"",""Bài báo corpus"",""Vĩnh Long phát huy lợi thế du lịch gắn với làng nghề"",""Báo Vĩnh Long"",""https://baovinhlong.com.vn/video/202512/vinh-long-phat-huy-loi-the-du-lich-gan-voi-lang-nghe-dea046f/"",""Vĩnh Long"",""Bằng chứng corpus 2025; match=direct_title; confidence=high"",""4"",""2025-12-31"",""Tỉnh Vĩnh Long nằm ở trung tâm vùng Đồng bằng sông Cửu Long, nơi giao thoa giữa những dòng sông hiền hòa, đất đai màu mỡ và con người hiếu khách. Không chỉ nổi tiếng với miệt"
https://baovinhlong.com.vn/xa-hoi/du-lich/202512/ra-mat-mo-hinh-du-lich-cong-dong-nhi-hoa-97123f7/,docs/research/nghien_cuu_12_chieu_thu_muc_nguon_mo_rong.csv,68,research_corpus,"""BVL-067"",""2"",""Báo chí/corpus địa phương"",""Bài báo corpus"",""Ra mắt mô hình du lịch cộng đồng Nhị Hòa"",""Báo Vĩnh Long"",""https://baovinhlong.com.vn/xa-hoi/du-lich/202512/ra-mat-mo-hinh-du-lich-cong-dong-nhi-hoa-97123f7/"",""Vĩnh Long"",""Bằng chứng corpus 2025; match=tourism_category; confidence=high"",""4"",""2025-12-30"",""Sáng 30/12, Sở Văn hóa, Thể thao và Du lịch tỉnh Vĩnh Long phối hợp UBND xã Nhị Long, Viện Nghiên cứu phát triển kinh tế và du lịch tổ chức lễ công bố và đưa vào khai thác mô hình du lị"
https://baovinhlong.com.vn/xa-hoi/du-lich/202512/xay-dung-moi-truong-du-lich-an-toan-chat-luong-4624559/,docs/research/nghien_cuu_12_chieu_thu_muc_nguon_mo_rong.csv,69,research_corpus,"""BVL-068"",""2"",""Báo chí/corpus địa phương"",""Bài báo corpus"",""Xây dựng môi trường du lịch an toàn, chất lượng"",""Báo Vĩnh Long"",""https://baovinhlong.com.vn/xa-hoi/du-lich/202512/xay-dung-moi-truong-du-lich-an-toan-chat-luong-4624559/"",""Vĩnh Long"",""Bằng chứng corpus 2025; match=tourism_category; confidence=high"",""4"",""2025-12-25"",""Nhằm tạo không khí vui tươi, phấn khởi chào đón năm mới 2026, đẩy mạnh công tác truyền thông, quảng bá hình ảnh đất và người Vĩnh Long, Sở Văn hóa-TT-DL tổ chức nhiều chươn"
https://baovinhlong.com.vn/xa-hoi/du-lich/202512/du-lich-thuc-day-bao-ton-va-phat-huy-gia-tri-lang-nghe-4634462/,docs/research/nghien_cuu_12_chieu_thu_muc_nguon_mo_rong.csv,70,research_corpus,"""BVL-069"",""2"",""Báo chí/corpus địa phương"",""Bài báo corpus"",""Du lịch thúc đẩy bảo tồn và phát huy giá trị làng nghề"",""Báo Vĩnh Long"",""https://baovinhlong.com.vn/xa-hoi/du-lich/202512/du-lich-thuc-day-bao-ton-va-phat-huy-gia-tri-lang-nghe-4634462/"",""Vĩnh Long; Trà Vinh; Bến Tre"",""Bằng chứng corpus 2025; match=tourism_category; confidence=high"",""4"",""2025-12-23"",""Trong xu hướng phát triển du lịch (DL) bền vững hiện nay, DL làng nghề được xem là một trong những mục tiêu mà các quốc gia trên thế giới "
https://baovinhlong.com.vn/phong-su-ky-su/202512/dua-sap-tro-thanh-nhip-cau-ket-noi-van-hoa-cong-dong-a104188/,docs/research/nghien_cuu_12_chieu_thu_muc_nguon_mo_rong.csv,71,research_corpus,"""BVL-070"",""2"",""Báo chí/corpus địa phương"",""Bài báo corpus"",""Dừa sáp trở thành nhịp cầu kết nối văn hóa cộng đồng"",""Báo Vĩnh Long"",""https://baovinhlong.com.vn/phong-su-ky-su/202512/dua-sap-tro-thanh-nhip-cau-ket-noi-van-hoa-cong-dong-a104188/"",""Trà Vinh"",""Bằng chứng corpus 2025; match=direct_lead; confidence=high"",""4"",""2025-12-20"",""Giữa vùng quê Tam Ngãi yên bình, nơi những hàng dừa nối nhau xanh rợp, Bảo tàng Dừa sáp Trà Vinh ra đời như một không gian văn hóa đặc biệt, lưu giữ câu chuyện hơn 100"
https://baovinhlong.com.vn/xa-hoi/202512/nang-cao-nghiep-vu-lam-du-lich-cong-dong-va-du-lich-duong-thuy-7672019/,docs/research/nghien_cuu_12_chieu_thu_muc_nguon_mo_rong.csv,72,research_corpus,"""BVL-071"",""2"",""Báo chí/corpus địa phương"",""Bài báo corpus"",""Nâng cao nghiệp vụ làm du lịch cộng đồng và du lịch đường thủy"",""Báo Vĩnh Long"",""https://baovinhlong.com.vn/xa-hoi/202512/nang-cao-nghiep-vu-lam-du-lich-cong-dong-va-du-lich-duong-thuy-7672019/"",""Vĩnh Long"",""Bằng chứng corpus 2025; match=direct_title; confidence=high"",""4"",""2025-12-19"",""Từ ngày 18-22/12, Sở Văn hóa, Thể thao và Du lịch tỉnh Vĩnh Long phối hợp với Sở Du lịch TP Hồ Chí Minh tổ chức lớp bồi dưỡng, nâng cao nghiệp vụ làm du "
https://baovinhlong.com.vn/xa-hoi/du-lich/202512/ong-tran-ba-sanh-duoc-bau-lam-chu-tich-hiep-hoi-du-lich-tinh-vinh-long-nhiem-ky-20252030-2c7084b/,docs/research/nghien_cuu_12_chieu_thu_muc_nguon_mo_rong.csv,73,research_corpus,"""BVL-072"",""2"",""Báo chí/corpus địa phương"",""Bài báo corpus"",""Ông Trần Bá Sanh được bầu làm Chủ tịch Hiệp hội Du lịch tỉnh Vĩnh Long nhiệm kỳ 2025–2030"",""Báo Vĩnh Long"",""https://baovinhlong.com.vn/xa-hoi/du-lich/202512/ong-tran-ba-sanh-duoc-bau-lam-chu-tich-hiep-hoi-du-lich-tinh-vinh-long-nhiem-ky-20252030-2c7084b/"",""Vĩnh Long; Bến Tre"",""Bằng chứng corpus 2025; match=tourism_category; confidence=high"",""4"",""2025-12-18"",""Chiều 18/12, tại Khu du lịch Lan Vương (phường An Hội), Đại hội Hiệp hội Du lịc"
https://baovinhlong.com.vn/xa-hoi/du-lich/202512/cong-nhan-bao-tang-dua-sap-tra-vinh-diem-du-lich-tieu-bieu-dbscl-52d0937/,docs/research/nghien_cuu_12_chieu_thu_muc_nguon_mo_rong.csv,74,research_corpus,"""BVL-073"",""2"",""Báo chí/corpus địa phương"",""Bài báo corpus"",""Công nhận Bảo tàng dừa sáp Trà Vinh- điểm du lịch tiêu biểu ĐBSCL"",""Báo Vĩnh Long"",""https://baovinhlong.com.vn/xa-hoi/du-lich/202512/cong-nhan-bao-tang-dua-sap-tra-vinh-diem-du-lich-tieu-bieu-dbscl-52d0937/"",""Vĩnh Long; Trà Vinh"",""Bằng chứng corpus 2025; match=tourism_category; confidence=high"",""4"",""2025-12-14"",""Chiều 13/12, tại xã Tam Ngãi, Sở Văn hóa, Thể thao và Du lịch công bố Quyết định của Hiệp hội Du lịch ĐBSCL công nhận Bảo tàng"
https://baovinhlong.com.vn/van-hoa-giai-tri/202512/50-hoc-vien-du-tap-huan-bao-ton-phat-huy-gia-tri-nghe-thuat-mua-ro-bam-gan-voi-phat-trien-du-lich-f4b2c97/,docs/research/nghien_cuu_12_chieu_thu_muc_nguon_mo_rong.csv,75,research_corpus,"""BVL-074"",""2"",""Báo chí/corpus địa phương"",""Bài báo corpus"",""50 học viên dự tập huấn bảo tồn, phát huy giá trị nghệ thuật múa Rô-băm gắn với phát triển du lịch"",""Báo Vĩnh Long"",""https://baovinhlong.com.vn/van-hoa-giai-tri/202512/50-hoc-vien-du-tap-huan-bao-ton-phat-huy-gia-tri-nghe-thuat-mua-ro-bam-gan-voi-phat-trien-du-lich-f4b2c97/"",""Vĩnh Long"",""Bằng chứng corpus 2025; match=direct_title; confidence=high"",""4"",""2025-12-12"",""Từ ngày 11-15/12, tại xã Châu Thành, Trường Cán bộ quản lý Văn hóa, Thể "
https://baovinhlong.com.vn/xa-hoi/du-lich/202512/khao-sat-phat-trien-du-lich-lang-nghe-va-du-lich-nong-nghiep-tai-vinh-long-8de34c4/,docs/research/nghien_cuu_12_chieu_thu_muc_nguon_mo_rong.csv,76,research_corpus,"""BVL-075"",""2"",""Báo chí/corpus địa phương"",""Bài báo corpus"",""Khảo sát phát triển du lịch làng nghề và du lịch nông nghiệp tại Vĩnh Long"",""Báo Vĩnh Long"",""https://baovinhlong.com.vn/xa-hoi/du-lich/202512/khao-sat-phat-trien-du-lich-lang-nghe-va-du-lich-nong-nghiep-tai-vinh-long-8de34c4/"",""Vĩnh Long; Bến Tre"",""Bằng chứng corpus 2025; match=tourism_category; confidence=high"",""4"",""2025-12-10"",""Ngày 10/12, đoàn famtrip của Cục Du lịch Quốc gia Việt Nam tổ chức chương trình khảo sát phát triển du lịch "
https://baovinhlong.com.vn/xa-hoi/du-lich/202512/them-co-hoi-cho-nganh-du-lich-tinh-vuon-minh-3130a8c/,docs/research/nghien_cuu_12_chieu_thu_muc_nguon_mo_rong.csv,77,research_corpus,"""BVL-076"",""2"",""Báo chí/corpus địa phương"",""Bài báo corpus"",""Thêm cơ hội cho ngành du lịch tỉnh vươn mình"",""Báo Vĩnh Long"",""https://baovinhlong.com.vn/xa-hoi/du-lich/202512/them-co-hoi-cho-nganh-du-lich-tinh-vuon-minh-3130a8c/"",""Vĩnh Long; Trà Vinh"",""Bằng chứng corpus 2025; match=tourism_category; confidence=high"",""4"",""2025-12-05"",""Dự án xây dựng Bến thủy nội địa Dân Thành (phường Duyên Hải) vừa được khởi công. Đây được xem sự kiện quan trọng được chính quyền địa phương và các doanh nghiệp du lịc"
https://baovinhlong.com.vn/phong-su-anh/202512/tram-am-duong-gom-do-ve-dem-1345515/,docs/research/nghien_cuu_12_chieu_thu_muc_nguon_mo_rong.csv,78,research_corpus,"""BVL-077"",""2"",""Báo chí/corpus địa phương"",""Bài báo corpus"",""Trầm ấm đường gốm đỏ về đêm"",""Báo Vĩnh Long"",""https://baovinhlong.com.vn/phong-su-anh/202512/tram-am-duong-gom-do-ve-dem-1345515/"",""Vĩnh Long"",""Bằng chứng corpus 2025; match=destination_event; confidence=medium"",""4"",""2025-12-01"",""Khi đô thị đã chìm vào khoảng lặng, con đường gốm đỏ dài hàng trăm mét lại bừng lên vẻ đẹp rất riêng- lặng lẽ, trầm ấm, mà đầy mê hoặc. Ánh sáng đèn hắt lên, rọi rõ từng chi tiết những sản phẩm đang hiện diện, "
https://baovinhlong.com.vn/xa-hoi/du-lich/202511/dua-du-lich-tinh-vuon-tam-dde44c2/,docs/research/nghien_cuu_12_chieu_thu_muc_nguon_mo_rong.csv,79,research_corpus,"""BVL-078"",""2"",""Báo chí/corpus địa phương"",""Bài báo corpus"",""Đưa du lịch tỉnh vươn tầm"",""Báo Vĩnh Long"",""https://baovinhlong.com.vn/xa-hoi/du-lich/202511/dua-du-lich-tinh-vuon-tam-dde44c2/"",""Vĩnh Long; Trà Vinh"",""Bằng chứng corpus 2025; match=tourism_category; confidence=high"",""4"",""2025-11-29"",""Những năm gần đây, ngành văn hóa- thể thao và du lịch (DL) tỉnh có nhiều nỗ lực quảng bá, giới thiệu DL địa phương thông qua việc tham gia các hoạt động xúc tiến, quảng bá DL ra thế giới. Những nỗ lực ấy k"
https://baovinhlong.com.vn/xa-hoi/du-lich/202511/tren-30-doanh-nghiep-lu-hanh-quoc-te-khao-sat-diem-du-lich-tieu-bieu-tai-vinh-long-a1a3dcc/,docs/research/nghien_cuu_12_chieu_thu_muc_nguon_mo_rong.csv,80,research_corpus,"""BVL-079"",""2"",""Báo chí/corpus địa phương"",""Bài báo corpus"",""Trên 30 doanh nghiệp lữ hành quốc tế khảo sát điểm du lịch tiêu biểu tại Vĩnh Long"",""Báo Vĩnh Long"",""https://baovinhlong.com.vn/xa-hoi/du-lich/202511/tren-30-doanh-nghiep-lu-hanh-quoc-te-khao-sat-diem-du-lich-tieu-bieu-tai-vinh-long-a1a3dcc/"",""Vĩnh Long"",""Bằng chứng corpus 2025; match=tourism_category; confidence=high"",""4"",""2025-11-26"",""Ngày 26-27/11, Sở Văn hóa, Thể thao và Du lịch Vĩnh Long phối hợp với Hiệp hội Du lịch ĐBSCL tổ chức "
https://baovinhlong.com.vn/van-hoa-giai-tri/202511/vinh-long-tham-gia-tuan-dai-doan-ket-cac-dan-toc-di-sanvan-hoa-viet-nam-nam-2025-14e25a6/,docs/research/nghien_cuu_12_chieu_thu_muc_nguon_mo_rong.csv,81,research_corpus,"""BVL-080"",""2"",""Báo chí/corpus địa phương"",""Bài báo corpus"",""Vĩnh Long tham gia Tuần “Đại đoàn kết các dân tộc - Di sản Văn hóa Việt Nam” năm 2025"",""Báo Vĩnh Long"",""https://baovinhlong.com.vn/van-hoa-giai-tri/202511/vinh-long-tham-gia-tuan-dai-doan-ket-cac-dan-toc-di-sanvan-hoa-viet-nam-nam-2025-14e25a6/"",""Vĩnh Long"",""Bằng chứng corpus 2025; match=direct_lead; confidence=high"",""4"",""2025-11-24"",""Trong các ngày từ 21-24/11, tại Làng Văn hóa - Du lịch các dân tộc Việt Nam, Bộ Văn hóa, Thể thao và Du"
https://baovinhlong.com.vn/xa-hoi/du-lich/202511/day-manh-lien-ket-trong-phat-trien-du-lich-f2c40b6/,docs/research/nghien_cuu_12_chieu_thu_muc_nguon_mo_rong.csv,82,research_corpus,"""BVL-081"",""2"",""Báo chí/corpus địa phương"",""Bài báo corpus"",""Đẩy mạnh liên kết trong phát triển du lịch"",""Báo Vĩnh Long"",""https://baovinhlong.com.vn/xa-hoi/du-lich/202511/day-manh-lien-ket-trong-phat-trien-du-lich-f2c40b6/"",""Vĩnh Long; Trà Vinh; Bến Tre"",""Bằng chứng corpus 2025; match=tourism_category; confidence=high"",""4"",""2025-11-21"",""Với tiềm năng du lịch rộng lớn của tỉnh, việc liên kết du lịch giữa các tỉnh, thành đang mở ra nhiều cơ hội mới nhằm tăng cường liên kết vùng, khai thác hiệu quả "
https://baovinhlong.com.vn/xa-hoi/du-lich/202511/phat-trien-ket-cau-ha-tang-co-so-vat-chat-phat-trien-du-lich-e3116f5/,docs/research/nghien_cuu_12_chieu_thu_muc_nguon_mo_rong.csv,83,research_corpus,"""BVL-082"",""2"",""Báo chí/corpus địa phương"",""Bài báo corpus"",""Phát triển kết cấu hạ tầng, cơ sở vật chất phát triển du lịch"",""Báo Vĩnh Long"",""https://baovinhlong.com.vn/xa-hoi/du-lich/202511/phat-trien-ket-cau-ha-tang-co-so-vat-chat-phat-trien-du-lich-e3116f5/"",""Vĩnh Long; Bến Tre"",""Bằng chứng corpus 2025; match=tourism_category; confidence=high"",""4"",""2025-11-20"",""Theo Sở Văn hóa-TT-DL, hiện tại sở đã phối hợp Sở Tài chính rà soát danh mục dự án thu hút, mời gọi đầu tư của tỉnh. Dự kiến có 15 dự á"
https://baovinhlong.com.vn/xa-hoi/du-lich/202511/ky-ket-hop-tac-phat-trien-du-lich-voi-dong-nai-dong-thap-va-tp-can-tho-8b83047/,docs/research/nghien_cuu_12_chieu_thu_muc_nguon_mo_rong.csv,84,research_corpus,"""BVL-083"",""2"",""Báo chí/corpus địa phương"",""Bài báo corpus"",""Ký kết hợp tác phát triển du lịch với Đồng Nai, Đồng Tháp và TP Cần Thơ"",""Báo Vĩnh Long"",""https://baovinhlong.com.vn/xa-hoi/du-lich/202511/ky-ket-hop-tac-phat-trien-du-lich-voi-dong-nai-dong-thap-va-tp-can-tho-8b83047/"",""Vĩnh Long"",""Bằng chứng corpus 2025; match=tourism_category; confidence=high"",""4"",""2025-11-19"",""Ngày 19/11, tại tỉnh Đồng Nai, Sở Văn hóa, Thể thao và Du lịch Đồng Nai tổ chức chương trình ký kết hợp tác phát triển du lị"
https://baovinhlong.com.vn/xa-hoi/du-lich/202511/phat-trien-du-lich-xanh-ben-vung-trong-boi-canh-moi-6ff13aa/,docs/research/nghien_cuu_12_chieu_thu_muc_nguon_mo_rong.csv,85,research_corpus,"""BVL-084"",""2"",""Báo chí/corpus địa phương"",""Bài báo corpus"",""Phát triển du lịch xanh, bền vững trong bối cảnh mới"",""Báo Vĩnh Long"",""https://baovinhlong.com.vn/xa-hoi/du-lich/202511/phat-trien-du-lich-xanh-ben-vung-trong-boi-canh-moi-6ff13aa/"",""Vĩnh Long; Bến Tre"",""Bằng chứng corpus 2025; match=tourism_category; confidence=high"",""4"",""2025-11-08"",""“Cơ cấu lại ngành du lịch đáp ứng yêu cầu phát triển thành ngành kinh tế mũi nhọn”, tỉnh đã chủ động ban hành nhiều nghị quyết, kế hoạch, chương trình hà"
https://baovinhlong.com.vn/phong-su-anh/202511/dac-sac-dem-hoi-ok-om-bok-4aa14cb/,docs/research/nghien_cuu_12_chieu_thu_muc_nguon_mo_rong.csv,86,research_corpus,"""BVL-085"",""2"",""Báo chí/corpus địa phương"",""Bài báo corpus"",""Đặc sắc đêm hội Ok Om Bok"",""Báo Vĩnh Long"",""https://baovinhlong.com.vn/phong-su-anh/202511/dac-sac-dem-hoi-ok-om-bok-4aa14cb/"",""Vĩnh Long; Trà Vinh"",""Bằng chứng corpus 2025; match=destination_event; confidence=medium"",""4"",""2025-11-06"",""Đêm 5/11, Lễ hội Ok Om Bok (Lễ cúng trăng), Di sản văn hóa phi vật thể quốc gia của đồng bào Khmer tỉnh Vĩnh Long năm 2025 được tổ chức tại Khu di tích danh lam thắng cảnh quốc gia Ao Bà Om (phường Nguyệt"
https://baovinhlong.com.vn/van-hoa-giai-tri/202511/ngan-vang-lan-dieu-am-nhac-dan-toc-khmer-f330f03/,docs/research/nghien_cuu_12_chieu_thu_muc_nguon_mo_rong.csv,87,research_corpus,"""BVL-086"",""2"",""Báo chí/corpus địa phương"",""Bài báo corpus"",""Ngân vang làn điệu âm nhạc dân tộc Khmer"",""Báo Vĩnh Long"",""https://baovinhlong.com.vn/van-hoa-giai-tri/202511/ngan-vang-lan-dieu-am-nhac-dan-toc-khmer-f330f03/"",""Trà Vinh"",""Bằng chứng corpus 2025; match=direct_lead; confidence=high"",""4"",""2025-11-06"",""Hòa chung không khí rộn ràng của Tuần lễ Văn hóa, Thể thao và Du lịch chào mừng lễ hội Ok Om Bok năm 2025, từ 31/10-3/11, tại sân khấu cạnh Khu danh thắng ao Bà Om đã ngân vang những âm điệ"
https://baovinhlong.com.vn/xa-hoi/du-lich/202511/doan-cong-tac-cuc-du-lich-quoc-gia-ve-phat-trien-du-lich-lam-viec-tai-tinh-5e60425/,docs/research/nghien_cuu_12_chieu_thu_muc_nguon_mo_rong.csv,88,research_corpus,"""BVL-087"",""2"",""Báo chí/corpus địa phương"",""Bài báo corpus"",""Đoàn công tác Cục Du lịch quốc gia về phát triển du lịch làm việc tại tỉnh"",""Báo Vĩnh Long"",""https://baovinhlong.com.vn/xa-hoi/du-lich/202511/doan-cong-tac-cuc-du-lich-quoc-gia-ve-phat-trien-du-lich-lam-viec-tai-tinh-5e60425/"",""Vĩnh Long; Trà Vinh; Bến Tre"",""Bằng chứng corpus 2025; match=tourism_category; confidence=high"",""4"",""2025-11-05"",""Từ ngày 3-5/11, đoàn công tác Cục Du lịch quốc gia Việt Nam (Bộ Văn hóa, Thể thao và Du lịch) do P"
https://baovinhlong.com.vn/van-hoa-giai-tri/202511/ron-rang-dem-hoi-ok-om-bok-tinh-vinh-long-2025-78e07a6/,docs/research/nghien_cuu_12_chieu_thu_muc_nguon_mo_rong.csv,89,research_corpus,"""BVL-088"",""2"",""Báo chí/corpus địa phương"",""Bài báo corpus"",""Rộn ràng đêm hội Ok Om Bok tỉnh Vĩnh Long 2025"",""Báo Vĩnh Long"",""https://baovinhlong.com.vn/van-hoa-giai-tri/202511/ron-rang-dem-hoi-ok-om-bok-tinh-vinh-long-2025-78e07a6/"",""Vĩnh Long; Trà Vinh"",""Bằng chứng corpus 2025; match=destination_event; confidence=medium"",""4"",""2025-11-05"",""Tối 5/11, tại sân khấu chính Khu di tích danh lam thắng cảnh quốc gia Ao Bà Om (phường Nguyệt Hóa), UBND tỉnh Vĩnh Long tổ chức Lễ hội Ok Om Bok năm 2025."""
https://baovinhlong.com.vn/xa-hoi/du-lich/202511/khao-sat-tham-dinh-2-diem-du-lich-tieu-bieu-dong-bang-song-cuu-long-tai-tinh-ae603ef/,docs/research/nghien_cuu_12_chieu_thu_muc_nguon_mo_rong.csv,90,research_corpus,"""BVL-089"",""2"",""Báo chí/corpus địa phương"",""Bài báo corpus"",""Khảo sát, thẩm định 2 điểm du lịch tiêu biểu Đồng bằng sông Cửu Long tại tỉnh"",""Báo Vĩnh Long"",""https://baovinhlong.com.vn/xa-hoi/du-lich/202511/khao-sat-tham-dinh-2-diem-du-lich-tieu-bieu-dong-bang-song-cuu-long-tai-tinh-ae603ef/"",""Vĩnh Long; Trà Vinh"",""Bằng chứng corpus 2025; match=tourism_category; confidence=high"",""4"",""2025-11-03"",""Đoàn khảo sát “Điểm du lịch tiêu biểu ĐBSCL” do ông Trần Việt Phường- Chủ tịch Hiệp hội Du lịch ĐBSCL "
https://baovinhlong.com.vn/van-hoa-giai-tri/202511/12-doan-tham-gia-hoi-thi-trinh-dien-nhac-cu-chao-mung-le-hoi-ok-om-bok-9260beb/,docs/research/nghien_cuu_12_chieu_thu_muc_nguon_mo_rong.csv,91,research_corpus,"""BVL-090"",""2"",""Báo chí/corpus địa phương"",""Bài báo corpus"",""12 đoàn tham gia Hội thi trình diễn nhạc cụ chào mừng Lễ hội Ok Om Bok"",""Báo Vĩnh Long"",""https://baovinhlong.com.vn/van-hoa-giai-tri/202511/12-doan-tham-gia-hoi-thi-trinh-dien-nhac-cu-chao-mung-le-hoi-ok-om-bok-9260beb/"",""Vĩnh Long; Trà Vinh"",""Bằng chứng corpus 2025; match=direct_lead; confidence=high"",""4"",""2025-11-01"",""Tiếp theo chuỗi các hoạt động trong Tuần lễ Văn hóa, Thể thao và Du lịch chào mừng Lễ hội Ok Om Bok tỉnh Vĩnh Long năm"
https://baovinhlong.com.vn/nhip-song-dong-bang/202511/trai-nghiem-miet-vuon-song-nuoc-o-cu-lao-an-binh-34a03cf/,docs/research/nghien_cuu_12_chieu_thu_muc_nguon_mo_rong.csv,92,research_corpus,"""BVL-091"",""2"",""Báo chí/corpus địa phương"",""Bài báo corpus"",""Trải nghiệm miệt vườn sông nước ở cù lao An Bình"",""Báo Vĩnh Long"",""https://baovinhlong.com.vn/nhip-song-dong-bang/202511/trai-nghiem-miet-vuon-song-nuoc-o-cu-lao-an-binh-34a03cf/"",""Vĩnh Long"",""Bằng chứng corpus 2025; match=direct_lead; confidence=high"",""4"",""2025-11-01"",""Cù lao An Bình nằm giữa sông Tiền và sông Cổ Chiên; khí hậu trong lành mát mẻ, đất đai được phù sa bồi đắp, cây trái sum suê; cùng với hệ thống giao thông đường thủy thu"
https://baovinhlong.com.vn/phong-su-anh/202510/dac-sac-chuong-trinh-nghe-thuat-chao-mung-le-hoi-ok-om-bok-afc0c63/,docs/research/nghien_cuu_12_chieu_thu_muc_nguon_mo_rong.csv,93,research_corpus,"""BVL-092"",""2"",""Báo chí/corpus địa phương"",""Bài báo corpus"",""Đặc sắc chương trình nghệ thuật chào mừng Lễ hội Ok Om Bok"",""Báo Vĩnh Long"",""https://baovinhlong.com.vn/phong-su-anh/202510/dac-sac-chuong-trinh-nghe-thuat-chao-mung-le-hoi-ok-om-bok-afc0c63/"",""Vĩnh Long; Trà Vinh"",""Bằng chứng corpus 2025; match=direct_lead; confidence=high"",""4"",""2025-10-31"",""Đêm 30/10, tại Công viên Phạm Ngũ Lão (phường Trà Vinh) trong khuôn khổ lễ khai mạc Tuần lễ Văn hóa, Thể thao và Du lịch chào mừng Lễ hội Ok Om Bo"
https://baovinhlong.com.vn/van-hoa-giai-tri/202510/khai-mac-chuoi-hoat-dong-tai-tuan-le-van-hoa-the-thao-va-du-lich-3d53b74/,docs/research/nghien_cuu_12_chieu_thu_muc_nguon_mo_rong.csv,94,research_corpus,"""BVL-093"",""2"",""Báo chí/corpus địa phương"",""Bài báo corpus"",""Khai mạc chuỗi hoạt động tại Tuần lễ Văn hóa, Thể thao và Du lịch"",""Báo Vĩnh Long"",""https://baovinhlong.com.vn/van-hoa-giai-tri/202510/khai-mac-chuoi-hoat-dong-tai-tuan-le-van-hoa-the-thao-va-du-lich-3d53b74/"",""Trà Vinh"",""Bằng chứng corpus 2025; match=direct_title; confidence=high"",""4"",""2025-10-30"",""Chiều tối 30/10 diễn ra khai mạc các hoạt động: Hội chợ Xúc tiến Thương mại - Sản phẩm công nghiệp nông thôn và OCOP, tại Quảng trường phườ"
https://baovinhlong.com.vn/thoi-su/202510/vinh-long-khai-mac-tuan-le-van-hoa-the-thao-va-du-lich-chao-mung-le-hoi-ok-om-bok-88b42e3/,docs/research/nghien_cuu_12_chieu_thu_muc_nguon_mo_rong.csv,95,research_corpus,"""BVL-094"",""2"",""Báo chí/corpus địa phương"",""Bài báo corpus"",""Vĩnh Long khai mạc Tuần lễ Văn hóa, Thể thao và Du lịch chào mừng Lễ hội Ok Om Bok"",""Báo Vĩnh Long"",""https://baovinhlong.com.vn/thoi-su/202510/vinh-long-khai-mac-tuan-le-van-hoa-the-thao-va-du-lich-chao-mung-le-hoi-ok-om-bok-88b42e3/"",""Vĩnh Long; Trà Vinh"",""Bằng chứng corpus 2025; match=direct_title; confidence=high"",""4"",""2025-10-30"",""Tối 30/10, tại Công viên Phạm Ngũ Lão (phường Trà Vinh), UBND tỉnh Vĩnh Long tổ chức lễ khai mạc Tuần l"
https://baovinhlong.com.vn/xa-hoi/du-lich/202510/cai-thien-chat-luong-nguon-nhan-luc-du-lich-0c33912/,docs/research/nghien_cuu_12_chieu_thu_muc_nguon_mo_rong.csv,96,research_corpus,"""BVL-095"",""2"",""Báo chí/corpus địa phương"",""Bài báo corpus"",""Cải thiện chất lượng nguồn nhân lực du lịch"",""Báo Vĩnh Long"",""https://baovinhlong.com.vn/xa-hoi/du-lich/202510/cai-thien-chat-luong-nguon-nhan-luc-du-lich-0c33912/"",""Vĩnh Long"",""Bằng chứng corpus 2025; match=tourism_category; confidence=high"",""4"",""2025-10-29"",""Với sự cạnh tranh gay gắt của các điểm đến du lịch (DL) nhằm thu hút, đáp ứng nhu cầu thị hiếu của du khách, mỗi địa phương cần có hướng đi mới. Điều này phụ thuộc rất nhiều vào v"
https://baovinhlong.com.vn/nhip-song-dong-bang/202510/le-hoi-ok-om-bok-giu-gin-va-lan-toa-gia-tri-van-hoa-khmer-dd830aa/,docs/research/nghien_cuu_12_chieu_thu_muc_nguon_mo_rong.csv,97,research_corpus,"""BVL-096"",""2"",""Báo chí/corpus địa phương"",""Bài báo corpus"",""Lễ hội Ok Om Bok: Giữ gìn và lan tỏa giá trị văn hóa Khmer"",""Báo Vĩnh Long"",""https://baovinhlong.com.vn/nhip-song-dong-bang/202510/le-hoi-ok-om-bok-giu-gin-va-lan-toa-gia-tri-van-hoa-khmer-dd830aa/"",""Vĩnh Long"",""Bằng chứng corpus 2025; match=destination_event; confidence=medium"",""4"",""2025-10-29"",""Trong không khí rộn ràng của ngày rằm tháng Kađấc (tháng 10 âm lịch Khmer), đồng bào Khmer tỉnh Vĩnh Long rộn ràng đón Lễ hội Ok Om Bok. Đây k"
https://baovinhlong.com.vn/chinh-tri/202510/phat-trien-van-hoa-gan-voi-du-lich-xanh-huong-den-phat-trien-ben-vung-trong-giai-doan-toi-37a24b3/,docs/research/nghien_cuu_12_chieu_thu_muc_nguon_mo_rong.csv,98,research_corpus,"""BVL-097"",""2"",""Báo chí/corpus địa phương"",""Bài báo corpus"",""Phát triển văn hóa gắn với du lịch xanh hướng đến phát triển bền vững trong giai đoạn tới"",""Báo Vĩnh Long"",""https://baovinhlong.com.vn/chinh-tri/202510/phat-trien-van-hoa-gan-voi-du-lich-xanh-huong-den-phat-trien-ben-vung-trong-giai-doan-toi-37a24b3/"",""Vĩnh Long"",""Bằng chứng corpus 2025; match=direct_title; confidence=high"",""4"",""2025-10-29"",""Ngày 29/10, trong phiên thảo luận ở hội trường về đánh giá kết quả thực hiện kế hoạch phát triển"
https://baovinhlong.com.vn/multimedia/202510/doc-dao-sac-mau-le-hoi-kathina-o-vinh-long-0b12ba1/,docs/research/nghien_cuu_12_chieu_thu_muc_nguon_mo_rong.csv,99,research_corpus,"""BVL-098"",""2"",""Báo chí/corpus địa phương"",""Bài báo corpus"",""Độc đáo sắc màu Lễ hội Kathina ở Vĩnh Long"",""Báo Vĩnh Long"",""https://baovinhlong.com.vn/multimedia/202510/doc-dao-sac-mau-le-hoi-kathina-o-vinh-long-0b12ba1/"",""Vĩnh Long"",""Bằng chứng corpus 2025; match=destination_event; confidence=medium"",""4"",""2025-10-28"",""Trong tiết thu tháng Mười, khi những cánh đồng lúa vừa ngả vàng, đồng bào Khmer ở Vĩnh Long lại rộn ràng trong không khí tưng bừng của Lễ Dâng Y Kathina – một trong những lễ hội tru"
https://baovinhlong.com.vn/thoi-su/202510/kiem-tra-cong-tac-chuan-bi-tuan-le-van-hoa-the-thao-va-du-lich-chao-mung-le-hoi-ok-om-bok-nam-2025-31e32d9/,docs/research/nghien_cuu_12_chieu_thu_muc_nguon_mo_rong.csv,100,research_corpus,"""BVL-099"",""2"",""Báo chí/corpus địa phương"",""Bài báo corpus"",""Kiểm tra công tác chuẩn bị Tuần lễ Văn hóa, Thể thao và Du lịch chào mừng Lễ hội Ok Om Bok năm 2025"",""Báo Vĩnh Long"",""https://baovinhlong.com.vn/thoi-su/202510/kiem-tra-cong-tac-chuan-bi-tuan-le-van-hoa-the-thao-va-du-lich-chao-mung-le-hoi-ok-om-bok-nam-2025-31e32d9/"",""Vĩnh Long"",""Bằng chứng corpus 2025; match=direct_title; confidence=high"",""4"",""2025-10-27"",""Chiều 27/10, đồng chí Kim Ngọc Thái- Phó Bí thư Tỉnh ủy Vĩnh Long tổ chức đoàn "
https://baovinhlong.com.vn/xa-hoi/202510/kien-tao-khong-gian-dac-trung-lang-van-hoa-du-lich-cho-lach-33703b3/,docs/research/nghien_cuu_12_chieu_thu_muc_nguon_mo_rong.csv,101,research_corpus,"""BVL-100"",""2"",""Báo chí/corpus địa phương"",""Bài báo corpus"",""Kiến tạo không gian đặc trưng Làng văn hóa du lịch Chợ Lách"",""Báo Vĩnh Long"",""https://baovinhlong.com.vn/xa-hoi/202510/kien-tao-khong-gian-dac-trung-lang-van-hoa-du-lich-cho-lach-33703b3/"",""Bến Tre"",""Bằng chứng corpus 2025; match=direct_title; confidence=high"",""4"",""2025-10-26"",""Tận dụng những lợi thế sẵn có, không gian Làng văn hóa du lịch Chợ Lách được xây dựng nhằm đưa nơi đây trở thành một trong những sản phẩm du lịch đặc thù, trung "
https://baovinhlong.com.vn/tin-moi/202510/infographic-cac-hoat-dong-chao-mung-le-hoi-ok-om-bok-nam-2025-tai-tinh-vinh-long-77d07db/,docs/research/nghien_cuu_12_chieu_thu_muc_nguon_mo_rong.csv,102,research_corpus,"""BVL-101"",""2"",""Báo chí/corpus địa phương"",""Bài báo corpus"",""[Infographic] Các hoạt động chào mừng Lễ hội Ok Om Bok năm 2025 tại tỉnh Vĩnh Long"",""Báo Vĩnh Long"",""https://baovinhlong.com.vn/tin-moi/202510/infographic-cac-hoat-dong-chao-mung-le-hoi-ok-om-bok-nam-2025-tai-tinh-vinh-long-77d07db/"",""Vĩnh Long"",""Bằng chứng corpus 2025; match=direct_lead; confidence=high"",""4"",""2025-10-23"",""Từ ngày 30/10 đến 5/11/2025, UBND tỉnh Vĩnh Long sẽ tổ chức Tuần lễ Văn hoá, Thể thao và Du lịch chào mừng Lễ hội O"
https://baovinhlong.com.vn/van-hoa-giai-tri/202510/trien-lam-trung-bay-cac-san-pham-cua-dong-bao-dan-toc-khmer-0ae4819/,docs/research/nghien_cuu_12_chieu_thu_muc_nguon_mo_rong.csv,103,research_corpus,"""BVL-102"",""2"",""Báo chí/corpus địa phương"",""Bài báo corpus"",""Triển lãm, trưng bày các sản phẩm của đồng bào dân tộc Khmer"",""Báo Vĩnh Long"",""https://baovinhlong.com.vn/van-hoa-giai-tri/202510/trien-lam-trung-bay-cac-san-pham-cua-dong-bao-dan-toc-khmer-0ae4819/"",""Trà Vinh"",""Bằng chứng corpus 2025; match=direct_lead; confidence=high"",""4"",""2025-10-20"",""Theo Sở Văn hóa-TT-DL, hoạt động triển lãm gian hàng trưng bày các sản phẩm đặc trưng của đồng bào dân tộc Khmer nằm trong chuỗi sự kiện của Tuần lễ V"
https://baovinhlong.com.vn/xa-hoi/du-lich/202510/don-gan-7-trieu-luot-du-khach-trong-9-thang-5c73188/,docs/research/nghien_cuu_12_chieu_thu_muc_nguon_mo_rong.csv,104,research_corpus,"""BVL-103"",""2"",""Báo chí/corpus địa phương"",""Bài báo corpus"",""Đón gần 7 triệu lượt du khách trong 9 tháng"",""Báo Vĩnh Long"",""https://baovinhlong.com.vn/xa-hoi/du-lich/202510/don-gan-7-trieu-luot-du-khach-trong-9-thang-5c73188/"",""Vĩnh Long"",""Bằng chứng corpus 2025; match=tourism_category; confidence=high"",""4"",""2025-10-14"",""Theo UBND tỉnh, ước 9 tháng năm 2025, tỉnh đón 6.973.991 lượt khách, trong đó khách quốc tế đạt 915.895 lượt, tổng doanh thu 5.846 tỷ đồng."""
https://baovinhlong.com.vn/video/202510/lang-nghe-mat-xich-quan-trong-phat-trien-du-lich-duong-song-tinh-vinh-long-9500d8a/,docs/research/nghien_cuu_12_chieu_thu_muc_nguon_mo_rong.csv,105,research_corpus,"""BVL-104"",""2"",""Báo chí/corpus địa phương"",""Bài báo corpus"",""Làng nghề - mắt xích quan trọng phát triển du lịch đường sông tỉnh Vĩnh Long"",""Báo Vĩnh Long"",""https://baovinhlong.com.vn/video/202510/lang-nghe-mat-xich-quan-trong-phat-trien-du-lich-duong-song-tinh-vinh-long-9500d8a/"",""Vĩnh Long"",""Bằng chứng corpus 2025; match=direct_title; confidence=high"",""4"",""2025-10-14"",""Sau hợp nhất, tỉnh Vĩnh Long trở thành vùng đất hội tụ, cộng hưởng phong phú các giá trị văn hóa – lịch sử đặc sắc, nhất là hệ t"
https://baovinhlong.com.vn/kinh-te/202510/cho-lach-tap-trung-phat-trien-cac-lang-nghe-truyen-thong-gan-voi-du-lich-dec2d84/,docs/research/nghien_cuu_12_chieu_thu_muc_nguon_mo_rong.csv,106,research_corpus,"""BVL-105"",""2"",""Báo chí/corpus địa phương"",""Bài báo corpus"",""Chợ Lách tập trung phát triển các làng nghề truyền thống gắn với du lịch"",""Báo Vĩnh Long"",""https://baovinhlong.com.vn/kinh-te/202510/cho-lach-tap-trung-phat-trien-cac-lang-nghe-truyen-thong-gan-voi-du-lich-dec2d84/"",""Bến Tre"",""Bằng chứng corpus 2025; match=direct_title; confidence=high"",""4"",""2025-10-10"",""Ngày 10/10, Phó Bí thư Tỉnh ủy, Chủ tịch UBND tỉnh- Lữ Quang Ngời cùng đoàn công tác đến làm việc với Đảng ủy, UBND xã Chợ Lách về tìn"
https://baovinhlong.com.vn/kinh-te/202510/kien-tao-khong-gian-moi-khai-mo-tiem-nang-phat-trien-ky-3huong-den-do-thi-da-cuc-du-lich-tro-thanh-nganh-kinh-te-mui-nhon-0120585/,docs/research/nghien_cuu_12_chieu_thu_muc_nguon_mo_rong.csv,107,research_corpus,"""BVL-106"",""2"",""Báo chí/corpus địa phương"",""Bài báo corpus"",""Kỳ 3: Hướng đến “đô thị đa cực”, du lịch trở thành ngành kinh tế mũi nhọn"",""Báo Vĩnh Long"",""https://baovinhlong.com.vn/kinh-te/202510/kien-tao-khong-gian-moi-khai-mo-tiem-nang-phat-trien-ky-3huong-den-do-thi-da-cuc-du-lich-tro-thanh-nganh-kinh-te-mui-nhon-0120585/"",""Vĩnh Long"",""Bằng chứng corpus 2025; match=direct_title; confidence=high"",""4"",""2025-10-10"",""Tỉnh Vĩnh Long mới tạo ra một thực thể hành chính và kinh tế hoàn toàn mới, làm th"
https://baovinhlong.com.vn/chinh-tri/202510/phuong-truong-long-hoa-tap-trung-phat-trien-nong-nghiep-thuy-san-thuong-mai-va-du-lich-a671b47/,docs/research/nghien_cuu_12_chieu_thu_muc_nguon_mo_rong.csv,108,research_corpus,"""BVL-107"",""2"",""Báo chí/corpus địa phương"",""Bài báo corpus"",""Phường Trường Long Hòa tập trung phát triển nông nghiệp, thủy sản, thương mại và du lịch"",""Báo Vĩnh Long"",""https://baovinhlong.com.vn/chinh-tri/202510/phuong-truong-long-hoa-tap-trung-phat-trien-nong-nghiep-thuy-san-thuong-mai-va-du-lich-a671b47/"",""Trà Vinh"",""Bằng chứng corpus 2025; match=direct_title; confidence=high"",""4"",""2025-10-06"",""Sáng 6/10, đồng chí Lâm Minh Đằng- Phó Bí thư Tỉnh ủy dự Hội nghị BCH Đảng bộ phường Trường Long Hòa "
https://baovinhlong.com.vn/xa-hoi/du-lich/202510/khai-thac-the-manh-am-thuc-phuc-vu-du-lich-10907f4/,docs/research/nghien_cuu_12_chieu_thu_muc_nguon_mo_rong.csv,109,research_corpus,"""BVL-108"",""2"",""Báo chí/corpus địa phương"",""Bài báo corpus"",""Khai thác thế mạnh ẩm thực phục vụ du lịch"",""Báo Vĩnh Long"",""https://baovinhlong.com.vn/xa-hoi/du-lich/202510/khai-thac-the-manh-am-thuc-phuc-vu-du-lich-10907f4/"",""Vĩnh Long; Trà Vinh; Bến Tre"",""Bằng chứng corpus 2025; match=tourism_category; confidence=high"",""4"",""2025-10-03"",""Theo Sở Văn hóa-TT-DL, tỉnh sở hữu nhiều đặc sản, món ngon nổi tiếng để du khách trải nghiệm và thưởng thức. Những món ăn vừa mộc mạc vừa tinh tế, phản ánh sự gắn"
https://baovinhlong.com.vn/nhip-song-dong-bang/202510/dua-du-lich-tung-buoc-tro-thanh-nganh-kinh-te-mui-nhon-3cc0e4c/,docs/research/nghien_cuu_12_chieu_thu_muc_nguon_mo_rong.csv,110,research_corpus,"""BVL-109"",""2"",""Báo chí/corpus địa phương"",""Bài báo corpus"",""Đưa du lịch từng bước trở thành ngành kinh tế mũi nhọn"",""Báo Vĩnh Long"",""https://baovinhlong.com.vn/nhip-song-dong-bang/202510/dua-du-lich-tung-buoc-tro-thanh-nganh-kinh-te-mui-nhon-3cc0e4c/"",""Vĩnh Long"",""Bằng chứng corpus 2025; match=direct_title; confidence=high"",""4"",""2025-10-02"",""Nằm ở trung tâm ĐBSCL, Vĩnh Long nổi bật là vùng đất hội tụ về văn hóa, ẩm thực và trải nghiệm du lịch cộng đồng. Thực hiện nhiều đổi mới, sáng tạo trong du"
https://baovinhlong.com.vn/xa-hoi/du-lich/202509/vinh-danh-nhung-dai-su-thuong-hieu-du-lich-0fa3283/,docs/research/nghien_cuu_12_chieu_thu_muc_nguon_mo_rong.csv,111,research_corpus,"""BVL-110"",""2"",""Báo chí/corpus địa phương"",""Bài báo corpus"",""Vinh danh những đại sứ thương hiệu du lịch"",""Báo Vĩnh Long"",""https://baovinhlong.com.vn/xa-hoi/du-lich/202509/vinh-danh-nhung-dai-su-thuong-hieu-du-lich-0fa3283/"",""Vĩnh Long"",""Bằng chứng corpus 2025; match=tourism_category; confidence=high"",""4"",""2025-09-29"",""Lễ trao Giải thưởng Du lịch Việt Nam 2025 vừa diễn ra tại Thủ đô Hà Nội, vinh danh 113 doanh nghiệp, đơn vị tiêu biểu, để lại nhiều dấu ấn sâu sắc trong lòng công chúng. Trong đ"
https://baovinhlong.com.vn/video/202509/the-manh-duong-song-du-dia-phat-trien-du-lich-vinh-long-sau-hop-nhat-c861db5/,docs/research/nghien_cuu_12_chieu_thu_muc_nguon_mo_rong.csv,112,research_corpus,"""BVL-111"",""2"",""Báo chí/corpus địa phương"",""Bài báo corpus"",""Thế mạnh đường sông – Dư địa phát triển du lịch Vĩnh Long sau hợp nhất"",""Báo Vĩnh Long"",""https://baovinhlong.com.vn/video/202509/the-manh-duong-song-du-dia-phat-trien-du-lich-vinh-long-sau-hop-nhat-c861db5/"",""Vĩnh Long"",""Bằng chứng corpus 2025; match=direct_title; confidence=high"",""4"",""2025-09-26"",""Sau hợp nhất tỉnh Vĩnh Long mở rộng không gian phát triển và trở thành cửa ngõ chiến lược” của vùng Đồng bằng sông Cửu Long, với vị trí “ba "
https://baovinhlong.com.vn/xa-hoi/du-lich/202509/toa-dam-ve-cung-co-va-hoan-thien-tuyen-diem-san-pham-du-lich-duong-song-fc91905/,docs/research/nghien_cuu_12_chieu_thu_muc_nguon_mo_rong.csv,113,research_corpus,"""BVL-112"",""2"",""Báo chí/corpus địa phương"",""Bài báo corpus"",""Toạ đàm về củng cố và hoàn thiện tuyến, điểm sản phẩm du lịch đường sông"",""Báo Vĩnh Long"",""https://baovinhlong.com.vn/xa-hoi/du-lich/202509/toa-dam-ve-cung-co-va-hoan-thien-tuyen-diem-san-pham-du-lich-duong-song-fc91905/"",""Vĩnh Long"",""Bằng chứng corpus 2025; match=tourism_category; confidence=high"",""4"",""2025-09-26"",""Trong khuôn khổ chương trình khảo sát sản phẩm du lịch đường sông, Sở Văn hóa, Thể thao và Du lịch tổ chức tọa đàm với chủ"
https://baovinhlong.com.vn/xa-hoi/du-lich/202509/to-chuc-famtrip-khao-sat-san-pham-du-lich-duong-song-tai-vinh-long-18531dc/,docs/research/nghien_cuu_12_chieu_thu_muc_nguon_mo_rong.csv,114,research_corpus,"""BVL-113"",""2"",""Báo chí/corpus địa phương"",""Bài báo corpus"",""Tổ chức Famtrip khảo sát sản phẩm du lịch đường sông tại Vĩnh Long"",""Báo Vĩnh Long"",""https://baovinhlong.com.vn/xa-hoi/du-lich/202509/to-chuc-famtrip-khao-sat-san-pham-du-lich-duong-song-tai-vinh-long-18531dc/"",""Vĩnh Long"",""Bằng chứng corpus 2025; match=tourism_category; confidence=high"",""4"",""2025-09-25"",""Ngày 25 – 26/9, Sở Văn hóa, Thể thao và Du lịch tỉnh Vĩnh Long tổ chức chương trình Famtrip khảo sát các sản phẩm du lịch đường sông "
https://baovinhlong.com.vn/xa-hoi/du-lich/202509/phan-dau-3-thang-cuoi-nam-thu-hut-hon-22-trieu-luot-du-khach-25e03a7/,docs/research/nghien_cuu_12_chieu_thu_muc_nguon_mo_rong.csv,115,research_corpus,"""BVL-114"",""2"",""Báo chí/corpus địa phương"",""Bài báo corpus"",""Phấn đấu 3 tháng cuối năm thu hút hơn 2,2 triệu lượt du khách"",""Báo Vĩnh Long"",""https://baovinhlong.com.vn/xa-hoi/du-lich/202509/phan-dau-3-thang-cuoi-nam-thu-hut-hon-22-trieu-luot-du-khach-25e03a7/"",""Vĩnh Long; Bến Tre"",""Bằng chứng corpus 2025; match=tourism_category; confidence=high"",""4"",""2025-09-23"",""Theo Sở Văn hóa-TT-DL, phấn đấu trong quý IV/2025, tổng lượt khách đến Vĩnh Long ước đạt hơn 2.266.000 lượt, tổng doanh thu trên 1.911 "
https://baovinhlong.com.vn/xa-hoi/du-lich/202509/toa-dam-ket-noi-du-lich-phia-dong-song-hau-7072f7c/,docs/research/nghien_cuu_12_chieu_thu_muc_nguon_mo_rong.csv,116,research_corpus,"""BVL-115"",""2"",""Báo chí/corpus địa phương"",""Bài báo corpus"",""Tọa đàm kết nối du lịch phía Đông sông Hậu"",""Báo Vĩnh Long"",""https://baovinhlong.com.vn/xa-hoi/du-lich/202509/toa-dam-ket-noi-du-lich-phia-dong-song-hau-7072f7c/"",""Vĩnh Long; Trà Vinh; Bến Tre"",""Bằng chứng corpus 2025; match=tourism_category; confidence=high"",""4"",""2025-09-19"",""Chiều 19/9, tại cù lao Tân Qui (xã An Phú Tân), Sở Văn hóa, Thể thao và Du lịch phối hợp với các xã: Cầu Kè, An Phú Tân và Tam Ngãi tổ chức tọa đàm “Kết nối du lị"
https://baovinhlong.com.vn/vinh-long-dat-nuoc-con-nguoi/202509/ve-cai-von-thuong-thuc-dac-san-ben-song-hau-6fe03cd/,docs/research/nghien_cuu_12_chieu_thu_muc_nguon_mo_rong.csv,117,research_corpus,"""BVL-116"",""2"",""Báo chí/corpus địa phương"",""Bài báo corpus"",""Về Cái Vồn thưởng thức đặc sản bên sông Hậu"",""Báo Vĩnh Long"",""https://baovinhlong.com.vn/vinh-long-dat-nuoc-con-nguoi/202509/ve-cai-von-thuong-thuc-dac-san-ben-song-hau-6fe03cd/"",""Vĩnh Long"",""Bằng chứng corpus 2025; match=direct_lead; confidence=high"",""4"",""2025-09-16"",""Phường Cái Vồn sau sáp nhập có diện tích rộng lớn gồm một phần phường Cái Vồn, xã Mỹ Hòa, Khóm 3, phường Thành Phước (TX Bình Minh) và Cồn Sừng (thuộc xã Ngãi Tứ, huyện T"
https://baovinhlong.com.vn/xa-hoi/202509/khai-mac-tuan-le-vu-lan-thang-hoi-tai-xa-cau-ke-f3306db/,docs/research/nghien_cuu_12_chieu_thu_muc_nguon_mo_rong.csv,118,research_corpus,"""BVL-117"",""2"",""Báo chí/corpus địa phương"",""Bài báo corpus"",""Khai mạc Tuần lễ Vu lan Thắng hội tại xã Cầu Kè"",""Báo Vĩnh Long"",""https://baovinhlong.com.vn/xa-hoi/202509/khai-mac-tuan-le-vu-lan-thang-hoi-tai-xa-cau-ke-f3306db/"",""Trà Vinh"",""Bằng chứng corpus 2025; match=direct_lead; confidence=high"",""4"",""2025-09-14"",""Đêm 13/9, tại Quảng trường xã Cầu Kè, Ban tổ chức Tuần lễ Vu lan Thắng hội, gắn với Hội chợ thương mại, ẩm thực, trái cây ngon và xúc tiến du lịch xã Cầu Kè năm 2025 tổ chức lễ khai mạc"
https://baovinhlong.com.vn/xa-hoi/du-lich/202509/tuan-le-vu-lan-thang-hoi-dien-ra-tu-ngay-13-199-7fe1191/,docs/research/nghien_cuu_12_chieu_thu_muc_nguon_mo_rong.csv,119,research_corpus,"""BVL-118"",""2"",""Báo chí/corpus địa phương"",""Bài báo corpus"",""Tuần lễ Vu lan Thắng hội diễn ra từ ngày 13-19/9"",""Báo Vĩnh Long"",""https://baovinhlong.com.vn/xa-hoi/du-lich/202509/tuan-le-vu-lan-thang-hoi-dien-ra-tu-ngay-13-199-7fe1191/"",""Vĩnh Long; Trà Vinh"",""Bằng chứng corpus 2025; match=tourism_category; confidence=high"",""4"",""2025-09-12"",""BTC Tuần lễ Vu lan Thắng hội gắn với Hội chợ Thương mại xã Cầu Kè năm 2025 vừa tổ chức hội nghị triển khai kế hoạch tổ chức Tuần lễ Vu lan Thắng hội gắn với Hội"
https://baovinhlong.com.vn/xa-hoi/du-lich/202509/quang-ba-du-lich-vinh-long-tai-hoi-cho-du-lich-quoc-te-tp-ho-chi-minh-44d03c8/,docs/research/nghien_cuu_12_chieu_thu_muc_nguon_mo_rong.csv,120,research_corpus,"""BVL-119"",""2"",""Báo chí/corpus địa phương"",""Bài báo corpus"",""Quảng bá du lịch Vĩnh Long tại Hội chợ Du lịch quốc tế TP Hồ Chí Minh"",""Báo Vĩnh Long"",""https://baovinhlong.com.vn/xa-hoi/du-lich/202509/quang-ba-du-lich-vinh-long-tai-hoi-cho-du-lich-quoc-te-tp-ho-chi-minh-44d03c8/"",""Vĩnh Long"",""Bằng chứng corpus 2025; match=tourism_category; confidence=high"",""4"",""2025-09-07"",""Từ 4-6/9, Sở Du lịch TP Hồ Chí Minh tổ chức Hội chợ Du lịch quốc tế (ITE HCMC 2025) với chủ đề “Du lịch bền vững, trải nghiệm s"
https://baovinhlong.com.vn/xa-hoi/202509/du-lich-don-tin-hieu-kha-quan-tu-ky-nghi-le-a1809c7/,docs/research/nghien_cuu_12_chieu_thu_muc_nguon_mo_rong.csv,121,research_corpus,"""BVL-120"",""2"",""Báo chí/corpus địa phương"",""Bài báo corpus"",""Du lịch đón tín hiệu khả quan từ kỳ nghỉ lễ"",""Báo Vĩnh Long"",""https://baovinhlong.com.vn/xa-hoi/202509/du-lich-don-tin-hieu-kha-quan-tu-ky-nghi-le-a1809c7/"",""Vĩnh Long"",""Bằng chứng corpus 2025; match=direct_title; confidence=high"",""4"",""2025-09-04"",""Dịp lễ 2/9 năm nay, với nhiều lợi thế từ sau sáp nhập tỉnh, ngành du lịch Vĩnh Long đạt được những kết quả tích cực. Với sự chuẩn bị chu đáo và những trải nghiệm du lịch mới mẻ, đây là động l"
https://baovinhlong.com.vn/xa-hoi/du-lich/202509/nhon-phu-day-manh-phat-trien-du-lich-gan-voi-nong-nghiep-a1c12d7/,docs/research/nghien_cuu_12_chieu_thu_muc_nguon_mo_rong.csv,122,research_corpus,"""BVL-121"",""2"",""Báo chí/corpus địa phương"",""Bài báo corpus"",""Nhơn Phú đẩy mạnh phát triển du lịch gắn với nông nghiệp"",""Báo Vĩnh Long"",""https://baovinhlong.com.vn/xa-hoi/du-lich/202509/nhon-phu-day-manh-phat-trien-du-lich-gan-voi-nong-nghiep-a1c12d7/"",""Vĩnh Long"",""Bằng chứng corpus 2025; match=tourism_category; confidence=high"",""4"",""2025-09-03"",""Nhiệm kỳ 2020-2025, BCH Đảng bộ xã Nhơn Phú đã đoàn kết, năng động, sáng tạo, vượt qua khó khăn, tập trung lãnh, chỉ đạo thực hiện nghị quyết nhiệm kỳ đạ"
https://baovinhlong.com.vn/van-hoa-giai-tri/202509/van-thanh-mieu-luu-giu-ve-dep-truyen-thong-cua-dan-toc-7e21432/,docs/research/nghien_cuu_12_chieu_thu_muc_nguon_mo_rong.csv,123,research_corpus,"""BVL-122"",""2"",""Báo chí/corpus địa phương"",""Bài báo corpus"",""Văn Thánh miếu- Lưu giữ vẻ đẹp truyền thống của dân tộc"",""Báo Vĩnh Long"",""https://baovinhlong.com.vn/van-hoa-giai-tri/202509/van-thanh-mieu-luu-giu-ve-dep-truyen-thong-cua-dan-toc-7e21432/"",""Vĩnh Long"",""Bằng chứng corpus 2025; match=destination_event; confidence=medium"",""4"",""2025-09-01"",""Văn Thánh miếu là một trong những di tích đặc biệt do chính Nhân dân đóng góp, xây dựng và bảo vệ. Kiến trúc và lễ hội ở đây gần như vẫn còn giữ ng"
https://baovinhlong.com.vn/chinh-tri/202508/nhon-phu-phat-trien-dich-vu-du-lich-gan-voi-khu-lo-gach-gom-mang-thit-f2e2796/,docs/research/nghien_cuu_12_chieu_thu_muc_nguon_mo_rong.csv,124,research_corpus,"""BVL-123"",""2"",""Báo chí/corpus địa phương"",""Bài báo corpus"",""Nhơn Phú phát triển dịch vụ du lịch gắn với “Khu lò gạch, gốm Mang Thít”"",""Báo Vĩnh Long"",""https://baovinhlong.com.vn/chinh-tri/202508/nhon-phu-phat-trien-dich-vu-du-lich-gan-voi-khu-lo-gach-gom-mang-thit-f2e2796/"",""Vĩnh Long"",""Bằng chứng corpus 2025; match=direct_title; confidence=high"",""4"",""2025-08-28"",""Ngày 28/8, BCH Đảng bộ xã Nhơn Phú tổ chức thành công Đại hội đại biểu Đảng bộ xã Nhơn Phú lần thứ XIII, nhiệm kỳ 2025 - 2030."""
https://baovinhlong.com.vn/van-hoa-giai-tri/202508/van-thanh-mieu-to-chuc-le-gio-lan-thu-158-cu-phan-thanh-gian-b9e2695/,docs/research/nghien_cuu_12_chieu_thu_muc_nguon_mo_rong.csv,125,research_corpus,"""BVL-124"",""2"",""Báo chí/corpus địa phương"",""Bài báo corpus"",""Văn Thánh Miếu tổ chức lễ giỗ lần thứ 158 cụ Phan Thanh Giản"",""Báo Vĩnh Long"",""https://baovinhlong.com.vn/van-hoa-giai-tri/202508/van-thanh-mieu-to-chuc-le-gio-lan-thu-158-cu-phan-thanh-gian-b9e2695/"",""Vĩnh Long"",""Bằng chứng corpus 2025; match=destination_event; confidence=medium"",""4"",""2025-08-27"",""Ngày 27/8, Ban Quản lý di tích lịch sử văn hóa cấp quốc gia Văn Thánh Miếu tổ chức lễ giỗ lần thứ 158 ngày mất cụ Phan Thanh Giản và phối hợ"
https://baovinhlong.com.vn/kinh-te/202508/ket-noi-cac-vung-ven-bien-tao-khong-gian-phat-trien-moi-61515a4/,docs/research/nghien_cuu_12_chieu_thu_muc_nguon_mo_rong.csv,126,research_corpus,"""BVL-125"",""2"",""Báo chí/corpus địa phương"",""Bài báo corpus"",""Kết nối các vùng ven biển, tạo không gian phát triển mới"",""Báo Vĩnh Long"",""https://baovinhlong.com.vn/kinh-te/202508/ket-noi-cac-vung-ven-bien-tao-khong-gian-phat-trien-moi-61515a4/"",""Vĩnh Long"",""Bằng chứng corpus 2025; match=direct_lead; confidence=high"",""4"",""2025-08-26"",""Tuyến đường bộ ven biển là trục giao thông nhằm liên kết các vùng ven biển, góp phần khai thác hiệu quả tài nguyên. Qua đó, nhằm thúc đẩy phát triển kinh tế- xã hội c"
https://baovinhlong.com.vn/xa-hoi/du-lich/202508/nganh-du-lich-tinh-chuan-bi-don-du-khach-dip-le-29-70b1669/,docs/research/nghien_cuu_12_chieu_thu_muc_nguon_mo_rong.csv,127,research_corpus,"""BVL-126"",""2"",""Báo chí/corpus địa phương"",""Bài báo corpus"",""Ngành du lịch tỉnh chuẩn bị đón du khách dịp lễ 2/9"",""Báo Vĩnh Long"",""https://baovinhlong.com.vn/xa-hoi/du-lich/202508/nganh-du-lich-tinh-chuan-bi-don-du-khach-dip-le-29-70b1669/"",""Vĩnh Long; Trà Vinh; Bến Tre"",""Bằng chứng corpus 2025; match=tourism_category; confidence=high"",""4"",""2025-08-26"",""Kỳ nghỉ lễ Quốc khánh kéo dài 4 ngày liên tiếp, trùng với cuối tuần, dự báo lượng khách du lịch đến Vĩnh Long có xu hướng tăng. Các điểm du lịch,"
https://baovinhlong.com.vn/video/202508/du-lich-vinh-long-chuan-bi-phuc-vu-le-29-10e2e61/,docs/research/nghien_cuu_12_chieu_thu_muc_nguon_mo_rong.csv,128,research_corpus,"""BVL-127"",""2"",""Báo chí/corpus địa phương"",""Bài báo corpus"",""Du lịch Vĩnh Long chuẩn bị phục vụ lễ 2/9"",""Báo Vĩnh Long"",""https://baovinhlong.com.vn/video/202508/du-lich-vinh-long-chuan-bi-phuc-vu-le-29-10e2e61/"",""Vĩnh Long"",""Bằng chứng corpus 2025; match=direct_title; confidence=high"",""4"",""2025-08-25"",""Tại Vĩnh Long, tận dụng cơ hội được nghỉ Lễ Quốc khánh liên tục 4 ngày, các cơ sở kinh doanh dịch vụ, du lịch trên địa bàn tỉnh Vĩnh Long chuẩn bị các điều kiện tốt nhất để phục vụ và thu hút khách"
https://baovinhlong.com.vn/xa-hoi/du-lich/202508/nganh-du-lich-chuan-bi-don-khach-dip-le-29-c0a13a1/,docs/research/nghien_cuu_12_chieu_thu_muc_nguon_mo_rong.csv,129,research_corpus,"""BVL-128"",""2"",""Báo chí/corpus địa phương"",""Bài báo corpus"",""Ngành du lịch chuẩn bị đón khách dịp lễ 2/9"",""Báo Vĩnh Long"",""https://baovinhlong.com.vn/xa-hoi/du-lich/202508/nganh-du-lich-chuan-bi-don-khach-dip-le-29-c0a13a1/"",""Vĩnh Long"",""Bằng chứng corpus 2025; match=tourism_category; confidence=high"",""4"",""2025-08-25"",""Theo Sở Văn hóa-TT-DL, dịp nghỉ lễ 2/9, ngành du lịch sẽ triển khai nhiều hoạt động, chương trình quảng bá, xúc tiến và kích cầu du lịch gia tăng sức hút với du khách đến Vĩnh Long"
https://baovinhlong.com.vn/nhip-song-dong-bang/202508/suc-song-moi-tu-nhung-lo-gach-cu-be712da/,docs/research/nghien_cuu_12_chieu_thu_muc_nguon_mo_rong.csv,130,research_corpus,"""BVL-129"",""2"",""Báo chí/corpus địa phương"",""Bài báo corpus"",""Sức sống mới từ những lò gạch cũ"",""Báo Vĩnh Long"",""https://baovinhlong.com.vn/nhip-song-dong-bang/202508/suc-song-moi-tu-nhung-lo-gach-cu-be712da/"",""Vĩnh Long"",""Bằng chứng corpus 2025; match=direct_lead; confidence=high"",""4"",""2025-08-24"",""Từ một làng nghề truyền thống, ngày nay vương quốc đỏ gạch gốm Mang Thít không còn đỏ rực lửa như trước. Nhưng với quyết tâm giữ nét đẹp trăm năm làng nghề, những lò gạch người dân chăm chút trở thành "
https://baovinhlong.com.vn/xa-hoi/du-lich/202508/hoa-minh-huong-toi-xa-nong-thon-moi-kieu-mau-ve-du-lich-432130e/,docs/research/nghien_cuu_12_chieu_thu_muc_nguon_mo_rong.csv,131,research_corpus,"""BVL-130"",""2"",""Báo chí/corpus địa phương"",""Bài báo corpus"",""Hòa Minh hướng tới xã nông thôn mới kiểu mẫu về du lịch"",""Báo Vĩnh Long"",""https://baovinhlong.com.vn/xa-hoi/du-lich/202508/hoa-minh-huong-toi-xa-nong-thon-moi-kieu-mau-ve-du-lich-432130e/"",""Trà Vinh"",""Bằng chứng corpus 2025; match=tourism_category; confidence=high"",""4"",""2025-08-15"",""Từng là một vùng quê thuần nông bên dòng Cổ Chiên hiền hòa, xã Hòa Minh hôm nay đang chuyển mình vươn lên. Không chỉ phát triển kinh tế bền vững, xã còn kha"
https://baovinhlong.com.vn/chinh-tri/202508/dong-gop-du-thao-van-kien-dai-hoi-dang-bo-tinh-vinh-long-nhiem-ky-2025-2030-can-nghi-quyet-chuyen-de-ve-du-lich-xay-dung-va-phat-trien-vinh-long-thanh-tinh-kha-khu-vuc-6c7073c/,docs/research/nghien_cuu_12_chieu_thu_muc_nguon_mo_rong.csv,132,research_corpus,"""BVL-131"",""2"",""Báo chí/corpus địa phương"",""Bài báo corpus"",""Cần nghị quyết chuyên đề về du lịch, xây dựng và phát triển Vĩnh Long thành tỉnh khá khu vực"",""Báo Vĩnh Long"",""https://baovinhlong.com.vn/chinh-tri/202508/dong-gop-du-thao-van-kien-dai-hoi-dang-bo-tinh-vinh-long-nhiem-ky-2025-2030-can-nghi-quyet-chuyen-de-ve-du-lich-xay-dung-va-phat-trien-vinh-long-thanh-tinh-kha-khu-vuc-6c7073c/"",""Vĩnh Long"",""Bằng chứng corpus 2025; match=direct_title; confidence=high"",""4"",""2025-08-08"",""Đóng góp cho dự"
https://baovinhlong.com.vn/van-hoa-giai-tri/202508/don-ca-tai-tu-hat-boi-tao-suc-hut-cho-du-lich-vinh-long-25512e5/,docs/research/nghien_cuu_12_chieu_thu_muc_nguon_mo_rong.csv,133,research_corpus,"""BVL-132"",""2"",""Báo chí/corpus địa phương"",""Bài báo corpus"",""Đờn ca tài tử, hát bội tạo sức hút cho du lịch Vĩnh Long"",""Báo Vĩnh Long"",""https://baovinhlong.com.vn/van-hoa-giai-tri/202508/don-ca-tai-tu-hat-boi-tao-suc-hut-cho-du-lich-vinh-long-25512e5/"",""Vĩnh Long"",""Bằng chứng corpus 2025; match=direct_title; confidence=high"",""4"",""2025-08-06"",""Cùng với đờn ca tài tử, nghệ thuật hát bội được tỉnh Vĩnh Long xây dựng thành sản phẩm du lịch độc đáo. Sự kết hợp giữa âm nhạc, điệu bộ, lời ca và không gi"
https://baovinhlong.com.vn/kinh-te/202508/cu-lao-an-binh-huong-toi-nuoi-thuy-san-cong-nghe-cao-ef82631/,docs/research/nghien_cuu_12_chieu_thu_muc_nguon_mo_rong.csv,134,research_corpus,"""BVL-133"",""2"",""Báo chí/corpus địa phương"",""Bài báo corpus"",""Cù lao An Bình hướng tới nuôi thủy sản công nghệ cao"",""Báo Vĩnh Long"",""https://baovinhlong.com.vn/kinh-te/202508/cu-lao-an-binh-huong-toi-nuoi-thuy-san-cong-nghe-cao-ef82631/"",""Vĩnh Long"",""Bằng chứng corpus 2025; match=direct_lead; confidence=high"",""4"",""2025-08-03"",""Được bao quanh bởi dòng Cổ Chiên, xã An Bình có nhiều lợi thế về khí hậu, thủy văn và thổ nhưỡng. Những năm gần đây, xã cù lao khai thác thế mạnh để phát triển chăn nuôi thủ"
https://baovinhlong.com.vn/xa-hoi/du-lich/202507/vinh-long-don-gan-6-trieu-du-khach-trong-7-thang-29716cb/,docs/research/nghien_cuu_12_chieu_thu_muc_nguon_mo_rong.csv,135,research_corpus,"""BVL-134"",""2"",""Báo chí/corpus địa phương"",""Bài báo corpus"",""Vĩnh Long đón gần 6 triệu du khách trong 7 tháng"",""Báo Vĩnh Long"",""https://baovinhlong.com.vn/xa-hoi/du-lich/202507/vinh-long-don-gan-6-trieu-du-khach-trong-7-thang-29716cb/"",""Vĩnh Long; Bến Tre"",""Bằng chứng corpus 2025; match=tourism_category; confidence=high"",""4"",""2025-07-29"",""Theo Sở Văn hóa-TT-DL, tổng lượt khách đến Vĩnh Long trong 7 tháng đầu năm 2025 đạt gần 6 triệu lượt, trong đó khách nội địa hơn 5 triệu lượt, khách quốc tế đạt"
https://baovinhlong.com.vn/xa-hoi/du-lich/202507/nhieu-hoat-dong-thuc-day-du-lich-phat-trien-c800851/,docs/research/nghien_cuu_12_chieu_thu_muc_nguon_mo_rong.csv,136,research_corpus,"""BVL-135"",""2"",""Báo chí/corpus địa phương"",""Bài báo corpus"",""Nhiều hoạt động thúc đẩy du lịch phát triển"",""Báo Vĩnh Long"",""https://baovinhlong.com.vn/xa-hoi/du-lich/202507/nhieu-hoat-dong-thuc-day-du-lich-phat-trien-c800851/"",""Vĩnh Long; Trà Vinh; Bến Tre"",""Bằng chứng corpus 2025; match=tourism_category; confidence=high"",""4"",""2025-07-19"",""Sở Văn hóa-TT-DL đang tiến hành rà soát tất cả các dự án du lịch để tiếp tục gắn kết thông tin với các nhà đầu tư nhằm hỗ trợ, tư vấn, hướng dẫn kịp thời. Tổ ch"
https://baovinhlong.com.vn/thoi-su/202507/phat-huy-the-manh-van-hoa-the-thao-du-lich-vinh-long-sau-sap-nhap-20548b8/,docs/research/nghien_cuu_12_chieu_thu_muc_nguon_mo_rong.csv,137,research_corpus,"""BVL-136"",""2"",""Báo chí/corpus địa phương"",""Bài báo corpus"",""Phát huy thế mạnh văn hóa, thể thao, du lịch Vĩnh Long sau sáp nhập"",""Báo Vĩnh Long"",""https://baovinhlong.com.vn/thoi-su/202507/phat-huy-the-manh-van-hoa-the-thao-du-lich-vinh-long-sau-sap-nhap-20548b8/"",""Vĩnh Long"",""Bằng chứng corpus 2025; match=direct_title; confidence=high"",""4"",""2025-07-17"",""Chiều 17/7, bà Nguyễn Thị Quyên Thanh- Tỉnh ủy viên, Phó Chủ tịch UBND tỉnh chủ trì cuộc họp nắm tình hình hoạt động của Sở Văn hóa- Thể thao và"
https://baovinhlong.com.vn/nhip-song-dong-bang/202507/vinh-long-co-11-diem-du-lich-tieu-bieu-khu-vuc-nam-2025-341183a/,docs/research/nghien_cuu_12_chieu_thu_muc_nguon_mo_rong.csv,138,research_corpus,"""BVL-137"",""2"",""Báo chí/corpus địa phương"",""Bài báo corpus"",""Vĩnh Long có 11 điểm du lịch tiêu biểu khu vực năm 2025"",""Báo Vĩnh Long"",""https://baovinhlong.com.vn/nhip-song-dong-bang/202507/vinh-long-co-11-diem-du-lich-tieu-bieu-khu-vuc-nam-2025-341183a/"",""Vĩnh Long"",""Bằng chứng corpus 2025; match=direct_title; confidence=high"",""4"",""2025-07-16"",""Hiệp hội Du lịch ĐBSCL vừa có quyết định công nhận 29 điểm du lịch tiêu biểu trong khu vực; trong đó, có 28 điểm được tái công nhận và 1 điểm được công nh"
https://baovinhlong.com.vn/xa-hoi/du-lich/202507/hop-mat-ky-niem-65-nam-ngay-thanh-lap-nganh-du-lich-viet-nam-b4f2bfc/,docs/research/nghien_cuu_12_chieu_thu_muc_nguon_mo_rong.csv,139,research_corpus,"""BVL-138"",""2"",""Báo chí/corpus địa phương"",""Bài báo corpus"",""Họp mặt kỷ niệm 65 năm Ngày thành lập ngành Du lịch Việt Nam"",""Báo Vĩnh Long"",""https://baovinhlong.com.vn/xa-hoi/du-lich/202507/hop-mat-ky-niem-65-nam-ngay-thanh-lap-nganh-du-lich-viet-nam-b4f2bfc/"",""Vĩnh Long; Trà Vinh; Bến Tre"",""Bằng chứng corpus 2025; match=tourism_category; confidence=high"",""4"",""2025-07-15"",""Ngày 15/7, Hiệp hội Du lịch Bến Tre tổ chức họp mặt kỷ niệm 65 năm Ngày thành lập ngành Du lịch Việt Nam (9/7/1960 - 9/7/2025)"
https://baovinhlong.com.vn/nhip-song-dong-bang/202507/du-lich-xanh-huong-phat-trien-ben-vung-66305c3/,docs/research/nghien_cuu_12_chieu_thu_muc_nguon_mo_rong.csv,140,research_corpus,"""BVL-139"",""2"",""Báo chí/corpus địa phương"",""Bài báo corpus"",""Du lịch xanh- hướng phát triển bền vững"",""Báo Vĩnh Long"",""https://baovinhlong.com.vn/nhip-song-dong-bang/202507/du-lich-xanh-huong-phat-trien-ben-vung-66305c3/"",""Vĩnh Long"",""Bằng chứng corpus 2025; match=direct_title; confidence=high"",""4"",""2025-07-12"",""Phát triển du lịch và xây dựng NTM là 2 nhiệm vụ có tác động tích cực lẫn nhau. Với sự đổi mới tư duy, người dân tỉnh Vĩnh Long chuyển đổi từ sản xuất nông nghiệp truyền thống sang kinh t"
https://baovinhlong.com.vn/xa-hoi/du-lich/202506/6-thang-vinh-long-don-12-trieu-luot-khach-du-lich-6b20d96/,docs/research/nghien_cuu_12_chieu_thu_muc_nguon_mo_rong.csv,141,research_corpus,"""BVL-140"",""2"",""Báo chí/corpus địa phương"",""Bài báo corpus"",""6 tháng: Vĩnh Long đón 1,2 triệu lượt khách du lịch"",""Báo Vĩnh Long"",""https://baovinhlong.com.vn/xa-hoi/du-lich/202506/6-thang-vinh-long-don-12-trieu-luot-khach-du-lich-6b20d96/"",""Vĩnh Long"",""Bằng chứng corpus 2025; match=tourism_category; confidence=high"",""4"",""2025-06-24"",""Theo Sở Văn hóa-TT-DL, trong 6 tháng đầu năm nay, Vĩnh Long đón trên 1,2 triệu lượt khách du lịch (DL) đến tham quan (đạt 56% kế hoạch)."""
https://baovinhlong.com.vn/nhip-song-dong-bang/202506/nganh-du-lich-xu-dua-tiep-tuc-tang-truong-cao-99e1a81/,docs/research/nghien_cuu_12_chieu_thu_muc_nguon_mo_rong.csv,142,research_corpus,"""BVL-141"",""2"",""Báo chí/corpus địa phương"",""Bài báo corpus"",""Ngành du lịch xứ Dừa tiếp tục tăng trưởng cao"",""Báo Vĩnh Long"",""https://baovinhlong.com.vn/nhip-song-dong-bang/202506/nganh-du-lich-xu-dua-tiep-tuc-tang-truong-cao-99e1a81/"",""Bến Tre"",""Bằng chứng corpus 2025; match=direct_title; confidence=high"",""4"",""2025-06-19"",""Để góp phần thực hiện mục tiêu tăng trưởng kinh tế từ 8% trở lên, các cấp ở tỉnh Bến Tre đã nỗ lực tăng tốc trong phong trào thi đua lao động sản xuất và đạt kết quả rất đáng g"
https://baovinhlong.com.vn/xa-hoi/du-lich/202506/khao-sat-tham-dinh-de-tai-cong-nhan-diem-du-lich-tieu-bieu-dbscl-9f4007b/,docs/research/nghien_cuu_12_chieu_thu_muc_nguon_mo_rong.csv,143,research_corpus,"""BVL-142"",""2"",""Báo chí/corpus địa phương"",""Bài báo corpus"",""Khảo sát, thẩm định để tái công nhận điểm du lịch tiêu biểu ĐBSCL"",""Báo Vĩnh Long"",""https://baovinhlong.com.vn/xa-hoi/du-lich/202506/khao-sat-tham-dinh-de-tai-cong-nhan-diem-du-lich-tieu-bieu-dbscl-9f4007b/"",""Vĩnh Long; Trà Vinh; Bến Tre"",""Bằng chứng corpus 2025; match=tourism_category; confidence=high"",""4"",""2025-06-15"",""Đoàn công tác của Hiệp hội Du lịch ĐBSCL do ông Lê Minh Sơn- Phó Chủ tịch Hiệp hội làm trưởng đoàn vừa đến khảo sát, "
https://baovinhlong.com.vn/xa-hoi/du-lich/202506/phat-trien-du-lich-nong-thon-trong-xay-dung-nong-thon-moi-d960bbc/,docs/research/nghien_cuu_12_chieu_thu_muc_nguon_mo_rong.csv,144,research_corpus,"""BVL-143"",""2"",""Báo chí/corpus địa phương"",""Bài báo corpus"",""Phát triển du lịch nông thôn trong xây dựng nông thôn mới"",""Báo Vĩnh Long"",""https://baovinhlong.com.vn/xa-hoi/du-lich/202506/phat-trien-du-lich-nong-thon-trong-xay-dung-nong-thon-moi-d960bbc/"",""Vĩnh Long"",""Bằng chứng corpus 2025; match=tourism_category; confidence=high"",""4"",""2025-06-10"",""Thực hiện chương trình phát triển du lịch nông thôn trong xây dựng NTM, tỉnh Vĩnh Long đã xây dựng và phát triển sản phẩm OCOP “Nhóm dịch vụ du lịch cộ"
https://baovinhlong.com.vn/nhip-song-dong-bang/202506/dau-an-tram-nam-gom-nam-bo-e710c82/,docs/research/nghien_cuu_12_chieu_thu_muc_nguon_mo_rong.csv,145,research_corpus,"""BVL-144"",""2"",""Báo chí/corpus địa phương"",""Bài báo corpus"",""Dấu ấn trăm năm gốm Nam Bộ"",""Báo Vĩnh Long"",""https://baovinhlong.com.vn/nhip-song-dong-bang/202506/dau-an-tram-nam-gom-nam-bo-e710c82/"",""Vĩnh Long"",""Bằng chứng corpus 2025; match=destination_event; confidence=medium"",""4"",""2025-06-08"",""Gốm Nam Bộ với gốm Sài Gòn, Lái Thiêu, Biên Hòa, Vĩnh Long, gốm An Giang… ghi dấu thời gian, ôm ấp trong mình những câu chuyện qua từng nét vẽ, từng vết men, từng dáng hình dân dã mà đầy hồn cốt. Gốm không"
https://baovinhlong.com.vn/xa-hoi/du-lich/202506/dau-tu-co-so-ha-tang-phuc-vu-phat-trien-du-lich-7560f13/,docs/research/nghien_cuu_12_chieu_thu_muc_nguon_mo_rong.csv,146,research_corpus,"""BVL-145"",""2"",""Báo chí/corpus địa phương"",""Bài báo corpus"",""Đầu tư cơ sở hạ tầng phục vụ phát triển du lịch"",""Báo Vĩnh Long"",""https://baovinhlong.com.vn/xa-hoi/du-lich/202506/dau-tu-co-so-ha-tang-phuc-vu-phat-trien-du-lich-7560f13/"",""Vĩnh Long; Bến Tre"",""Bằng chứng corpus 2025; match=tourism_category; confidence=high"",""4"",""2025-06-06"",""Để đáp ứng nhu cầu ngày càng cao của du khách, những năm gần đây, tỉnh Vĩnh Long đầu tư cơ sở hạ tầng phục vụ phát triển du lịch. Theo đó, trong lĩnh vực đầu tư c"
https://baovinhlong.com.vn/kinh-te/202506/hon-2000-ty-dong-dau-tu-du-ankhu-thuong-mai-dich-vu-du-lich-my-thuan-c300009/,docs/research/nghien_cuu_12_chieu_thu_muc_nguon_mo_rong.csv,147,research_corpus,"""BVL-146"",""2"",""Báo chí/corpus địa phương"",""Bài báo corpus"",""Hơn 2.000 tỷ đồng đầu tư dự án khu thương mại- dịch vụ- du lịch Mỹ Thuận"",""Báo Vĩnh Long"",""https://baovinhlong.com.vn/kinh-te/202506/hon-2000-ty-dong-dau-tu-du-ankhu-thuong-mai-dich-vu-du-lich-my-thuan-c300009/"",""Vĩnh Long"",""Bằng chứng corpus 2025; match=direct_title; confidence=high"",""4"",""2025-06-03"",""UBND tỉnh vừa quyết định chấp thuận chủ trương đầu tư đồng thời chấp thuận nhà đầu tư dự án khu thương mại- dịch vụ- du lịch Mỹ Thuận th"
https://baovinhlong.com.vn/xa-hoi/du-lich/202505/tim-net-rieng-hap-dan-cua-du-lich-vinh-long-4d23014/,docs/research/nghien_cuu_12_chieu_thu_muc_nguon_mo_rong.csv,148,research_corpus,"""BVL-147"",""2"",""Báo chí/corpus địa phương"",""Bài báo corpus"",""Tìm nét riêng hấp dẫn của du lịch Vĩnh Long"",""Báo Vĩnh Long"",""https://baovinhlong.com.vn/xa-hoi/du-lich/202505/tim-net-rieng-hap-dan-cua-du-lich-vinh-long-4d23014/"",""Vĩnh Long; Bến Tre"",""Bằng chứng corpus 2025; match=tourism_category; confidence=high"",""4"",""2025-05-20"",""Qua 5 năm (2020-2025), Đề án Xây dựng sản phẩm du lịch đặc thù tỉnh Vĩnh Long đã đạt được những kết quả tích cực. Việc xác định đúng sản phẩm đặc thù giúp ngành du lịch c"
https://baovinhlong.com.vn/tin-moi/202505/khai-thac-hieu-qua-san-pham-du-lich-dac-thuthu-hut-du-khach-ff9072f/,docs/research/nghien_cuu_12_chieu_thu_muc_nguon_mo_rong.csv,149,research_corpus,"""BVL-148"",""2"",""Báo chí/corpus địa phương"",""Bài báo corpus"",""Khai thác hiệu quả sản phẩm du lịch đặc thù thu hút du khách"",""Báo Vĩnh Long"",""https://baovinhlong.com.vn/tin-moi/202505/khai-thac-hieu-qua-san-pham-du-lich-dac-thuthu-hut-du-khach-ff9072f/"",""Vĩnh Long"",""Bằng chứng corpus 2025; match=direct_title; confidence=high"",""4"",""2025-05-17"",""Theo Sở Văn hóa-TT-DL, giai đoạn 2020-2025 triển khai Đề án Xây dựng sản phẩm du lịch đặc thù tỉnh Vĩnh Long, ngành du lịch ghi nhận những kết quả tích cực."""
https://baovinhlong.com.vn/tin-moi/202505/co-hoi-lam-moi-thuong-hieu-du-lich-acb019e/,docs/research/nghien_cuu_12_chieu_thu_muc_nguon_mo_rong.csv,150,research_corpus,"""BVL-149"",""2"",""Báo chí/corpus địa phương"",""Bài báo corpus"",""Cơ hội làm mới thương hiệu du lịch"",""Báo Vĩnh Long"",""https://baovinhlong.com.vn/tin-moi/202505/co-hoi-lam-moi-thuong-hieu-du-lich-acb019e/"",""Vĩnh Long; Trà Vinh; Bến Tre"",""Bằng chứng corpus 2025; match=direct_title; confidence=high"",""4"",""2025-05-13"",""Việc sáp nhập 3 tỉnh Vĩnh Long, Trà Vinh, Bến Tre sẽ mở ra những cơ hội mới để phát triển các tour du lịch (DL) liên vùng và đổi mới sản phẩm. Việc liên kết vùng miền được đẩy mạnh và thuận"
https://baovinhlong.com.vn/tin-moi/202505/gin-giu-ban-sac-van-hoa-va-khat-vong-vuon-xa-50d005e/,docs/research/nghien_cuu_12_chieu_thu_muc_nguon_mo_rong.csv,151,research_corpus,"""BVL-150"",""2"",""Báo chí/corpus địa phương"",""Bài báo corpus"",""Gìn giữ bản sắc văn hóa và khát vọng vươn xa"",""Báo Vĩnh Long"",""https://baovinhlong.com.vn/tin-moi/202505/gin-giu-ban-sac-van-hoa-va-khat-vong-vuon-xa-50d005e/"",""Vĩnh Long"",""Bằng chứng corpus 2025; match=direct_lead; confidence=high"",""4"",""2025-05-03"",""Trong không khí phấn khởi, tự hào hướng tới kỷ niệm 50 năm Ngày Giải phóng miền Nam, thống nhất đất nước, lần đầu tiên tỉnh Vĩnh Long tổ chức Tuần lễ Văn hóa, Thể thao và Du lịch. Rất nhiều"
https://baovinhlong.com.vn/tin-moi/202505/be-mac-tuan-le-van-hoa-the-thao-va-du-lich-tinh-vinh-long-2025-thu-hut-hon-97000-luot-khach-tham-quan-7163da1/,docs/research/nghien_cuu_12_chieu_thu_muc_nguon_mo_rong.csv,152,research_corpus,"""BVL-151"",""2"",""Báo chí/corpus địa phương"",""Bài báo corpus"",""Bế mạc Tuần lễ Văn hóa, Thể thao và Du lịch tỉnh Vĩnh Long 2025: Thu hút hơn 97.000 lượt khách tham quan"",""Báo Vĩnh Long"",""https://baovinhlong.com.vn/tin-moi/202505/be-mac-tuan-le-van-hoa-the-thao-va-du-lich-tinh-vinh-long-2025-thu-hut-hon-97000-luot-khach-tham-quan-7163da1/"",""Vĩnh Long"",""Bằng chứng corpus 2025; match=direct_title; confidence=high"",""4"",""2025-05-02"",""Tối 2/5, Sở Văn hóa-TT-DL tổ chức lễ bế mạc Tuần lễ Văn hóa, Thể thao v"
https://baovinhlong.com.vn/tin-moi/202505/dong-dao-nguoi-dan-tham-gia-ngay-hoi-banh-dan-gian-o-cu-lao-an-binh-3331393/,docs/research/nghien_cuu_12_chieu_thu_muc_nguon_mo_rong.csv,153,research_corpus,"""BVL-152"",""2"",""Báo chí/corpus địa phương"",""Bài báo corpus"",""Đông đảo người dân tham gia Ngày hội Bánh dân gian ở cù lao An Bình"",""Báo Vĩnh Long"",""https://baovinhlong.com.vn/tin-moi/202505/dong-dao-nguoi-dan-tham-gia-ngay-hoi-banh-dan-gian-o-cu-lao-an-binh-3331393/"",""Vĩnh Long"",""Bằng chứng corpus 2025; match=direct_lead; confidence=high"",""4"",""2025-05-02"",""Trong 2 ngày 2- 3/5, tại ấp Phú An 2, xã Bình Hòa Phước, UBND huyện Long Hồ đã tổ chức “Ngày hội Bánh dân gian và các món ăn ngon, gắn với "
https://baovinhlong.com.vn/tin-moi/202505/vinh-long-sac-mau-hoi-tu-khat-vong-vuon-xa-4ad0aa8/,docs/research/nghien_cuu_12_chieu_thu_muc_nguon_mo_rong.csv,154,research_corpus,"""BVL-153"",""2"",""Báo chí/corpus địa phương"",""Bài báo corpus"",""Vĩnh Long - Sắc màu hội tụ - Khát vọng vươn xa"",""Báo Vĩnh Long"",""https://baovinhlong.com.vn/tin-moi/202505/vinh-long-sac-mau-hoi-tu-khat-vong-vuon-xa-4ad0aa8/"",""Vĩnh Long"",""Bằng chứng corpus 2025; match=direct_lead; confidence=high"",""4"",""2025-05-02"",""Người dân và du khách gần xa vừa có một buổi chiều mãn nhãn, vui tươi và đầy ý nghĩa tại quảng trường TP Vĩnh Long với lễ hội đường phố “Vĩnh Long - Sắc màu hội tụ - Khát vọng vươn xa”."""
https://baovinhlong.com.vn/kinh-te/202505/blog-thi-truong-tuan-le-van-hoa-don-bay-kich-cau-du-lich-79103bb/,docs/research/nghien_cuu_12_chieu_thu_muc_nguon_mo_rong.csv,155,research_corpus,"""BVL-154"",""2"",""Báo chí/corpus địa phương"",""Bài báo corpus"",""Tuần lễ văn hóa- “đòn bẩy” kích cầu du lịch"",""Báo Vĩnh Long"",""https://baovinhlong.com.vn/kinh-te/202505/blog-thi-truong-tuan-le-van-hoa-don-bay-kich-cau-du-lich-79103bb/"",""Vĩnh Long"",""Bằng chứng corpus 2025; match=direct_title; confidence=high"",""4"",""2025-05-01"",""Lần đầu tiên tổ chức với quy mô lớn, Tuần lễ Văn hóa, Thể thao và Du lịch năm 2025 của tỉnh Vĩnh Long đang được người dân và du khách chào đón nồng nhiệt."""
https://baovinhlong.com.vn/xa-hoi/du-lich/202504/cong-ty-du-lich-quoc-te-vinh-long-dong-hanh-cung-tuan-van-hoa-the-thao-va-du-lich-tinh-vinh-long-2025-62d04b0/,docs/research/nghien_cuu_12_chieu_thu_muc_nguon_mo_rong.csv,156,research_corpus,"""BVL-155"",""2"",""Báo chí/corpus địa phương"",""Bài báo corpus"",""Công ty Du Lịch Quốc tế Vĩnh Long: đồng hành cùng Tuần Văn hóa, Thể thao và Du lịch tỉnh Vĩnh Long 2025"",""Báo Vĩnh Long"",""https://baovinhlong.com.vn/xa-hoi/du-lich/202504/cong-ty-du-lich-quoc-te-vinh-long-dong-hanh-cung-tuan-van-hoa-the-thao-va-du-lich-tinh-vinh-long-2025-62d04b0/"",""Vĩnh Long"",""Bằng chứng corpus 2025; match=tourism_category; confidence=high"",""4"",""2025-04-30"",""Vinh dự là đơn vị tổ chức hoạt động Famtrip Vĩnh Long 2025, D"
https://baovinhlong.com.vn/tieu-diem/202504/gan-200-vdv-tranh-tai-giai-vo-dich-dua-ghe-tam-ban-tinh-vinh-long-3dc0604/,docs/research/nghien_cuu_12_chieu_thu_muc_nguon_mo_rong.csv,157,research_corpus,"""BVL-156"",""2"",""Báo chí/corpus địa phương"",""Bài báo corpus"",""Gần 200 VĐV tranh tài Giải Vô địch đua ghe tam bản tỉnh Vĩnh Long"",""Báo Vĩnh Long"",""https://baovinhlong.com.vn/tieu-diem/202504/gan-200-vdv-tranh-tai-giai-vo-dich-dua-ghe-tam-ban-tinh-vinh-long-3dc0604/"",""Vĩnh Long"",""Bằng chứng corpus 2025; match=direct_lead; confidence=high"",""4"",""2025-04-30"",""Trong khuôn khổ các hoạt động hưởng ứng Tuần lễ Văn hóa, thể thao và du lịch tỉnh Vĩnh Long năm 2025, sáng 30/4, Sở Văn hóa-TT-DL tổ chức khai mạ"
https://baovinhlong.com.vn/tin-moi/202504/famtrip-quang-ba-tour-du-lich-den-voi-di-san-mang-thit-1bf02b5/,docs/research/nghien_cuu_12_chieu_thu_muc_nguon_mo_rong.csv,158,research_corpus,"""BVL-157"",""2"",""Báo chí/corpus địa phương"",""Bài báo corpus"",""“Famtrip quảng bá tour du lịch đến với di sản Mang Thít”"",""Báo Vĩnh Long"",""https://baovinhlong.com.vn/tin-moi/202504/famtrip-quang-ba-tour-du-lich-den-voi-di-san-mang-thit-1bf02b5/"",""Vĩnh Long"",""Bằng chứng corpus 2025; match=direct_title; confidence=high"",""4"",""2025-04-29"",""Chương trình “Famtrip quảng bá tour du lịch đến với di sản Mang Thít” diễn ra từ ngày 29-30/4, do Sở Văn hóa-TT-DL tổ chức trong khuôn khổ các hoạt động của Tuần lễ V"
https://baovinhlong.com.vn/tin-moi/202504/20-gio-toi-nay-thvl2-se-truc-tiep-khai-mac-tuan-le-van-hoa-the-thao-va-du-lich-tinh-vinh-long-nam-2025-37e087f/,docs/research/nghien_cuu_12_chieu_thu_muc_nguon_mo_rong.csv,159,research_corpus,"""BVL-158"",""2"",""Báo chí/corpus địa phương"",""Bài báo corpus"",""Pháo hoa rực sáng khai mạc “Tuần lễ Văn hóa, Thể thao và Du lịch tỉnh Vĩnh Long năm 2025”"",""Báo Vĩnh Long"",""https://baovinhlong.com.vn/tin-moi/202504/20-gio-toi-nay-thvl2-se-truc-tiep-khai-mac-tuan-le-van-hoa-the-thao-va-du-lich-tinh-vinh-long-nam-2025-37e087f/"",""Vĩnh Long"",""Bằng chứng corpus 2025; match=direct_title; confidence=high"",""4"",""2025-04-29"",""Tối 29/4, tại Quảng trường TP Vĩnh Long, Sở Văn hóa-TT-DL phối hợp cùng Báo và Đài Ph"
https://baovinhlong.com.vn/tin-moi/202504/gan-150-vdv-tranh-tai-giai-vo-dich-xe-dap-tinh-vinh-long-mo-rong-c1901db/,docs/research/nghien_cuu_12_chieu_thu_muc_nguon_mo_rong.csv,160,research_corpus,"""BVL-159"",""2"",""Báo chí/corpus địa phương"",""Bài báo corpus"",""Gần 150 VĐV tranh tài Giải Vô địch xe đạp tỉnh Vĩnh Long mở rộng"",""Báo Vĩnh Long"",""https://baovinhlong.com.vn/tin-moi/202504/gan-150-vdv-tranh-tai-giai-vo-dich-xe-dap-tinh-vinh-long-mo-rong-c1901db/"",""Vĩnh Long"",""Bằng chứng corpus 2025; match=direct_lead; confidence=high"",""4"",""2025-04-26"",""Sáng 26/4, Sở Văn hóa-TT-DL phối hợp Liên đoàn Xe đạp- Mô tô thể thao tỉnh khai mạc Giải Vô địch xe đạp tỉnh Vĩnh Long mở rộng năm 2025. Đây là một t"
https://baovinhlong.com.vn/phong-su-anh/202504/soi-noi-giai-vo-dich-xe-dap-tinh-vinh-long-mo-rong-9b00ad6/,docs/research/nghien_cuu_12_chieu_thu_muc_nguon_mo_rong.csv,161,research_corpus,"""BVL-160"",""2"",""Báo chí/corpus địa phương"",""Bài báo corpus"",""Sôi nổi Giải Vô địch xe đạp tỉnh Vĩnh Long mở rộng"",""Báo Vĩnh Long"",""https://baovinhlong.com.vn/phong-su-anh/202504/soi-noi-giai-vo-dich-xe-dap-tinh-vinh-long-mo-rong-9b00ad6/"",""Vĩnh Long"",""Bằng chứng corpus 2025; match=direct_lead; confidence=high"",""4"",""2025-04-26"",""Nằm trong khuôn khổ chương trình Tuần lễ Văn hóa, thể thao và du lịch tỉnh Vĩnh Long năm 2025, Giải Vô địch xe đạp tỉnh Vĩnh Long mở rộng năm 2025 thật sự là sân chơi giao "
https://baovinhlong.com.vn/tin-moi/202504/tuan-le-van-hoa-the-thao-va-du-lich-hua-hen-ban-sac-an-toan-hap-dan-05709a1/,docs/research/nghien_cuu_12_chieu_thu_muc_nguon_mo_rong.csv,162,research_corpus,"""BVL-161"",""2"",""Báo chí/corpus địa phương"",""Bài báo corpus"",""Tuần lễ Văn hóa, thể thao và Du lịch: Hứa hẹn bản sắc, an toàn, hấp dẫn"",""Báo Vĩnh Long"",""https://baovinhlong.com.vn/tin-moi/202504/tuan-le-van-hoa-the-thao-va-du-lich-hua-hen-ban-sac-an-toan-hap-dan-05709a1/"",""Vĩnh Long"",""Bằng chứng corpus 2025; match=direct_title; confidence=high"",""4"",""2025-04-25"",""Lần đầu tiên tỉnh Vĩnh Long tổ chức Tuần lễ Văn hóa, thể thao và Du lịch, sự kiện sẽ khai mạc vào tối 29/4, tại Quảng trường TP Vĩnh Long,"
https://baovinhlong.com.vn/tin-moi/202504/hang-ngan-du-khach-thich-thu-tham-gia-chuong-trinh-quang-dien-tai-ngay-hoi-banh-dan-gian-nam-bo-42e3bbd/,docs/research/nghien_cuu_12_chieu_thu_muc_nguon_mo_rong.csv,163,research_corpus,"""BVL-162"",""2"",""Báo chí/corpus địa phương"",""Bài báo corpus"",""Hàng ngàn du khách thích thú tham gia chương trình quảng diễn tại Ngày hội Bánh dân gian Nam Bộ"",""Báo Vĩnh Long"",""https://baovinhlong.com.vn/tin-moi/202504/hang-ngan-du-khach-thich-thu-tham-gia-chuong-trinh-quang-dien-tai-ngay-hoi-banh-dan-gian-nam-bo-42e3bbd/"",""Vĩnh Long"",""Bằng chứng corpus 2025; match=direct_title; confidence=high"",""4"",""2025-04-19"",""Chiều ngày 19/4, chương trình biểu diễn, chế biến, tặng bánh dân gian trong khuôn khổ "
https://baovinhlong.com.vn/phap-luat/202504/trien-khai-phuong-an-bao-ve-an-ninhtrat-tu-tuan-le-van-hoa-the-thaova-du-lich-tinh-va-cac-hoat-dong-dip-le-304-2360c31/,docs/research/nghien_cuu_12_chieu_thu_muc_nguon_mo_rong.csv,164,research_corpus,"""BVL-163"",""2"",""Báo chí/corpus địa phương"",""Bài báo corpus"",""Triển khai phương án bảo vệ an ninh trật tự Tuần lễ Văn hóa, thể thao và du lịch tỉnh và các hoạt động dịp lễ 30/4"",""Báo Vĩnh Long"",""https://baovinhlong.com.vn/phap-luat/202504/trien-khai-phuong-an-bao-ve-an-ninhtrat-tu-tuan-le-van-hoa-the-thaova-du-lich-tinh-va-cac-hoat-dong-dip-le-304-2360c31/"",""Vĩnh Long"",""Bằng chứng corpus 2025; match=direct_title; confidence=high"",""4"",""2025-04-16"",""Công an tỉnh vừa hội nghị triển khai phương án đảm"
https://baovinhlong.com.vn/tin-moi/202504/tim-huong-sac-rienggiua-mien-song-nuoc-ef43078/,docs/research/nghien_cuu_12_chieu_thu_muc_nguon_mo_rong.csv,165,research_corpus,"""BVL-164"",""2"",""Báo chí/corpus địa phương"",""Bài báo corpus"",""Tìm hương sắc riêng giữa miền sông nước"",""Báo Vĩnh Long"",""https://baovinhlong.com.vn/tin-moi/202504/tim-huong-sac-rienggiua-mien-song-nuoc-ef43078/"",""Vĩnh Long"",""Bằng chứng corpus 2025; match=direct_lead; confidence=high"",""4"",""2025-04-12"",""Với vị trí nằm giữa ĐBSCL, mạng lưới sông rạch chằng chịt làm nên bãi bờ phù sa, dưỡng nuôi vườn cây trái, ruộng lúa tốt tươi. Nhờ đó mà du lịch (DL) sinh thái, DL sông nước miệt vườn của Vĩnh Long có"
https://baovinhlong.com.vn/tin-moi/202504/tuan-le-van-hoa-the-thao-va-du-lich-2025-lan-toa-thong-diep-diem-hen-phuong-nam-voi-gia-tri-lich-su-van-hoa-doc-dao-0e0240b/,docs/research/nghien_cuu_12_chieu_thu_muc_nguon_mo_rong.csv,166,research_corpus,"""BVL-165"",""2"",""Báo chí/corpus địa phương"",""Bài báo corpus"",""Lan tỏa thông điệp Điểm hẹn phương Nam với giá trị lịch sử, văn hóa độc đáo"",""Báo Vĩnh Long"",""https://baovinhlong.com.vn/tin-moi/202504/tuan-le-van-hoa-the-thao-va-du-lich-2025-lan-toa-thong-diep-diem-hen-phuong-nam-voi-gia-tri-lich-su-van-hoa-doc-dao-0e0240b/"",""Vĩnh Long"",""Bằng chứng corpus 2025; match=direct_lead; confidence=high"",""4"",""2025-04-10"",""Ngày 10/4, Phó Chủ tịch UBND tỉnh Vĩnh Long- Nguyễn Thị Quyên Thanh chủ trì họp báo cun"
https://baovinhlong.com.vn/tin-moi/202504/to-chuc-tuan-le-van-hoa-the-thao-va-du-lich-tinh-vinh-long-cc70940/,docs/research/nghien_cuu_12_chieu_thu_muc_nguon_mo_rong.csv,167,research_corpus,"""BVL-166"",""2"",""Báo chí/corpus địa phương"",""Bài báo corpus"",""Tổ chức Tuần lễ văn hóa, thể thao và du lịch tỉnh Vĩnh Long"",""Báo Vĩnh Long"",""https://baovinhlong.com.vn/tin-moi/202504/to-chuc-tuan-le-van-hoa-the-thao-va-du-lich-tinh-vinh-long-cc70940/"",""Vĩnh Long"",""Bằng chứng corpus 2025; match=direct_title; confidence=high"",""4"",""2025-04-10"",""Theo Sở Văn hóa-TT-DL, chào mừng kỷ niệm 50 năm ngày Giải phóng miền Nam, thống nhất đất nước (30/4/1975-30/4/2025) và 139 năm ngày Quốc tế lao động (1/5/1886-"
https://baovinhlong.com.vn/xa-hoi/202504/khach-du-lich-den-long-hotang-trong-quy-i-628447e/,docs/research/nghien_cuu_12_chieu_thu_muc_nguon_mo_rong.csv,168,research_corpus,"""BVL-167"",""2"",""Báo chí/corpus địa phương"",""Bài báo corpus"",""Khách du lịch đến Long Hồ tăng trong quý I"",""Báo Vĩnh Long"",""https://baovinhlong.com.vn/xa-hoi/202504/khach-du-lich-den-long-hotang-trong-quy-i-628447e/"",""Vĩnh Long"",""Bằng chứng corpus 2025; match=direct_title; confidence=high"",""4"",""2025-04-04"",""Trong quý I, lượng khách du lịch (DL) đến Long Hồ tiếp tục tăng mạnh, so với cùng kỳ năm trước tăng 5%, doanh thu tăng đến 17%."""
https://baovinhlong.com.vn/phong-su-ky-su/202503/yeu-van-hoa-dan-toc-theo-cach-cua-nguoi-tre-ky3cham-sach-giua-miet-vuon-song-nuoc-9c26ddc/,docs/research/nghien_cuu_12_chieu_thu_muc_nguon_mo_rong.csv,169,research_corpus,"""BVL-168"",""2"",""Báo chí/corpus địa phương"",""Bài báo corpus"",""Kỳ 3: “Chạm sách” giữa miệt vườn sông nước"",""Báo Vĩnh Long"",""https://baovinhlong.com.vn/phong-su-ky-su/202503/yeu-van-hoa-dan-toc-theo-cach-cua-nguoi-tre-ky3cham-sach-giua-miet-vuon-song-nuoc-9c26ddc/"",""Vĩnh Long"",""Bằng chứng corpus 2025; match=direct_lead; confidence=high"",""4"",""2025-03-26"",""Có một thư viện đặc biệt nằm trong một homestay trên cù lao An Bình (huyện Long Hồ, tỉnh Vĩnh Long) được đặt tên là “Thư viện miệt vườn”. Ở đây, nh"
https://baovinhlong.com.vn/van-hoa-giai-tri/202503/nhieu-hoat-dong-tai-le-hoi-xuan-dinh-di-tich-van-thanh-mieu-e1f30f4/,docs/research/nghien_cuu_12_chieu_thu_muc_nguon_mo_rong.csv,170,research_corpus,"""BVL-169"",""2"",""Báo chí/corpus địa phương"",""Bài báo corpus"",""Nhiều hoạt động tại lễ hội Xuân đinh di tích Văn Thánh Miếu"",""Báo Vĩnh Long"",""https://baovinhlong.com.vn/van-hoa-giai-tri/202503/nhieu-hoat-dong-tai-le-hoi-xuan-dinh-di-tich-van-thanh-mieu-e1f30f4/"",""Vĩnh Long"",""Bằng chứng corpus 2025; match=destination_event; confidence=medium"",""4"",""2025-03-10"",""Sở Văn hóa-TT-DL vừa tổ chức các hoạt động nhân lễ hội Xuân đinh tại di tích quốc gia Văn Thánh Miếu. Trong đó, tổ chức chương trình giáo dục "
https://baovinhlong.com.vn/tin-noi-bat/202503/gin-giu-phat-huy-ban-sac-van-hoa-cac-dan-toc-641676b/,docs/research/nghien_cuu_12_chieu_thu_muc_nguon_mo_rong.csv,171,research_corpus,"""BVL-170"",""2"",""Báo chí/corpus địa phương"",""Bài báo corpus"",""Gìn giữ, phát huy bản sắc văn hóa các dân tộc"",""Báo Vĩnh Long"",""https://baovinhlong.com.vn/tin-noi-bat/202503/gin-giu-phat-huy-ban-sac-van-hoa-cac-dan-toc-641676b/"",""Vĩnh Long"",""Bằng chứng corpus 2025; match=direct_lead; confidence=high"",""4"",""2025-03-01"",""Với mục tiêu gìn giữ, bảo tồn và phát triển văn hóa đồng bào các dân tộc thiểu số (DTTS), tỉnh Vĩnh Long đã triển khai nhiều hoạt động, việc làm thiết thực kết hợp khai thác và phát tr"
https://baovinhlong.com.vn/xa-hoi/du-lich/202502/tang-cuong-chat-van-hoa-vao-san-pham-du-lich-1b863bd/,docs/research/nghien_cuu_12_chieu_thu_muc_nguon_mo_rong.csv,172,research_corpus,"""BVL-171"",""2"",""Báo chí/corpus địa phương"",""Bài báo corpus"",""Tăng cường chất văn hóa vào sản phẩm du lịch"",""Báo Vĩnh Long"",""https://baovinhlong.com.vn/xa-hoi/du-lich/202502/tang-cuong-chat-van-hoa-vao-san-pham-du-lich-1b863bd/"",""Vĩnh Long"",""Bằng chứng corpus 2025; match=tourism_category; confidence=high"",""4"",""2025-02-25"",""Sản phẩm du lịch (DL) là một loại hàng hóa rất đặc biệt trên nhiều góc độ. Đó là một loại hàng hóa mà người mua hàng đồng thời với quá trình thụ hưởng, do đó, vấn đề “nhạy cảm” "
https://baovinhlong.com.vn/xa-hoi/giao-duc-dao-tao/202502/nganh-quan-tri-dich-vu-du-lich-va-lu-hanh-hoc-gi-lam-gi-f0522f7/,docs/research/nghien_cuu_12_chieu_thu_muc_nguon_mo_rong.csv,173,research_corpus,"""BVL-172"",""2"",""Báo chí/corpus địa phương"",""Bài báo corpus"",""Ngành quản trị dịch vụ du lịch và lữ hành học gì, làm gì?"",""Báo Vĩnh Long"",""https://baovinhlong.com.vn/xa-hoi/giao-duc-dao-tao/202502/nganh-quan-tri-dich-vu-du-lich-va-lu-hanh-hoc-gi-lam-gi-f0522f7/"",""Vĩnh Long"",""Bằng chứng corpus 2025; match=direct_title; confidence=high"",""4"",""2025-02-24"",""Chiều 22/2, tại Trường ĐH Cửu Long có 520 học sinh lớp 12 Trường THPT Phú Quới (Long Hồ) và Trường THCS- THPT Mỹ Phước (Mang Thít) tham gia chương t"
https://baovinhlong.com.vn/thoi-su/202502/bi-thu-tinh-uy-tran-tien-dung-khao-sat-cac-diem-du-lich-cong-ty-tai-huyen-long-ho-bf13126/,docs/research/nghien_cuu_12_chieu_thu_muc_nguon_mo_rong.csv,174,research_corpus,"""BVL-173"",""2"",""Báo chí/corpus địa phương"",""Bài báo corpus"",""Bí thư Tỉnh ủy Trần Tiến Dũng khảo sát các điểm du lịch, công ty tại huyện Long Hồ"",""Báo Vĩnh Long"",""https://baovinhlong.com.vn/thoi-su/202502/bi-thu-tinh-uy-tran-tien-dung-khao-sat-cac-diem-du-lich-cong-ty-tai-huyen-long-ho-bf13126/"",""Vĩnh Long"",""Bằng chứng corpus 2025; match=direct_title; confidence=high"",""4"",""2025-02-14"",""Sáng 14/2, Bí thư Tỉnh ủy Trần Tiến Dũng cùng đoàn công tác đã đến khảo sát các điểm du lịch, cơ sở sản xuất, kin"
https://baovinhlong.com.vn/phap-luat/202502/xu-phat-555-trieu-dong-hoat-dong-van-hoa-du-lich-va-quang-cao-f6208c6/,docs/research/nghien_cuu_12_chieu_thu_muc_nguon_mo_rong.csv,175,research_corpus,"""BVL-174"",""2"",""Báo chí/corpus địa phương"",""Bài báo corpus"",""Xử phạt 55,5 triệu đồng hoạt động văn hóa, du lịch và quảng cáo"",""Báo Vĩnh Long"",""https://baovinhlong.com.vn/phap-luat/202502/xu-phat-555-trieu-dong-hoat-dong-van-hoa-du-lich-va-quang-cao-f6208c6/"",""Vĩnh Long"",""Bằng chứng corpus 2025; match=direct_title; confidence=high"",""4"",""2025-02-06"",""Bên cạnh việc thực hiện các kế hoạch kiểm tra lĩnh vực văn hóa, du lịch và quảng cáo nhằm đảm bảo cho người dân, du khách đến Vĩnh Long vui Xuân, đón "
https://baovinhlong.com.vn/xa-hoi/du-lich/202502/tam-giacket-noi-tour-du-lich-ben-tre-tra-vinh-vinh-long-1ca37b2/,docs/research/nghien_cuu_12_chieu_thu_muc_nguon_mo_rong.csv,176,research_corpus,"""BVL-175"",""2"",""Báo chí/corpus địa phương"",""Bài báo corpus"",""“Tam giác” kết nối tour du lịch Bến Tre- Trà Vinh - Vĩnh Long"",""Báo Vĩnh Long"",""https://baovinhlong.com.vn/xa-hoi/du-lich/202502/tam-giacket-noi-tour-du-lich-ben-tre-tra-vinh-vinh-long-1ca37b2/"",""Vĩnh Long; Trà Vinh; Bến Tre"",""Bằng chứng corpus 2025; match=tourism_category; confidence=high"",""4"",""2025-02-03"",""Đây chưa phải là một tuyến du lịch chính thức, nhưng từ đoàn famtrip thực hiện chuyến khảo sát liên tuyến 3 tỉnh Bến Tre- Trà Vinh"
https://baovinhlong.com.vn/kinh-te/202502/ho-tro-doanh-nghiep-trang-bi-may-moc-phuc-vu-san-xuat-kinh-doanh-phat-trien-san-pham-gom-du-lich-b7a0885/,docs/research/nghien_cuu_12_chieu_thu_muc_nguon_mo_rong.csv,177,research_corpus,"""BVL-176"",""2"",""Báo chí/corpus địa phương"",""Bài báo corpus"",""Hỗ trợ doanh nghiệp trang bị máy móc phục vụ sản xuất kinh doanh, phát triển sản phẩm gốm du lịch"",""Báo Vĩnh Long"",""https://baovinhlong.com.vn/kinh-te/202502/ho-tro-doanh-nghiep-trang-bi-may-moc-phuc-vu-san-xuat-kinh-doanh-phat-trien-san-pham-gom-du-lich-b7a0885/"",""Vĩnh Long"",""Bằng chứng corpus 2025; match=direct_title; confidence=high"",""4"",""2025-02-03"",""Nghề sản xuất gốm ở Vĩnh Long là một trong số ít làng nghề tại ĐBSCL có từ xưa đến "
https://baovinhlong.com.vn/tin-moi/202502/khoang-18600-luot-khach-vieng-lang-ong-nhung-ngay-dau-xuan-at-ty-2025-e34339a/,docs/research/nghien_cuu_12_chieu_thu_muc_nguon_mo_rong.csv,178,research_corpus,"""BVL-177"",""2"",""Báo chí/corpus địa phương"",""Bài báo corpus"",""Khoảng 18.600 lượt khách viếng Lăng Ông những ngày đầu xuân Ất Tỵ 2025"",""Báo Vĩnh Long"",""https://baovinhlong.com.vn/tin-moi/202502/khoang-18600-luot-khach-vieng-lang-ong-nhung-ngay-dau-xuan-at-ty-2025-e34339a/"",""Vĩnh Long"",""Bằng chứng corpus 2025; match=direct_title; confidence=high"",""4"",""2025-02-03"",""Ông Lê Hoàng Khải- Trưởng Ban Di tích Lăng Ông Tiền quân Thống chế Điều bát Nguyễn Văn Tồn (khóm Giồng Thanh Bạch, thị trấn Trà Ôn, huyện"
https://baovinhlong.com.vn/xa-hoi/du-lich/202502/ky-vong-nang-tamdi-san-lang-nghegach-gom-do-0f23a4f/,docs/research/nghien_cuu_12_chieu_thu_muc_nguon_mo_rong.csv,179,research_corpus,"""BVL-178"",""2"",""Báo chí/corpus địa phương"",""Bài báo corpus"",""Kỳ vọng nâng tầm di sản làng nghề gạch gốm đỏ"",""Báo Vĩnh Long"",""https://baovinhlong.com.vn/xa-hoi/du-lich/202502/ky-vong-nang-tamdi-san-lang-nghegach-gom-do-0f23a4f/"",""Vĩnh Long"",""Bằng chứng corpus 2025; match=tourism_category; confidence=high"",""4"",""2025-02-03"",""Festival Gạch gốm đỏ - Kinh tế xanh tỉnh Vĩnh Long lần I năm 2024 (gọi tắt là festival), được xem là sự kiện văn hóa lớn nhất trong năm vừa qua và được đánh giá là đã thành công"
https://baovinhlong.com.vn/video/202502/vinh-long-thu-hut-dong-dao-khach-du-lich-dip-tet-84405f6/,docs/research/nghien_cuu_12_chieu_thu_muc_nguon_mo_rong.csv,180,research_corpus,"""BVL-179"",""2"",""Báo chí/corpus địa phương"",""Bài báo corpus"",""Vĩnh Long thu hút đông đảo khách du lịch dịp Tết"",""Báo Vĩnh Long"",""https://baovinhlong.com.vn/video/202502/vinh-long-thu-hut-dong-dao-khach-du-lich-dip-tet-84405f6/"",""Vĩnh Long"",""Bằng chứng corpus 2025; match=direct_title; confidence=high"",""4"",""2025-02-03"",""Theo Sở Văn hóa, Thể thao và Du lịch Vĩnh Long, từ ngày 27/1 đến 2/2 (tức từ ngày 28 tháng Chạp đến mùng 5 tháng Giêng), Vĩnh Long đã đón khoảng 75.000 lượt khách, trong đó khách quố"
https://baovinhlong.com.vn/xa-hoi/du-lich/202502/vinh-long-don-75000-luot-du-khach-trong-dip-tet-at-ty-d7a2174/,docs/research/nghien_cuu_12_chieu_thu_muc_nguon_mo_rong.csv,181,research_corpus,"""BVL-180"",""2"",""Báo chí/corpus địa phương"",""Bài báo corpus"",""Vĩnh Long đón 75.000 lượt du khách trong dịp Tết Ất Tỵ"",""Báo Vĩnh Long"",""https://baovinhlong.com.vn/xa-hoi/du-lich/202502/vinh-long-don-75000-luot-du-khach-trong-dip-tet-at-ty-d7a2174/"",""Vĩnh Long"",""Bằng chứng corpus 2025; match=tourism_category; confidence=high"",""4"",""2025-02-02"",""Trong dịp Tết Ất Tỵ, từ ngày 28 Tết đến mùng 5 Tết, Vĩnh Long đã đón khoảng 75.000 lượt khách đến tham quan, trải nghiệm các hoạt động du xuân và khám phá các"
https://baovinhlong.com.vn/van-hoa-giai-tri/202502/22-doi-thi-lam-banh-dan-gian-tai-le-hoi-lang-ong-tra-on-10f34b2/,docs/research/nghien_cuu_12_chieu_thu_muc_nguon_mo_rong.csv,182,research_corpus,"""BVL-181"",""2"",""Báo chí/corpus địa phương"",""Bài báo corpus"",""22 đội thi “Làm bánh dân gian” tại Lễ hội Lăng ông Trà Ôn"",""Báo Vĩnh Long"",""https://baovinhlong.com.vn/van-hoa-giai-tri/202502/22-doi-thi-lam-banh-dan-gian-tai-le-hoi-lang-ong-tra-on-10f34b2/"",""Vĩnh Long"",""Bằng chứng corpus 2025; match=destination_event; confidence=medium"",""4"",""2025-02-01"",""Sáng ngày 1/2 (nhằm mùng 4 Tết Nguyên đán Ất Tỵ 2025), tại Lễ hội Lăng ông Trà Ôn – kỷ niệm 205 năm ngày mất của Tiền quân Thống chế Điều bát Nguyễn"
https://baovinhlong.com.vn/multimedia/202502/dac-sac-le-hoi-lang-ong-tien-quan-thong-che-dieu-bat-1dc30aa/,docs/research/nghien_cuu_12_chieu_thu_muc_nguon_mo_rong.csv,183,research_corpus,"""BVL-182"",""2"",""Báo chí/corpus địa phương"",""Bài báo corpus"",""Đặc sắc lễ hội Lăng ông Tiền quân Thống chế Điều bát"",""Báo Vĩnh Long"",""https://baovinhlong.com.vn/multimedia/202502/dac-sac-le-hoi-lang-ong-tien-quan-thong-che-dieu-bat-1dc30aa/"",""Vĩnh Long"",""Bằng chứng corpus 2025; match=destination_event; confidence=medium"",""4"",""2025-02-01"",""Trong 2 ngày mùng 3 và 4 Tết, người dân thập phương nô nức về dự lễ hội Lăng Ông Tiền quân Thống chế Điều bát Nguyễn Văn Tồn (khóm Giồng Thanh Bạch, thị trấn Trà "
https://baovinhlong.com.vn/video/202502/du-xuan-vui-le-hoi-lang-ong-bc94638/,docs/research/nghien_cuu_12_chieu_thu_muc_nguon_mo_rong.csv,184,research_corpus,"""BVL-183"",""2"",""Báo chí/corpus địa phương"",""Bài báo corpus"",""Du Xuân vui lễ hội Lăng ông"",""Báo Vĩnh Long"",""https://baovinhlong.com.vn/video/202502/du-xuan-vui-le-hoi-lang-ong-bc94638/"",""Vĩnh Long"",""Bằng chứng corpus 2025; match=direct_title; confidence=high"",""4"",""2025-02-01"",""Hàng năm vào mùng 3, mùng 4 tháng Giêng âm lịch, du khách xa gần nô nức về dự lễ giỗ Tiền quân Thống chế Điều bát Nguyễn Văn Tồn (tại khóm Giồng Thanh Bạch, thị trấn Trà Ôn, huyện Trà Ôn). Tết Nguyên đán Ất Tỵ 2025 là lễ kỷ "
https://baovinhlong.com.vn/xa-hoi/du-lich/202501/long-ho-diem-nhan-rieng-tu-du-lich-dac-thudia-phuong-b7038f9/,docs/research/nghien_cuu_12_chieu_thu_muc_nguon_mo_rong.csv,185,research_corpus,"""BVL-184"",""2"",""Báo chí/corpus địa phương"",""Bài báo corpus"",""Long Hồ: Điểm nhấn riêng từ du lịch đặc thù địa phương"",""Báo Vĩnh Long"",""https://baovinhlong.com.vn/xa-hoi/du-lich/202501/long-ho-diem-nhan-rieng-tu-du-lich-dac-thudia-phuong-b7038f9/"",""Vĩnh Long; Trà Vinh"",""Bằng chứng corpus 2025; match=tourism_category; confidence=high"",""4"",""2025-01-31"",""Việc khai thác tài nguyên du lịch từ thế mạnh, tài nguyên địa phương thời gian qua đã giúp hoạt động du lịch của huyện Long Hồ ngày càng phát triển, "
https://baovinhlong.com.vn/kinh-te/202501/phat-trien-kinh-te-xanhgan-voi-bao-ton-phat-huygia-tri-van-hoa-33e22bc/,docs/research/nghien_cuu_12_chieu_thu_muc_nguon_mo_rong.csv,186,research_corpus,"""BVL-185"",""2"",""Báo chí/corpus địa phương"",""Bài báo corpus"",""Phát triển kinh tế xanh gắn với bảo tồn, phát huy giá trị văn hóa"",""Báo Vĩnh Long"",""https://baovinhlong.com.vn/kinh-te/202501/phat-trien-kinh-te-xanhgan-voi-bao-ton-phat-huygia-tri-van-hoa-33e22bc/"",""Vĩnh Long"",""Bằng chứng corpus 2025; match=direct_lead; confidence=high"",""4"",""2025-01-31"",""Tại sự kiện công bố Quy hoạch tỉnh Vĩnh Long thời kỳ 2021-2030, tầm nhìn đến năm 2050, vào tháng 3/2024, Thủ tướng Chính phủ Phạm Minh Chính đã lưu ý "
https://baovinhlong.com.vn/tin-moi/202501/chao-mung-doan-du-khach-quoc-te-dau-tien-den-vinh-long-dau-xuan-at-ty-2025-30c1adf/,docs/research/nghien_cuu_12_chieu_thu_muc_nguon_mo_rong.csv,187,research_corpus,"""BVL-186"",""2"",""Báo chí/corpus địa phương"",""Bài báo corpus"",""Chào mừng đoàn du khách quốc tế đầu tiên đến Vĩnh Long đầu Xuân Ất Tỵ 2025"",""Báo Vĩnh Long"",""https://baovinhlong.com.vn/tin-moi/202501/chao-mung-doan-du-khach-quoc-te-dau-tien-den-vinh-long-dau-xuan-at-ty-2025-30c1adf/"",""Vĩnh Long"",""Bằng chứng corpus 2025; match=direct_title; confidence=high"",""4"",""2025-01-29"",""Sáng ngày 29/01 (Mùng 1 Tết), tại Bến cảng hành khách Vĩnh Long, Sở Văn hóa -TT-DL tổ chức “Lễ đón đoàn khách du lịch quốc tế đầ"
https://baovinhlong.com.vn/tin-moi/202501/du-xuan-dau-nam-moi-0ba1bf7/,docs/research/nghien_cuu_12_chieu_thu_muc_nguon_mo_rong.csv,188,research_corpus,"""BVL-187"",""2"",""Báo chí/corpus địa phương"",""Bài báo corpus"",""Du xuân đầu năm mới"",""Báo Vĩnh Long"",""https://baovinhlong.com.vn/tin-moi/202501/du-xuan-dau-nam-moi-0ba1bf7/"",""Vĩnh Long"",""Bằng chứng corpus 2025; match=direct_title; confidence=high"",""4"",""2025-01-29"",""Ngày mùng 1 Tết Ất Tỵ năm 2025, tại TP Vĩnh Long, nhiều tuyến đường phố được trang hoàng rực rỡ sắc màu Xuân. Nhiều khu check-in được trang trí tỉ mỉ, thu hút lượng lớn người dân về du xuân và chụp ảnh."""
https://baovinhlong.com.vn/multimedia/202501/xum-xinh-ao-quan-di-chup-anh-tet-tai-la-con-duong-gom-va-dai-nhat-viet-nam-a9a1fea/,docs/research/nghien_cuu_12_chieu_thu_muc_nguon_mo_rong.csv,189,research_corpus,"""BVL-188"",""2"",""Báo chí/corpus địa phương"",""Bài báo corpus"",""Xúm xính áo quần đi chụp ảnh Tết tại là “Con đường gốm và dài nhất Việt Nam”"",""Báo Vĩnh Long"",""https://baovinhlong.com.vn/multimedia/202501/xum-xinh-ao-quan-di-chup-anh-tet-tai-la-con-duong-gom-va-dai-nhat-viet-nam-a9a1fea/"",""Vĩnh Long"",""Bằng chứng corpus 2025; match=destination_event; confidence=medium"",""4"",""2025-01-28"",""Tại TP Vĩnh Long, không khí xuân đang tràn ngập khắp mọi nơi. Các con đường cờ hoa rực rỡ, nhiều hàng quán, nhà ngườ"
https://baovinhlong.com.vn/video/202501/xuan-ve-ron-rang-tai-cac-diem-kinh-doanh-dich-vu-du-lich-c861ca4/,docs/research/nghien_cuu_12_chieu_thu_muc_nguon_mo_rong.csv,190,research_corpus,"""BVL-189"",""2"",""Báo chí/corpus địa phương"",""Bài báo corpus"",""Xuân về rộn ràng tại các điểm kinh doanh dịch vụ du lịch"",""Báo Vĩnh Long"",""https://baovinhlong.com.vn/video/202501/xuan-ve-ron-rang-tai-cac-diem-kinh-doanh-dich-vu-du-lich-c861ca4/"",""Vĩnh Long"",""Bằng chứng corpus 2025; match=direct_title; confidence=high"",""4"",""2025-01-27"",""Chuẩn bị đón khách du lịch du xuân dịp Tết Nguyên đán các cơ sở kinh doanh dịch vụ du lịch trên địa bàn tỉnh Vĩnh Long đã hoàn tất việc chuẩn bị cơ sở vật chất, nhân "
https://baovinhlong.com.vn/nhip-song-dong-bang/202501/mien-tay-vao-mua-hoa-dep-nhat-ky3ve-lang-mai-vang-bac-ty-phuoc-dinh-dc25e73/,docs/research/nghien_cuu_12_chieu_thu_muc_nguon_mo_rong.csv,191,research_corpus,"""BVL-190"",""2"",""Báo chí/corpus địa phương"",""Bài báo corpus"",""Kỳ 3: Về làng mai vàng “bạc tỷ” Phước Định"",""Báo Vĩnh Long"",""https://baovinhlong.com.vn/nhip-song-dong-bang/202501/mien-tay-vao-mua-hoa-dep-nhat-ky3ve-lang-mai-vang-bac-ty-phuoc-dinh-dc25e73/"",""Vĩnh Long"",""Bằng chứng corpus 2025; match=direct_lead; confidence=high"",""4"",""2025-01-22"",""Cùng với các làng hoa kiểng khác của miền Tây, Làng mai vàng Phước Định (xã Bình Hòa Phước, huyện Long Hồ, Vĩnh Long) ghi danh vào “bản đồ” những làng hoa k"
https://baovinhlong.com.vn/tin-moi/202501/xay-dung-va-phat-triensan-pham-du-lich-dac-thu-c140778/,docs/research/nghien_cuu_12_chieu_thu_muc_nguon_mo_rong.csv,192,research_corpus,"""BVL-191"",""2"",""Báo chí/corpus địa phương"",""Bài báo corpus"",""Xây dựng và phát triển sản phẩm du lịch đặc thù"",""Báo Vĩnh Long"",""https://baovinhlong.com.vn/tin-moi/202501/xay-dung-va-phat-triensan-pham-du-lich-dac-thu-c140778/"",""Vĩnh Long"",""Bằng chứng corpus 2025; match=direct_title; confidence=high"",""4"",""2025-01-14"",""Vĩnh Long tiếp tục phát huy thế mạnh các sản phẩm hiện có, các sản phẩm thế mạnh truyền thống; bên cạnh định hướng, xây dựng những tour tuyến mới, những tiềm năng trở thành những sản "
https://baovinhlong.com.vn/xa-hoi/du-lich/202501/to-chuc-lai-khong-gian-phat-trien-du-lich-ky-cuoixay-dung-dong-san-pham-di-san-van-hoa-lang-nghe-b206409/,docs/research/nghien_cuu_12_chieu_thu_muc_nguon_mo_rong.csv,193,research_corpus,"""BVL-192"",""2"",""Báo chí/corpus địa phương"",""Bài báo corpus"",""Kỳ cuối: Xây dựng dòng sản phẩm di sản văn hóa, làng nghề"",""Báo Vĩnh Long"",""https://baovinhlong.com.vn/xa-hoi/du-lich/202501/to-chuc-lai-khong-gian-phat-trien-du-lich-ky-cuoixay-dung-dong-san-pham-di-san-van-hoa-lang-nghe-b206409/"",""Vĩnh Long"",""Bằng chứng corpus 2025; match=tourism_category; confidence=high"",""4"",""2025-01-08"",""Nhìn lại sau 2 năm cơ cấu ngành du lịch (DL) tỉnh Vĩnh Long đã đạt được những thành quả nhất định. Trong đó, nhữ"
https://baovinhlong.com.vn/thoi-su/202501/ban-hanh-23-danh-muc-dich-vu-su-nghiep-cong-su-dung-ngan-sach-nha-nuoc-linh-vuc-van-hoa-gia-dinh-va-du-lich-aa862cd/,docs/research/nghien_cuu_12_chieu_thu_muc_nguon_mo_rong.csv,194,research_corpus,"""BVL-193"",""2"",""Báo chí/corpus địa phương"",""Bài báo corpus"",""Trình ban hành 23 danh mục dịch vụ sự nghiệp công sử dụng ngân sách nhà nước lĩnh vực văn hóa, gia đình và du lịch"",""Báo Vĩnh Long"",""https://baovinhlong.com.vn/thoi-su/202501/ban-hanh-23-danh-muc-dich-vu-su-nghiep-cong-su-dung-ngan-sach-nha-nuoc-linh-vuc-van-hoa-gia-dinh-va-du-lich-aa862cd/"",""Vĩnh Long"",""Bằng chứng corpus 2025; match=direct_title; confidence=high"",""4"",""2025-01-08"",""UBND tỉnh trình HĐND tỉnh ban hành nghị quyết về “Ban h"
https://baovinhlong.com.vn/xa-hoi/du-lich/202501/to-chuc-lai-khong-gian-phat-trien-du-lich-939670e/,docs/research/nghien_cuu_12_chieu_thu_muc_nguon_mo_rong.csv,195,research_corpus,"""BVL-194"",""2"",""Báo chí/corpus địa phương"",""Bài báo corpus"",""Tổ chức lại không gian phát triển du lịch"",""Báo Vĩnh Long"",""https://baovinhlong.com.vn/xa-hoi/du-lich/202501/to-chuc-lai-khong-gian-phat-trien-du-lich-939670e/"",""Vĩnh Long"",""Bằng chứng corpus 2025; match=tourism_category; confidence=high"",""4"",""2025-01-07"",""Ngày 16/8/2022, UBND tỉnh Vĩnh Long đã ban hành Quyết định số 1657/QĐ-UBND phê duyệt Đề án cơ cấu lại ngành du lịch (DL) tỉnh Vĩnh Long đáp ứng yêu cầu phát triển thành ngành kinh tế "
https://vinhlong.gov.vn/du-khach/%C4%91iem-du-lich,docs/research/nghien_cuu_12_chieu_thu_muc_nguon_mo_rong.csv,196,research_corpus,"""SIX-001"",""1"",""Nguồn chính thống"",""Cổng tỉnh"",""Cổng thông tin Vĩnh Long - Điểm du lịch"",""UBND tỉnh Vĩnh Long"",""https://vinhlong.gov.vn/du-khach/%C4%91iem-du-lich"",""Vĩnh Long; Bến Tre"",""Xác minh Cù lao An Bình, Văn Thánh Miếu, các điểm du lịch và một số điểm Bến Tre sau sắp xếp"",""5"","""","""""
https://vinhlong.gov.vn/du-khach/le-hoi-truyen-thong,docs/research/nghien_cuu_12_chieu_thu_muc_nguon_mo_rong.csv,197,research_corpus,"""SIX-002"",""1"",""Nguồn chính thống"",""Cổng tỉnh"",""Cổng thông tin Vĩnh Long - Lễ hội truyền thống"",""UBND tỉnh Vĩnh Long"",""https://vinhlong.gov.vn/du-khach/le-hoi-truyen-thong"",""Vĩnh Long"",""Cơ sở nghi lễ Kỳ Yên, miếu Ông/Bà/Cô Hồn, logic lễ hội làng Nam Bộ"",""5"","""","""""
https://vinhlong.gov.vn/du-khach/di-tich-lich-su,docs/research/nghien_cuu_12_chieu_thu_muc_nguon_mo_rong.csv,198,research_corpus,"""SIX-003"",""1"",""Nguồn chính thống"",""Cổng tỉnh"",""Cổng thông tin Vĩnh Long - Di tích lịch sử"",""UBND tỉnh Vĩnh Long"",""https://vinhlong.gov.vn/du-khach/di-tich-lich-su"",""Vĩnh Long; Bến Tre"",""Đối chiếu di tích, đình, Văn Thánh Miếu, Bia Trương Vĩnh Ký/Cái Mơn"",""5"","""","""""
https://vinhlong.gov.vn/LinkClick.aspx?fileticket=6imoU-cmqnY%3D&mid=10814&portalid=0&tabid=63,docs/research/nghien_cuu_12_chieu_thu_muc_nguon_mo_rong.csv,199,research_corpus,"""SIX-004"",""1"",""Nguồn chính thống"",""PDF địa phương"",""Lăng Ông Tiền quân Thống chế Điều bát Nguyễn Văn Tồn"",""UBND tỉnh Vĩnh Long"",""https://vinhlong.gov.vn/LinkClick.aspx?fileticket=6imoU-cmqnY%3D&mid=10814&portalid=0&tabid=63"",""Vĩnh Long"",""Hồ sơ văn hóa Lăng Ông Trà Ôn, lễ hội đầu năm, giao thoa Việt-Hoa-Khmer"",""5"","""","""""
https://vinhlong.gov.vn/LinkClick.aspx?fileticket=xVhEJJDndl0%3D&mid=10814&portalid=0&tabid=63,docs/research/nghien_cuu_12_chieu_thu_muc_nguon_mo_rong.csv,200,research_corpus,"""SIX-005"",""1"",""Nguồn chính thống"",""PDF địa phương"",""Bảo tàng Dừa sáp Trà Vinh"",""UBND tỉnh Vĩnh Long"",""https://vinhlong.gov.vn/LinkClick.aspx?fileticket=xVhEJJDndl0%3D&mid=10814&portalid=0&tabid=63"",""Trà Vinh"",""Hồ sơ dừa sáp Cầu Kè/Tam Ngãi, câu chuyện sản vật và bảo tàng"",""5"","""","""""
https://vietnamtourism.gov.vn/post/60328,docs/research/nghien_cuu_12_chieu_thu_muc_nguon_mo_rong.csv,201,research_corpus,"""SIX-006"",""1"",""Nguồn chính thống"",""Cục Du lịch"",""Cục Du lịch Quốc gia - Ao Bà Om"",""Cục Du lịch Quốc gia Việt Nam"",""https://vietnamtourism.gov.vn/post/60328"",""Trà Vinh"",""Đối chiếu cụm Ao Bà Om, Chùa Âng, Bảo tàng Khmer"",""5"","""","""""
https://vietnamtourism.gov.vn/post/38054,docs/research/nghien_cuu_12_chieu_thu_muc_nguon_mo_rong.csv,202,research_corpus,"""SIX-007"",""1"",""Nguồn chính thống"",""Cục Du lịch"",""Cục Du lịch Quốc gia - Biển Ba Động"",""Cục Du lịch Quốc gia Việt Nam"",""https://vietnamtourism.gov.vn/post/38054"",""Trà Vinh"",""Đối chiếu tài nguyên biển Ba Động"",""5"","""","""""
https://vietnamtourism.gov.vn/post/15419,docs/research/nghien_cuu_12_chieu_thu_muc_nguon_mo_rong.csv,203,research_corpus,"""SIX-008"",""1"",""Nguồn chính thống"",""Cục Du lịch"",""Cục Du lịch Quốc gia - Ok Om Bok"",""Cục Du lịch Quốc gia Việt Nam"",""https://vietnamtourism.gov.vn/post/15419"",""Trà Vinh"",""Đối chiếu lễ hội cúng Trăng/Ok Om Bok"",""5"","""","""""
https://vietnamtourism.vn/index.php/tourism/items/1655,docs/research/nghien_cuu_12_chieu_thu_muc_nguon_mo_rong.csv,204,research_corpus,"""SIX-009"",""1"",""Nguồn chính thống"",""Cục Du lịch"",""Cục Du lịch Quốc gia - Cồn Phụng"",""Cục Du lịch Quốc gia Việt Nam"",""https://vietnamtourism.vn/index.php/tourism/items/1655"",""Bến Tre"",""Đối chiếu vị trí, diện tích, trải nghiệm Cồn Phụng/Đạo Dừa"",""5"","""","""""
https://vietnamtourism.gov.vn/post/36604,docs/research/nghien_cuu_12_chieu_thu_muc_nguon_mo_rong.csv,205,research_corpus,"""SIX-010"",""1"",""Nguồn chính thống"",""Cục Du lịch"",""Cục Du lịch Quốc gia - Cồn Phụng, vùng đất xứ Dừa"",""Cục Du lịch Quốc gia Việt Nam"",""https://vietnamtourism.gov.vn/post/36604"",""Bến Tre"",""Đối chiếu hình ảnh truyền thông xứ Dừa/Cồn Phụng"",""5"","""","""""
https://vietnamtourism.gov.vn/post/45347,docs/research/nghien_cuu_12_chieu_thu_muc_nguon_mo_rong.csv,206,research_corpus,"""SIX-011"",""1"",""Nguồn chính thống"",""Cục Du lịch"",""Cục Du lịch Quốc gia - Chợ Lách phát triển du lịch"",""Cục Du lịch Quốc gia Việt Nam"",""https://vietnamtourism.gov.vn/post/45347"",""Bến Tre"",""Đối chiếu làng hoa, cây giống, Chợ Lách"",""5"","""","""""
https://dsvh.gov.vn/nghe-thuat-ro-bam-cua-nguoi-khmer-o-soc-trang-3123,docs/research/nghien_cuu_12_chieu_thu_muc_nguon_mo_rong.csv,207,research_corpus,"""SIX-012"",""1"",""Nguồn chính thống"",""Cục Di sản"",""Nghệ thuật Rô-băm của người Khmer ở Sóc Trăng/Trà Vinh"",""Cục Di sản văn hóa"",""https://dsvh.gov.vn/nghe-thuat-ro-bam-cua-nguoi-khmer-o-soc-trang-3123"",""Trà Vinh; Nam Bộ"",""Bổ sung lớp diễn xướng Khmer và nguồn gốc Rô-băm"",""5"","""","""""
https://www.vietnamplus.vn/mang-thit-tu-lang-nghe-tram-nam-toi-diem-den-du-lich-doc-dao-post1100389.vnp,docs/research/nghien_cuu_12_chieu_thu_muc_nguon_mo_rong.csv,209,research_corpus,"""SIX-014"",""2"",""Báo chí"",""TTXVN/VietnamPlus"",""Mang Thít - từ làng nghề trăm năm tới điểm đến du lịch độc đáo"",""VietnamPlus/TTXVN"",""https://www.vietnamplus.vn/mang-thit-tu-lang-nghe-tram-nam-toi-diem-den-du-lich-doc-dao-post1100389.vnp"",""Vĩnh Long"",""Bổ sung góc nhìn báo chí trung ương về Mang Thít"",""4"","""","""""
https://www.vietnamplus.vn/vinh-long-kham-pha-vuong-quoc-do-voi-nhung-san-pham-gom-doc-dao-post874194.vnp,docs/research/nghien_cuu_12_chieu_thu_muc_nguon_mo_rong.csv,210,research_corpus,"""SIX-015"",""2"",""Báo chí"",""TTXVN/VietnamPlus"",""Khám phá “Vương quốc đỏ” với những sản phẩm gốm độc đáo"",""VietnamPlus/TTXVN"",""https://www.vietnamplus.vn/vinh-long-kham-pha-vuong-quoc-do-voi-nhung-san-pham-gom-doc-dao-post874194.vnp"",""Vĩnh Long"",""Bổ sung dữ kiện hình ảnh và mô tả vương quốc lò gốm"",""4"","""","""""
https://vov.vn/du-lich/lo-gach-mang-thit-vuong-quoc-gach-gom-hoi-sinh-thanh-diem-du-lich-hap-dan-post1228814.vov,docs/research/nghien_cuu_12_chieu_thu_muc_nguon_mo_rong.csv,211,research_corpus,"""SIX-016"",""2"",""Báo chí"",""VOV"",""Lò gạch Mang Thít hồi sinh thành điểm du lịch hấp dẫn"",""VOV"",""https://vov.vn/du-lich/lo-gach-mang-thit-vuong-quoc-gach-gom-hoi-sinh-thanh-diem-du-lich-hap-dan-post1228814.vov"",""Vĩnh Long"",""Bổ sung quy hoạch/diện tích và thông điệp hồi sinh di sản"",""4"","""","""""
https://www.vietnamplus.vn/tra-vinh-dac-sac-dem-le-hoi-ok-om-bok-cua-dong-bao-khmer-post993712.vnp,docs/research/nghien_cuu_12_chieu_thu_muc_nguon_mo_rong.csv,212,research_corpus,"""SIX-017"",""2"",""Báo chí"",""TTXVN/VietnamPlus"",""Đặc sắc đêm lễ hội Ok Om Bok của đồng bào Khmer"",""VietnamPlus/TTXVN"",""https://www.vietnamplus.vn/tra-vinh-dac-sac-dem-le-hoi-ok-om-bok-cua-dong-bao-khmer-post993712.vnp"",""Trà Vinh"",""Bổ sung cách lễ hội được tổ chức cùng tuần lễ văn hóa-du lịch"",""4"","""","""""
https://www.vietnamplus.vn/tra-vinh-soc-trang-to-chuc-nhieu-hoat-dong-hap-dan-dip-le-hoi-ok-om-bok-post908976.vnp,docs/research/nghien_cuu_12_chieu_thu_muc_nguon_mo_rong.csv,213,research_corpus,"""SIX-018"",""2"",""Báo chí"",""TTXVN/VietnamPlus"",""Trà Vinh, Sóc Trăng tổ chức nhiều hoạt động dịp Ok Om Bok"",""VietnamPlus/TTXVN"",""https://www.vietnamplus.vn/tra-vinh-soc-trang-to-chuc-nhieu-hoat-dong-hap-dan-dip-le-hoi-ok-om-bok-post908976.vnp"",""Trà Vinh"",""Bổ sung quy mô liên vùng và vai trò quảng bá văn hóa Khmer"",""4"","""","""""
https://www.vietnamplus.vn/mot-so-dia-diem-du-lich-ban-nen-check-in-khi-den-tra-vinh-post869643.vnp,docs/research/nghien_cuu_12_chieu_thu_muc_nguon_mo_rong.csv,214,research_corpus,"""SIX-019"",""2"",""Báo chí"",""TTXVN/VietnamPlus"",""Một số địa điểm du lịch nên check-in khi đến Trà Vinh"",""VietnamPlus/TTXVN"",""https://www.vietnamplus.vn/mot-so-dia-diem-du-lich-ban-nen-check-in-khi-den-tra-vinh-post869643.vnp"",""Trà Vinh"",""Bổ sung danh mục Ao Bà Om, Chùa Âng, Bảo tàng Khmer và lễ hội"",""4"","""","""""
https://www.vietnamplus.vn/du-lich-ben-tre-nhieu-tin-hieu-tich-cuc-trong-nua-dau-nam-2024-post964743.vnp,docs/research/nghien_cuu_12_chieu_thu_muc_nguon_mo_rong.csv,215,research_corpus,"""SIX-020"",""2"",""Báo chí"",""TTXVN/VietnamPlus"",""Du lịch Bến Tre: nhiều tín hiệu tích cực"",""VietnamPlus/TTXVN"",""https://www.vietnamplus.vn/du-lich-ben-tre-nhieu-tin-hieu-tich-cuc-trong-nua-dau-nam-2024-post964743.vnp"",""Bến Tre"",""Bổ sung trải nghiệm famtrip, kẹo dừa, dệt chiếu, Chợ Lách"",""4"","""","""""
https://www.vietnamplus.vn/ben-tre-thu-hut-du-khach-den-voi-vung-dat-4-mua-sung-tuc-dat-lanh-chim-dau-post965002.vnp,docs/research/nghien_cuu_12_chieu_thu_muc_nguon_mo_rong.csv,216,research_corpus,"""SIX-021"",""2"",""Báo chí"",""TTXVN/VietnamPlus"",""Bến Tre thu hút du khách đến vùng đất bốn mùa sung túc"",""VietnamPlus/TTXVN"",""https://www.vietnamplus.vn/ben-tre-thu-hut-du-khach-den-voi-vung-dat-4-mua-sung-tuc-dat-lanh-chim-dau-post965002.vnp"",""Bến Tre"",""Bổ sung Làng Văn hóa Du lịch Chợ Lách, diện tích, nghề hoa kiểng"",""4"","""","""""
https://nld.com.vn/clip-can-canh-ao-ba-om-diem-den-du-lich-ky-thu-o-mien-tay-196250119172953911.htm,docs/research/nghien_cuu_12_chieu_thu_muc_nguon_mo_rong.csv,217,research_corpus,"""SIX-022"",""2"",""Báo chí"",""NLĐ"",""Ao Bà Om - điểm đến kỳ thú ở miền Tây"",""Người Lao Động"",""https://nld.com.vn/clip-can-canh-ao-ba-om-diem-den-du-lich-ky-thu-o-mien-tay-196250119172953911.htm"",""Trà Vinh"",""Bổ sung truyền thuyết Ao Bà Om và giá trị quần thể"",""3"","""","""""
https://nld.com.vn/clip-chiem-nguong-ve-dep-cua-gach-gom-do-vinh-long-196241116151420565.htm,docs/research/nghien_cuu_12_chieu_thu_muc_nguon_mo_rong.csv,218,research_corpus,"""SIX-023"",""2"",""Báo chí"",""NLĐ"",""Chiêm ngưỡng vẻ đẹp gạch, gốm đỏ Vĩnh Long"",""Người Lao Động"",""https://nld.com.vn/clip-chiem-nguong-ve-dep-cua-gach-gom-do-vinh-long-196241116151420565.htm"",""Vĩnh Long"",""Bổ sung tư liệu video/báo chí về Festival gạch gốm đỏ"",""3"","""","""""
https://ojs.tapchicongthuong.vn/vi/ojs-post/le-hoi-ok-om-bok-cua-nguoi-khmer--tinh-tra-vinh--trong-phat-trien-du-lich-72737.htm,docs/research/nghien_cuu_12_chieu_thu_muc_nguon_mo_rong.csv,219,research_corpus,"""SIX-024"",""3"",""Học thuật - văn hóa"",""Tạp chí khoa học"",""Lễ hội Ok Om Bok của người Khmer Trà Vinh trong phát triển du lịch"",""Tạp chí Công Thương / CTU"",""https://ojs.tapchicongthuong.vn/vi/ojs-post/le-hoi-ok-om-bok-cua-nguoi-khmer--tinh-tra-vinh--trong-phat-trien-du-lich-72737.htm"",""Trà Vinh"",""Nền học thuật cho khai thác lễ hội Ok Om Bok"",""4"","""","""""
https://tapchicongthuong.vn/du-lich-va-cong-tac-bao-ton-di-san-van-hoa-khmer-nam-bo-tai-tra-vinh-bai-hoc-kinh-nghiem-tu-cac-quoc-gia-76425.htm,docs/research/nghien_cuu_12_chieu_thu_muc_nguon_mo_rong.csv,220,research_corpus,"""SIX-025"",""3"",""Học thuật - văn hóa"",""Tạp chí khoa học"",""Du lịch và bảo tồn di sản văn hóa Khmer Nam Bộ tại Trà Vinh"",""Tạp chí Công Thương"",""https://tapchicongthuong.vn/du-lich-va-cong-tac-bao-ton-di-san-van-hoa-khmer-nam-bo-tai-tra-vinh-bai-hoc-kinh-nghiem-tu-cac-quoc-gia-76425.htm"",""Trà Vinh"",""Khung bảo tồn và combo sản phẩm văn hóa Khmer"",""4"","""","""""
https://tapchicongthuong.vn/giai-phap-phat-trien-du-lich-trai-nghiem-tai-cu-lao-an-binh--tinh-vinh-long-89488.htm,docs/research/nghien_cuu_12_chieu_thu_muc_nguon_mo_rong.csv,221,research_corpus,"""SIX-026"",""3"",""Học thuật - văn hóa"",""Tạp chí khoa học"",""Giải pháp phát triển du lịch trải nghiệm tại Cù lao An Bình"",""Tạp chí Công Thương"",""https://tapchicongthuong.vn/giai-phap-phat-trien-du-lich-trai-nghiem-tai-cu-lao-an-binh--tinh-vinh-long-89488.htm"",""Vĩnh Long"",""Nền học thuật cho du lịch trải nghiệm An Bình"",""4"","""","""""
https://journal.hcmue.edu.vn/index.php/hcmuejos/article/view/3250,docs/research/nghien_cuu_12_chieu_thu_muc_nguon_mo_rong.csv,222,research_corpus,"""SIX-027"",""3"",""Học thuật - văn hóa"",""Tạp chí khoa học"",""Các nhân tố ảnh hưởng đến du lịch sinh thái tại Cù lao An Bình"",""Tạp chí Khoa học ĐH Sư phạm TP.HCM"",""https://journal.hcmue.edu.vn/index.php/hcmuejos/article/view/3250"",""Vĩnh Long"",""Cơ sở phân tích yếu tố phát triển sinh thái An Bình"",""4"","""","""""
https://www.researchgate.net/publication/395950672_Lang_nghe_gach_gom_Mang_Thit_tu_Di_san_Van_hoa_den_San_pham_Du_lich_dac_thu,docs/research/nghien_cuu_12_chieu_thu_muc_nguon_mo_rong.csv,223,research_corpus,"""SIX-028"",""3"",""Học thuật - văn hóa"",""Bài khoa học"",""Làng nghề gạch, gốm Mang Thít: từ di sản văn hóa đến sản phẩm du lịch đặc thù"",""Journal of Science and Technology / ResearchGate record"",""https://www.researchgate.net/publication/395950672_Lang_nghe_gach_gom_Mang_Thit_tu_Di_san_Van_hoa_den_San_pham_Du_lich_dac_thu"",""Vĩnh Long"",""Khung bảo tồn-cộng đồng-sáng tạo sản phẩm cho Mang Thít"",""3"","""","""""
https://tapchicongthuong.vn/xay-dung-san-pham-du-lich-tinh-vinh-long-voi-de-an-di-san-duong-dai-huyen-mang-thit-126977.htm,docs/research/nghien_cuu_12_chieu_thu_muc_nguon_mo_rong.csv,224,research_corpus,"""SIX-029"",""3"",""Học thuật - văn hóa"",""Tạp chí"",""Xây dựng sản phẩm du lịch Vĩnh Long với Đề án Di sản đương đại Mang Thít"",""Tạp chí Công Thương"",""https://tapchicongthuong.vn/xay-dung-san-pham-du-lich-tinh-vinh-long-voi-de-an-di-san-duong-dai-huyen-mang-thit-126977.htm"",""Vĩnh Long"",""Khung sản phẩm di sản đương đại Mang Thít"",""4"","""","""""
https://scholar.dlu.edu.vn/thuvienso/bitstream/DLU123456789/251727/1/CVv146S252020213.pdf,docs/research/nghien_cuu_12_chieu_thu_muc_nguon_mo_rong.csv,225,research_corpus,"""SIX-030"",""3"",""Học thuật - văn hóa"",""PDF học thuật"",""Văn hóa Khmer Nam Bộ tại Trà Vinh"",""Scholar DLU"",""https://scholar.dlu.edu.vn/thuvienso/bitstream/DLU123456789/251727/1/CVv146S252020213.pdf"",""Trà Vinh"",""Bổ sung nền văn hóa Khmer, Rô-băm, biểu diễn và du lịch"",""3"","""","""""
https://www.quanlynhanuoc.vn/2024/10/15/tang-cuong-quan-ly-nha-nuoc-doi-voi-le-hoi-truyen-thong-cua-nguoi-kmer-tren-dia-ban-tinh-tra-vinh/,docs/research/nghien_cuu_12_chieu_thu_muc_nguon_mo_rong.csv,226,research_corpus,"""SIX-031"",""3"",""Học thuật - văn hóa"",""Quản lý văn hóa"",""Quản lý lễ hội truyền thống của người Khmer tại Trà Vinh"",""Tạp chí Quản lý Nhà nước"",""https://www.quanlynhanuoc.vn/2024/10/15/tang-cuong-quan-ly-nha-nuoc-doi-voi-le-hoi-truyen-thong-cua-nguoi-kmer-tren-dia-ban-tinh-tra-vinh/"",""Trà Vinh"",""Bổ sung danh mục di sản Khmer và góc nhìn quản trị lễ hội"",""4"","""","""""
https://travel.com.vn/du-lich-cu-lao-an-binh,docs/research/nghien_cuu_12_chieu_thu_muc_nguon_mo_rong.csv,227,research_corpus,"""SIX-032"",""4"",""Thị trường du lịch"",""Doanh nghiệp lữ hành"",""Vietravel - Du lịch Cù lao An Bình"",""Vietravel"",""https://travel.com.vn/du-lich-cu-lao-an-binh"",""Vĩnh Long"",""Kiểm tra mức độ thị trường hóa An Bình; hiện trang có mô tả nhưng không thấy tour khả dụng"",""3"","""","""""
https://travel.com.vn/du-lich-con-phung,docs/research/nghien_cuu_12_chieu_thu_muc_nguon_mo_rong.csv,228,research_corpus,"""SIX-033"",""4"",""Thị trường du lịch"",""Doanh nghiệp lữ hành"",""Vietravel - Cồn Phụng/Bến Tre"",""Vietravel"",""https://travel.com.vn/du-lich-con-phung"",""Bến Tre"",""Kiểm tra thông điệp thị trường cho Cồn Phụng/xứ Dừa"",""3"","""","""""
https://travel.com.vn/chuong-trinh/sieu-sale-mien-tay-tien-giang-my-tho-cu-lao-thoi-son-ben-tre-con-phung-pid-13063,docs/research/nghien_cuu_12_chieu_thu_muc_nguon_mo_rong.csv,229,research_corpus,"""SIX-034"",""4"",""Thị trường du lịch"",""Doanh nghiệp lữ hành"",""Vietravel - Mỹ Tho, Thới Sơn, Cồn Phụng, Bến Tre"",""Vietravel"",""https://travel.com.vn/chuong-trinh/sieu-sale-mien-tay-tien-giang-my-tho-cu-lao-thoi-son-ben-tre-con-phung-pid-13063"",""Bến Tre; Tiền Giang"",""Xác minh sản phẩm ngày ngắn đã bán: sông nước, sinh thái, làng nghề, ESG"",""3"","""","""""
https://saigontourist.net/services/tour-1-ngay-ve-mien-dat-cu-lao-kham-pha-con-thoi-son-con-phung-3132,docs/research/nghien_cuu_12_chieu_thu_muc_nguon_mo_rong.csv,230,research_corpus,"""SIX-035"",""4"",""Thị trường du lịch"",""Doanh nghiệp lữ hành"",""Saigontourist - Tour Thới Sơn, Cồn Phụng"",""Saigontourist Travel"",""https://saigontourist.net/services/tour-1-ngay-ve-mien-dat-cu-lao-kham-pha-con-thoi-son-con-phung-3132"",""Bến Tre; Tiền Giang"",""Xác minh giá/bao gồm dịch vụ/xu hướng tour bán lẻ"",""4"","""","""""
https://www.saigontourist.net/tour/ben-tre-tra-vinh-vinh-long-dong-thap-tien-giang-2369,docs/research/nghien_cuu_12_chieu_thu_muc_nguon_mo_rong.csv,231,research_corpus,"""SIX-036"",""4"",""Thị trường du lịch"",""Doanh nghiệp lữ hành"",""Saigontourist - Bến Tre, Trà Vinh, Vĩnh Long, Đồng Tháp, Tiền Giang"",""Saigontourist Travel"",""https://www.saigontourist.net/tour/ben-tre-tra-vinh-vinh-long-dong-thap-tien-giang-2369"",""Bến Tre; Trà Vinh; Vĩnh Long"",""Xác minh tuyến liên vùng đã được đóng gói: dừa sáp, Ao Bà Om, Mang Thít"",""4"","""","""""
https://www.klook.com/en-US/destination/p50293803-c%E1%BB%93n-ph%E1%BB%A5ng/,docs/research/nghien_cuu_12_chieu_thu_muc_nguon_mo_rong.csv,232,research_corpus,"""SIX-037"",""4"",""Thị trường du lịch"",""OTA/đánh giá"",""Klook - Con Phung Island"",""Klook"",""https://www.klook.com/en-US/destination/p50293803-c%E1%BB%93n-ph%E1%BB%A5ng/"",""Bến Tre"",""Kiểm tra review quốc tế, coconut candy, trải nghiệm cộng đồng"",""2"","""","""""
https://www.klook.com/destination/p50293827-c%C3%B9-lao-th%E1%BB%9Bi-s%C6%A1n/,docs/research/nghien_cuu_12_chieu_thu_muc_nguon_mo_rong.csv,233,research_corpus,"""SIX-038"",""4"",""Thị trường du lịch"",""OTA/đánh giá"",""Klook - Mekong Delta and Coconut Village tour"",""Klook"",""https://www.klook.com/destination/p50293827-c%C3%B9-lao-th%E1%BB%9Bi-s%C6%A1n/"",""Bến Tre; Tiền Giang"",""Kiểm tra nhu cầu khách quốc tế với tour Mekong/coconut village"",""2"","""","""""
https://www.ivivu.com/blog/2022/07/tat-tan-tat-du-lich-ben-tre-tu-a-den-z/,docs/research/nghien_cuu_12_chieu_thu_muc_nguon_mo_rong.csv,234,research_corpus,"""SIX-039"",""4"",""Thị trường du lịch"",""Cẩm nang/OTA"",""iVIVU - Du lịch Bến Tre từ A đến Z"",""iVIVU"",""https://www.ivivu.com/blog/2022/07/tat-tan-tat-du-lich-ben-tre-tu-a-den-z/"",""Bến Tre"",""Đọc thị trường nội địa, danh mục Cồn Phụng, Chợ Lách, xứ Dừa"",""2"","""","""""
https://www.traveloka.com/vi-vn/explore/destination/khu-du-lich-con-phung/182943,docs/research/nghien_cuu_12_chieu_thu_muc_nguon_mo_rong.csv,235,research_corpus,"""SIX-040"",""4"",""Thị trường du lịch"",""Cẩm nang/OTA"",""Traveloka - Khu du lịch Cồn Phụng"",""Traveloka"",""https://www.traveloka.com/vi-vn/explore/destination/khu-du-lich-con-phung/182943"",""Bến Tre"",""Kiểm tra cách OTA kể trải nghiệm Cồn Phụng"",""2"","""","""""
https://dulichconphung.com/,docs/research/nghien_cuu_12_chieu_thu_muc_nguon_mo_rong.csv,236,research_corpus,"""SIX-041"",""4"",""Thị trường du lịch"",""Điểm bán địa phương"",""Du lịch Cồn Phụng"",""dulichconphung.com"",""https://dulichconphung.com/"",""Bến Tre"",""Kiểm tra gói trải nghiệm: xuồng, xe ngựa, kẹo dừa, trái cây, đờn ca tài tử"",""2"","""","""""
https://www.vietnamairlines.com/us/vi/plan-book/travel/travel-guide/bien-ba-dong,docs/research/nghien_cuu_12_chieu_thu_muc_nguon_mo_rong.csv,237,research_corpus,"""SIX-042"",""4"",""Thị trường du lịch"",""Hãng hàng không/cẩm nang"",""Vietnam Airlines - Biển Ba Động"",""Vietnam Airlines"",""https://www.vietnamairlines.com/us/vi/plan-book/travel/travel-guide/bien-ba-dong"",""Trà Vinh"",""Kiểm tra khả năng truyền thông thị trường với Biển Ba Động"",""3"","""","""""
https://nominatim.openstreetmap.org/,docs/research/nghien_cuu_12_chieu_thu_muc_nguon_mo_rong.csv,238,research_corpus,"""SIX-043"",""5"",""Bản đồ - không gian"",""Geocoding"",""Nominatim OpenStreetMap - 18 nút điểm đến"",""OpenStreetMap/Nominatim"",""https://nominatim.openstreetmap.org/"",""Liên vùng"",""Geocode điểm đến/lõi tuyến; một số điểm hiệu chỉnh thủ công"",""3"","""","""""
https://router.project-osrm.org/,docs/research/nghien_cuu_12_chieu_thu_muc_nguon_mo_rong.csv,239,research_corpus,"""SIX-044"",""5"",""Bản đồ - không gian"",""Routing"",""OSRM public route - 24 chặng đường bộ"",""OSRM / OpenStreetMap"",""https://router.project-osrm.org/"",""Liên vùng"",""Tính khoảng cách/thời gian lái xe tương đối giữa các nút"",""3"","""","""""
https://www.youtube.com/watch?v=5fI2E2fGOJ8,docs/research/nghien_cuu_12_chieu_thu_muc_nguon_mo_rong.csv,241,research_corpus,"""SIX-046"",""6"",""Hình ảnh - truyền thông số"",""YouTube/đài địa phương"",""Điểm đến văn hóa: Làng nghề gạch gốm đỏ Mang Thít"",""THVL / YouTube"",""https://www.youtube.com/watch?v=5fI2E2fGOJ8"",""Vĩnh Long"",""Đánh giá chất liệu video chính thống về Mang Thít"",""3"","""","""""
https://baovinhlong.com.vn/video/202410/sac-mau-vuong-quoc-gom-do-mang-thit-cf91009/,docs/research/nghien_cuu_12_chieu_thu_muc_nguon_mo_rong.csv,242,research_corpus,"""SIX-047"",""6"",""Hình ảnh - truyền thông số"",""Video Báo Vĩnh Long"",""Sắc màu “vương quốc gốm đỏ” Mang Thít"",""Báo Vĩnh Long"",""https://baovinhlong.com.vn/video/202410/sac-mau-vuong-quoc-gom-do-mang-thit-cf91009/"",""Vĩnh Long"",""Đánh giá tiềm năng thị giác của gốm đỏ"",""4"","""","""""
https://www.youtube.com/watch?v=sEYQeKGDqYo,docs/research/nghien_cuu_12_chieu_thu_muc_nguon_mo_rong.csv,243,research_corpus,"""SIX-048"",""6"",""Hình ảnh - truyền thông số"",""YouTube"",""Ao Bà Om - điểm đến du lịch nổi tiếng"",""YouTube"",""https://www.youtube.com/watch?v=sEYQeKGDqYo"",""Trà Vinh"",""Đánh giá chất liệu video Ao Bà Om"",""2"","""","""""
https://www.youtube.com/watch?v=U-Dsv1Mk6NI,docs/research/nghien_cuu_12_chieu_thu_muc_nguon_mo_rong.csv,244,research_corpus,"""SIX-049"",""6"",""Hình ảnh - truyền thông số"",""YouTube"",""Cung đường biển đẹp tại miền Tây - Ba Động"",""YouTube"",""https://www.youtube.com/watch?v=U-Dsv1Mk6NI"",""Trà Vinh"",""Đánh giá chất liệu video biển Ba Động/cung đường biển"",""2"","""","""""
https://www.youtube.com/watch?v=j2zbPJdOLzI,docs/research/nghien_cuu_12_chieu_thu_muc_nguon_mo_rong.csv,245,research_corpus,"""SIX-050"",""6"",""Hình ảnh - truyền thông số"",""YouTube"",""Thăm lại Cồn Phụng miền đất nghĩa tình"",""Đài PT-TH Bến Tre / YouTube"",""https://www.youtube.com/watch?v=j2zbPJdOLzI"",""Bến Tre"",""Đánh giá câu chuyện Cồn Phụng qua ký sự địa phương"",""3"","""","""""
https://www.youtube.com/channel/UCbDuC81d12USwDpUGeskFaA,docs/research/nghien_cuu_12_chieu_thu_muc_nguon_mo_rong.csv,246,research_corpus,"""SIX-051"",""6"",""Hình ảnh - truyền thông số"",""YouTube/kênh điểm đến"",""Cồn Phụng Tourist - kênh YouTube"",""Cồn Phụng Tourist"",""https://www.youtube.com/channel/UCbDuC81d12USwDpUGeskFaA"",""Bến Tre"",""Đánh giá năng lực tự truyền thông của điểm đến"",""2"","""","""""
https://www.facebook.com/anhdepTraVinh/videos/075-gio%CC%9B%CC%81i-thie%CC%A3%CC%82u-ve%CC%82%CC%80-ao-ba%CC%80-om/1559854331588300/,docs/research/nghien_cuu_12_chieu_thu_muc_nguon_mo_rong.csv,247,research_corpus,"""SIX-052"",""6"",""Hình ảnh - truyền thông số"",""Facebook/video địa phương"",""Ảnh đẹp Trà Vinh - Ao Bà Om/Ba Động"",""Ảnh đẹp Trà Vinh"",""https://www.facebook.com/anhdepTraVinh/videos/075-gio%CC%9B%CC%81i-thie%CC%A3%CC%82u-ve%CC%82%CC%80-ao-ba%CC%80-om/1559854331588300/"",""Trà Vinh"",""Đánh giá cộng đồng sáng tác/quảng bá hình ảnh địa phương"",""2"","""","""""
https://laodong.vn/video/ve-tham-vuong-quoc-gach-gom-do-hon-100-nam-tuoi-o-vinh-long-1423169.ldo,docs/research/nghien_cuu_12_chieu_thu_muc_nguon_mo_rong.csv,248,research_corpus,"""SIX-053"",""6"",""Hình ảnh - truyền thông số"",""Video báo chí"",""Về thăm vương quốc gạch gốm đỏ hơn 100 năm tuổi"",""Lao Động"",""https://laodong.vn/video/ve-tham-vuong-quoc-gach-gom-do-hon-100-nam-tuoi-o-vinh-long-1423169.ldo"",""Vĩnh Long"",""Bổ sung chất liệu video báo chí cho Mang Thít"",""3"","""","""""
https://vietnamtourism.gov.vn/,docs/research/nghien_cuu_12_chieu_thu_muc_nguon_mo_rong.csv,249,research_corpus,"""ADD-001"",""7"",""Cạnh tranh vùng"",""Cục Du lịch/điểm đến"",""Cần Thơ - chợ nổi, đô thị sông nước"",""Cục Du lịch/nguồn du lịch công khai"",""https://vietnamtourism.gov.vn/"",""Cần Thơ"",""Đối chiếu đối thủ: chợ nổi, đô thị sông nước, MICE"",""3"","""","""""
https://vietnamtourism.gov.vn/,docs/research/nghien_cuu_12_chieu_thu_muc_nguon_mo_rong.csv,250,research_corpus,"""ADD-002"",""7"",""Cạnh tranh vùng"",""Cục Du lịch/điểm đến"",""Đồng Tháp - sen, Sa Đéc, Tràm Chim"",""Cục Du lịch/nguồn du lịch công khai"",""https://vietnamtourism.gov.vn/"",""Đồng Tháp"",""Đối chiếu đối thủ: sinh thái đất ngập nước, hoa, văn học"",""3"","""","""""
https://vietnamtourism.gov.vn/,docs/research/nghien_cuu_12_chieu_thu_muc_nguon_mo_rong.csv,251,research_corpus,"""ADD-003"",""7"",""Cạnh tranh vùng"",""Cục Du lịch/điểm đến"",""An Giang - Núi Sam, Châu Đốc, du lịch tâm linh"",""Cục Du lịch/nguồn du lịch công khai"",""https://vietnamtourism.gov.vn/"",""An Giang"",""Đối chiếu đối thủ: tâm linh, núi, biên giới"",""3"","""","""""
https://vietnamtourism.gov.vn/,docs/research/nghien_cuu_12_chieu_thu_muc_nguon_mo_rong.csv,252,research_corpus,"""ADD-004"",""7"",""Cạnh tranh vùng"",""Cục Du lịch/điểm đến"",""Sóc Trăng - chùa Khmer và Ok Om Bok"",""Cục Du lịch/nguồn du lịch công khai"",""https://vietnamtourism.gov.vn/"",""Sóc Trăng"",""Đối chiếu cạnh tranh trực tiếp với Trà Vinh ở văn hóa Khmer"",""3"","""","""""
https://vietnamtourism.gov.vn/,docs/research/nghien_cuu_12_chieu_thu_muc_nguon_mo_rong.csv,253,research_corpus,"""ADD-005"",""7"",""Cạnh tranh vùng"",""Cục Du lịch/điểm đến"",""Cà Mau - Đất Mũi, rừng ngập mặn"",""Cục Du lịch/nguồn du lịch công khai"",""https://vietnamtourism.gov.vn/"",""Cà Mau"",""Đối chiếu đối thủ: cực Nam, rừng ngập mặn, sinh thái"",""3"","""","""""
https://vietnamtourism.gov.vn/,docs/research/nghien_cuu_12_chieu_thu_muc_nguon_mo_rong.csv,254,research_corpus,"""ADD-006"",""7"",""Cạnh tranh vùng"",""Cục Du lịch/điểm đến"",""Tiền Giang - Mỹ Tho, Thới Sơn, tour Mekong ngày"",""Cục Du lịch/nguồn du lịch công khai"",""https://vietnamtourism.gov.vn/"",""Tiền Giang"",""Đối chiếu cạnh tranh trực tiếp với Bến Tre/Cồn Phụng ở tour ngày Mekong"",""3"","""","""""
https://vietnamtourism.gov.vn/,docs/research/nghien_cuu_12_chieu_thu_muc_nguon_mo_rong.csv,255,research_corpus,"""ADD-007"",""7"",""Cạnh tranh vùng"",""Cục Du lịch/điểm đến"",""Kiên Giang/Phú Quốc - biển đảo"",""Cục Du lịch/nguồn du lịch công khai"",""https://vietnamtourism.gov.vn/"",""Kiên Giang"",""Đối chiếu đối thủ biển đảo; Ba Động không nên cạnh tranh trực diện"",""3"","""","""""
https://www.openstreetmap.org/,docs/research/nghien_cuu_12_chieu_thu_muc_nguon_mo_rong.csv,257,research_corpus,"""ADD-009"",""8"",""Môi trường - khí hậu"",""Bản đồ/không gian"",""OSM/OSRM cho tuyến ven sông/ven biển"",""OpenStreetMap/OSRM"",""https://www.openstreetmap.org/"",""Liên vùng"",""Kiểm tra độ khả thi không gian, không thay thế khảo sát thực địa"",""3"","""","""""
https://vinhlong.gov.vn/du-khach/%C4%91iem-du-lich,docs/research/nghien_cuu_6_tang_thu_muc_nguon.csv,2,research_corpus,"""1"",""Nguồn chính thống"",""Cổng tỉnh"",""Cổng thông tin Vĩnh Long - Điểm du lịch"",""UBND tỉnh Vĩnh Long"",""https://vinhlong.gov.vn/du-khach/%C4%91iem-du-lich"",""Vĩnh Long; Bến Tre"",""Xác minh Cù lao An Bình, Văn Thánh Miếu, các điểm du lịch và một số điểm Bến Tre sau sắp xếp"",""5"""
https://vinhlong.gov.vn/du-khach/le-hoi-truyen-thong,docs/research/nghien_cuu_6_tang_thu_muc_nguon.csv,3,research_corpus,"""1"",""Nguồn chính thống"",""Cổng tỉnh"",""Cổng thông tin Vĩnh Long - Lễ hội truyền thống"",""UBND tỉnh Vĩnh Long"",""https://vinhlong.gov.vn/du-khach/le-hoi-truyen-thong"",""Vĩnh Long"",""Cơ sở nghi lễ Kỳ Yên, miếu Ông/Bà/Cô Hồn, logic lễ hội làng Nam Bộ"",""5"""
https://vinhlong.gov.vn/du-khach/di-tich-lich-su,docs/research/nghien_cuu_6_tang_thu_muc_nguon.csv,4,research_corpus,"""1"",""Nguồn chính thống"",""Cổng tỉnh"",""Cổng thông tin Vĩnh Long - Di tích lịch sử"",""UBND tỉnh Vĩnh Long"",""https://vinhlong.gov.vn/du-khach/di-tich-lich-su"",""Vĩnh Long; Bến Tre"",""Đối chiếu di tích, đình, Văn Thánh Miếu, Bia Trương Vĩnh Ký/Cái Mơn"",""5"""
https://vinhlong.gov.vn/LinkClick.aspx?fileticket=6imoU-cmqnY%3D&mid=10814&portalid=0&tabid=63,docs/research/nghien_cuu_6_tang_thu_muc_nguon.csv,5,research_corpus,"""1"",""Nguồn chính thống"",""PDF địa phương"",""Lăng Ông Tiền quân Thống chế Điều bát Nguyễn Văn Tồn"",""UBND tỉnh Vĩnh Long"",""https://vinhlong.gov.vn/LinkClick.aspx?fileticket=6imoU-cmqnY%3D&mid=10814&portalid=0&tabid=63"",""Vĩnh Long"",""Hồ sơ văn hóa Lăng Ông Trà Ôn, lễ hội đầu năm, giao thoa Việt-Hoa-Khmer"",""5"""
https://vinhlong.gov.vn/LinkClick.aspx?fileticket=xVhEJJDndl0%3D&mid=10814&portalid=0&tabid=63,docs/research/nghien_cuu_6_tang_thu_muc_nguon.csv,6,research_corpus,"""1"",""Nguồn chính thống"",""PDF địa phương"",""Bảo tàng Dừa sáp Trà Vinh"",""UBND tỉnh Vĩnh Long"",""https://vinhlong.gov.vn/LinkClick.aspx?fileticket=xVhEJJDndl0%3D&mid=10814&portalid=0&tabid=63"",""Trà Vinh"",""Hồ sơ dừa sáp Cầu Kè/Tam Ngãi, câu chuyện sản vật và bảo tàng"",""5"""
https://vietnamtourism.gov.vn/post/60328,docs/research/nghien_cuu_6_tang_thu_muc_nguon.csv,7,research_corpus,"""1"",""Nguồn chính thống"",""Cục Du lịch"",""Cục Du lịch Quốc gia - Ao Bà Om"",""Cục Du lịch Quốc gia Việt Nam"",""https://vietnamtourism.gov.vn/post/60328"",""Trà Vinh"",""Đối chiếu cụm Ao Bà Om, Chùa Âng, Bảo tàng Khmer"",""5"""
https://vietnamtourism.gov.vn/post/38054,docs/research/nghien_cuu_6_tang_thu_muc_nguon.csv,8,research_corpus,"""1"",""Nguồn chính thống"",""Cục Du lịch"",""Cục Du lịch Quốc gia - Biển Ba Động"",""Cục Du lịch Quốc gia Việt Nam"",""https://vietnamtourism.gov.vn/post/38054"",""Trà Vinh"",""Đối chiếu tài nguyên biển Ba Động"",""5"""
https://vietnamtourism.gov.vn/post/15419,docs/research/nghien_cuu_6_tang_thu_muc_nguon.csv,9,research_corpus,"""1"",""Nguồn chính thống"",""Cục Du lịch"",""Cục Du lịch Quốc gia - Ok Om Bok"",""Cục Du lịch Quốc gia Việt Nam"",""https://vietnamtourism.gov.vn/post/15419"",""Trà Vinh"",""Đối chiếu lễ hội cúng Trăng/Ok Om Bok"",""5"""
https://vietnamtourism.vn/index.php/tourism/items/1655,docs/research/nghien_cuu_6_tang_thu_muc_nguon.csv,10,research_corpus,"""1"",""Nguồn chính thống"",""Cục Du lịch"",""Cục Du lịch Quốc gia - Cồn Phụng"",""Cục Du lịch Quốc gia Việt Nam"",""https://vietnamtourism.vn/index.php/tourism/items/1655"",""Bến Tre"",""Đối chiếu vị trí, diện tích, trải nghiệm Cồn Phụng/Đạo Dừa"",""5"""
https://vietnamtourism.gov.vn/post/36604,docs/research/nghien_cuu_6_tang_thu_muc_nguon.csv,11,research_corpus,"""1"",""Nguồn chính thống"",""Cục Du lịch"",""Cục Du lịch Quốc gia - Cồn Phụng, vùng đất xứ Dừa"",""Cục Du lịch Quốc gia Việt Nam"",""https://vietnamtourism.gov.vn/post/36604"",""Bến Tre"",""Đối chiếu hình ảnh truyền thông xứ Dừa/Cồn Phụng"",""5"""
https://vietnamtourism.gov.vn/post/45347,docs/research/nghien_cuu_6_tang_thu_muc_nguon.csv,12,research_corpus,"""1"",""Nguồn chính thống"",""Cục Du lịch"",""Cục Du lịch Quốc gia - Chợ Lách phát triển du lịch"",""Cục Du lịch Quốc gia Việt Nam"",""https://vietnamtourism.gov.vn/post/45347"",""Bến Tre"",""Đối chiếu làng hoa, cây giống, Chợ Lách"",""5"""
https://dsvh.gov.vn/nghe-thuat-ro-bam-cua-nguoi-khmer-o-soc-trang-3123,docs/research/nghien_cuu_6_tang_thu_muc_nguon.csv,13,research_corpus,"""1"",""Nguồn chính thống"",""Cục Di sản"",""Nghệ thuật Rô-băm của người Khmer ở Sóc Trăng/Trà Vinh"",""Cục Di sản văn hóa"",""https://dsvh.gov.vn/nghe-thuat-ro-bam-cua-nguoi-khmer-o-soc-trang-3123"",""Trà Vinh; Nam Bộ"",""Bổ sung lớp diễn xướng Khmer và nguồn gốc Rô-băm"",""5"""
https://www.vietnamplus.vn/mang-thit-tu-lang-nghe-tram-nam-toi-diem-den-du-lich-doc-dao-post1100389.vnp,docs/research/nghien_cuu_6_tang_thu_muc_nguon.csv,15,research_corpus,"""2"",""Báo chí"",""TTXVN/VietnamPlus"",""Mang Thít - từ làng nghề trăm năm tới điểm đến du lịch độc đáo"",""VietnamPlus/TTXVN"",""https://www.vietnamplus.vn/mang-thit-tu-lang-nghe-tram-nam-toi-diem-den-du-lich-doc-dao-post1100389.vnp"",""Vĩnh Long"",""Bổ sung góc nhìn báo chí trung ương về Mang Thít"",""4"""
https://www.vietnamplus.vn/vinh-long-kham-pha-vuong-quoc-do-voi-nhung-san-pham-gom-doc-dao-post874194.vnp,docs/research/nghien_cuu_6_tang_thu_muc_nguon.csv,16,research_corpus,"""2"",""Báo chí"",""TTXVN/VietnamPlus"",""Khám phá “Vương quốc đỏ” với những sản phẩm gốm độc đáo"",""VietnamPlus/TTXVN"",""https://www.vietnamplus.vn/vinh-long-kham-pha-vuong-quoc-do-voi-nhung-san-pham-gom-doc-dao-post874194.vnp"",""Vĩnh Long"",""Bổ sung dữ kiện hình ảnh và mô tả vương quốc lò gốm"",""4"""
https://vov.vn/du-lich/lo-gach-mang-thit-vuong-quoc-gach-gom-hoi-sinh-thanh-diem-du-lich-hap-dan-post1228814.vov,docs/research/nghien_cuu_6_tang_thu_muc_nguon.csv,17,research_corpus,"""2"",""Báo chí"",""VOV"",""Lò gạch Mang Thít hồi sinh thành điểm du lịch hấp dẫn"",""VOV"",""https://vov.vn/du-lich/lo-gach-mang-thit-vuong-quoc-gach-gom-hoi-sinh-thanh-diem-du-lich-hap-dan-post1228814.vov"",""Vĩnh Long"",""Bổ sung quy hoạch/diện tích và thông điệp hồi sinh di sản"",""4"""
https://www.vietnamplus.vn/tra-vinh-dac-sac-dem-le-hoi-ok-om-bok-cua-dong-bao-khmer-post993712.vnp,docs/research/nghien_cuu_6_tang_thu_muc_nguon.csv,18,research_corpus,"""2"",""Báo chí"",""TTXVN/VietnamPlus"",""Đặc sắc đêm lễ hội Ok Om Bok của đồng bào Khmer"",""VietnamPlus/TTXVN"",""https://www.vietnamplus.vn/tra-vinh-dac-sac-dem-le-hoi-ok-om-bok-cua-dong-bao-khmer-post993712.vnp"",""Trà Vinh"",""Bổ sung cách lễ hội được tổ chức cùng tuần lễ văn hóa-du lịch"",""4"""
https://www.vietnamplus.vn/tra-vinh-soc-trang-to-chuc-nhieu-hoat-dong-hap-dan-dip-le-hoi-ok-om-bok-post908976.vnp,docs/research/nghien_cuu_6_tang_thu_muc_nguon.csv,19,research_corpus,"""2"",""Báo chí"",""TTXVN/VietnamPlus"",""Trà Vinh, Sóc Trăng tổ chức nhiều hoạt động dịp Ok Om Bok"",""VietnamPlus/TTXVN"",""https://www.vietnamplus.vn/tra-vinh-soc-trang-to-chuc-nhieu-hoat-dong-hap-dan-dip-le-hoi-ok-om-bok-post908976.vnp"",""Trà Vinh"",""Bổ sung quy mô liên vùng và vai trò quảng bá văn hóa Khmer"",""4"""
https://www.vietnamplus.vn/mot-so-dia-diem-du-lich-ban-nen-check-in-khi-den-tra-vinh-post869643.vnp,docs/research/nghien_cuu_6_tang_thu_muc_nguon.csv,20,research_corpus,"""2"",""Báo chí"",""TTXVN/VietnamPlus"",""Một số địa điểm du lịch nên check-in khi đến Trà Vinh"",""VietnamPlus/TTXVN"",""https://www.vietnamplus.vn/mot-so-dia-diem-du-lich-ban-nen-check-in-khi-den-tra-vinh-post869643.vnp"",""Trà Vinh"",""Bổ sung danh mục Ao Bà Om, Chùa Âng, Bảo tàng Khmer và lễ hội"",""4"""
https://www.vietnamplus.vn/du-lich-ben-tre-nhieu-tin-hieu-tich-cuc-trong-nua-dau-nam-2024-post964743.vnp,docs/research/nghien_cuu_6_tang_thu_muc_nguon.csv,21,research_corpus,"""2"",""Báo chí"",""TTXVN/VietnamPlus"",""Du lịch Bến Tre: nhiều tín hiệu tích cực"",""VietnamPlus/TTXVN"",""https://www.vietnamplus.vn/du-lich-ben-tre-nhieu-tin-hieu-tich-cuc-trong-nua-dau-nam-2024-post964743.vnp"",""Bến Tre"",""Bổ sung trải nghiệm famtrip, kẹo dừa, dệt chiếu, Chợ Lách"",""4"""
https://www.vietnamplus.vn/ben-tre-thu-hut-du-khach-den-voi-vung-dat-4-mua-sung-tuc-dat-lanh-chim-dau-post965002.vnp,docs/research/nghien_cuu_6_tang_thu_muc_nguon.csv,22,research_corpus,"""2"",""Báo chí"",""TTXVN/VietnamPlus"",""Bến Tre thu hút du khách đến vùng đất bốn mùa sung túc"",""VietnamPlus/TTXVN"",""https://www.vietnamplus.vn/ben-tre-thu-hut-du-khach-den-voi-vung-dat-4-mua-sung-tuc-dat-lanh-chim-dau-post965002.vnp"",""Bến Tre"",""Bổ sung Làng Văn hóa Du lịch Chợ Lách, diện tích, nghề hoa kiểng"",""4"""
https://nld.com.vn/clip-can-canh-ao-ba-om-diem-den-du-lich-ky-thu-o-mien-tay-196250119172953911.htm,docs/research/nghien_cuu_6_tang_thu_muc_nguon.csv,23,research_corpus,"""2"",""Báo chí"",""NLĐ"",""Ao Bà Om - điểm đến kỳ thú ở miền Tây"",""Người Lao Động"",""https://nld.com.vn/clip-can-canh-ao-ba-om-diem-den-du-lich-ky-thu-o-mien-tay-196250119172953911.htm"",""Trà Vinh"",""Bổ sung truyền thuyết Ao Bà Om và giá trị quần thể"",""3"""
https://nld.com.vn/clip-chiem-nguong-ve-dep-cua-gach-gom-do-vinh-long-196241116151420565.htm,docs/research/nghien_cuu_6_tang_thu_muc_nguon.csv,24,research_corpus,"""2"",""Báo chí"",""NLĐ"",""Chiêm ngưỡng vẻ đẹp gạch, gốm đỏ Vĩnh Long"",""Người Lao Động"",""https://nld.com.vn/clip-chiem-nguong-ve-dep-cua-gach-gom-do-vinh-long-196241116151420565.htm"",""Vĩnh Long"",""Bổ sung tư liệu video/báo chí về Festival gạch gốm đỏ"",""3"""
https://ojs.tapchicongthuong.vn/vi/ojs-post/le-hoi-ok-om-bok-cua-nguoi-khmer--tinh-tra-vinh--trong-phat-trien-du-lich-72737.htm,docs/research/nghien_cuu_6_tang_thu_muc_nguon.csv,25,research_corpus,"""3"",""Học thuật - văn hóa"",""Tạp chí khoa học"",""Lễ hội Ok Om Bok của người Khmer Trà Vinh trong phát triển du lịch"",""Tạp chí Công Thương / CTU"",""https://ojs.tapchicongthuong.vn/vi/ojs-post/le-hoi-ok-om-bok-cua-nguoi-khmer--tinh-tra-vinh--trong-phat-trien-du-lich-72737.htm"",""Trà Vinh"",""Nền học thuật cho khai thác lễ hội Ok Om Bok"",""4"""
https://tapchicongthuong.vn/du-lich-va-cong-tac-bao-ton-di-san-van-hoa-khmer-nam-bo-tai-tra-vinh-bai-hoc-kinh-nghiem-tu-cac-quoc-gia-76425.htm,docs/research/nghien_cuu_6_tang_thu_muc_nguon.csv,26,research_corpus,"""3"",""Học thuật - văn hóa"",""Tạp chí khoa học"",""Du lịch và bảo tồn di sản văn hóa Khmer Nam Bộ tại Trà Vinh"",""Tạp chí Công Thương"",""https://tapchicongthuong.vn/du-lich-va-cong-tac-bao-ton-di-san-van-hoa-khmer-nam-bo-tai-tra-vinh-bai-hoc-kinh-nghiem-tu-cac-quoc-gia-76425.htm"",""Trà Vinh"",""Khung bảo tồn và combo sản phẩm văn hóa Khmer"",""4"""
https://tapchicongthuong.vn/giai-phap-phat-trien-du-lich-trai-nghiem-tai-cu-lao-an-binh--tinh-vinh-long-89488.htm,docs/research/nghien_cuu_6_tang_thu_muc_nguon.csv,27,research_corpus,"""3"",""Học thuật - văn hóa"",""Tạp chí khoa học"",""Giải pháp phát triển du lịch trải nghiệm tại Cù lao An Bình"",""Tạp chí Công Thương"",""https://tapchicongthuong.vn/giai-phap-phat-trien-du-lich-trai-nghiem-tai-cu-lao-an-binh--tinh-vinh-long-89488.htm"",""Vĩnh Long"",""Nền học thuật cho du lịch trải nghiệm An Bình"",""4"""
https://journal.hcmue.edu.vn/index.php/hcmuejos/article/view/3250,docs/research/nghien_cuu_6_tang_thu_muc_nguon.csv,28,research_corpus,"""3"",""Học thuật - văn hóa"",""Tạp chí khoa học"",""Các nhân tố ảnh hưởng đến du lịch sinh thái tại Cù lao An Bình"",""Tạp chí Khoa học ĐH Sư phạm TP.HCM"",""https://journal.hcmue.edu.vn/index.php/hcmuejos/article/view/3250"",""Vĩnh Long"",""Cơ sở phân tích yếu tố phát triển sinh thái An Bình"",""4"""
https://www.researchgate.net/publication/395950672_Lang_nghe_gach_gom_Mang_Thit_tu_Di_san_Van_hoa_den_San_pham_Du_lich_dac_thu,docs/research/nghien_cuu_6_tang_thu_muc_nguon.csv,29,research_corpus,"""3"",""Học thuật - văn hóa"",""Bài khoa học"",""Làng nghề gạch, gốm Mang Thít: từ di sản văn hóa đến sản phẩm du lịch đặc thù"",""Journal of Science and Technology / ResearchGate record"",""https://www.researchgate.net/publication/395950672_Lang_nghe_gach_gom_Mang_Thit_tu_Di_san_Van_hoa_den_San_pham_Du_lich_dac_thu"",""Vĩnh Long"",""Khung bảo tồn-cộng đồng-sáng tạo sản phẩm cho Mang Thít"",""3"""
https://tapchicongthuong.vn/xay-dung-san-pham-du-lich-tinh-vinh-long-voi-de-an-di-san-duong-dai-huyen-mang-thit-126977.htm,docs/research/nghien_cuu_6_tang_thu_muc_nguon.csv,30,research_corpus,"""3"",""Học thuật - văn hóa"",""Tạp chí"",""Xây dựng sản phẩm du lịch Vĩnh Long với Đề án Di sản đương đại Mang Thít"",""Tạp chí Công Thương"",""https://tapchicongthuong.vn/xay-dung-san-pham-du-lich-tinh-vinh-long-voi-de-an-di-san-duong-dai-huyen-mang-thit-126977.htm"",""Vĩnh Long"",""Khung sản phẩm di sản đương đại Mang Thít"",""4"""
https://scholar.dlu.edu.vn/thuvienso/bitstream/DLU123456789/251727/1/CVv146S252020213.pdf,docs/research/nghien_cuu_6_tang_thu_muc_nguon.csv,31,research_corpus,"""3"",""Học thuật - văn hóa"",""PDF học thuật"",""Văn hóa Khmer Nam Bộ tại Trà Vinh"",""Scholar DLU"",""https://scholar.dlu.edu.vn/thuvienso/bitstream/DLU123456789/251727/1/CVv146S252020213.pdf"",""Trà Vinh"",""Bổ sung nền văn hóa Khmer, Rô-băm, biểu diễn và du lịch"",""3"""
https://www.quanlynhanuoc.vn/2024/10/15/tang-cuong-quan-ly-nha-nuoc-doi-voi-le-hoi-truyen-thong-cua-nguoi-kmer-tren-dia-ban-tinh-tra-vinh/,docs/research/nghien_cuu_6_tang_thu_muc_nguon.csv,32,research_corpus,"""3"",""Học thuật - văn hóa"",""Quản lý văn hóa"",""Quản lý lễ hội truyền thống của người Khmer tại Trà Vinh"",""Tạp chí Quản lý Nhà nước"",""https://www.quanlynhanuoc.vn/2024/10/15/tang-cuong-quan-ly-nha-nuoc-doi-voi-le-hoi-truyen-thong-cua-nguoi-kmer-tren-dia-ban-tinh-tra-vinh/"",""Trà Vinh"",""Bổ sung danh mục di sản Khmer và góc nhìn quản trị lễ hội"",""4"""
https://travel.com.vn/du-lich-cu-lao-an-binh,docs/research/nghien_cuu_6_tang_thu_muc_nguon.csv,33,research_corpus,"""4"",""Thị trường du lịch"",""Doanh nghiệp lữ hành"",""Vietravel - Du lịch Cù lao An Bình"",""Vietravel"",""https://travel.com.vn/du-lich-cu-lao-an-binh"",""Vĩnh Long"",""Kiểm tra mức độ thị trường hóa An Bình; hiện trang có mô tả nhưng không thấy tour khả dụng"",""3"""
https://travel.com.vn/du-lich-con-phung,docs/research/nghien_cuu_6_tang_thu_muc_nguon.csv,34,research_corpus,"""4"",""Thị trường du lịch"",""Doanh nghiệp lữ hành"",""Vietravel - Cồn Phụng/Bến Tre"",""Vietravel"",""https://travel.com.vn/du-lich-con-phung"",""Bến Tre"",""Kiểm tra thông điệp thị trường cho Cồn Phụng/xứ Dừa"",""3"""
https://travel.com.vn/chuong-trinh/sieu-sale-mien-tay-tien-giang-my-tho-cu-lao-thoi-son-ben-tre-con-phung-pid-13063,docs/research/nghien_cuu_6_tang_thu_muc_nguon.csv,35,research_corpus,"""4"",""Thị trường du lịch"",""Doanh nghiệp lữ hành"",""Vietravel - Mỹ Tho, Thới Sơn, Cồn Phụng, Bến Tre"",""Vietravel"",""https://travel.com.vn/chuong-trinh/sieu-sale-mien-tay-tien-giang-my-tho-cu-lao-thoi-son-ben-tre-con-phung-pid-13063"",""Bến Tre; Tiền Giang"",""Xác minh sản phẩm ngày ngắn đã bán: sông nước, sinh thái, làng nghề, ESG"",""3"""
https://saigontourist.net/services/tour-1-ngay-ve-mien-dat-cu-lao-kham-pha-con-thoi-son-con-phung-3132,docs/research/nghien_cuu_6_tang_thu_muc_nguon.csv,36,research_corpus,"""4"",""Thị trường du lịch"",""Doanh nghiệp lữ hành"",""Saigontourist - Tour Thới Sơn, Cồn Phụng"",""Saigontourist Travel"",""https://saigontourist.net/services/tour-1-ngay-ve-mien-dat-cu-lao-kham-pha-con-thoi-son-con-phung-3132"",""Bến Tre; Tiền Giang"",""Xác minh giá/bao gồm dịch vụ/xu hướng tour bán lẻ"",""4"""
https://www.saigontourist.net/tour/ben-tre-tra-vinh-vinh-long-dong-thap-tien-giang-2369,docs/research/nghien_cuu_6_tang_thu_muc_nguon.csv,37,research_corpus,"""4"",""Thị trường du lịch"",""Doanh nghiệp lữ hành"",""Saigontourist - Bến Tre, Trà Vinh, Vĩnh Long, Đồng Tháp, Tiền Giang"",""Saigontourist Travel"",""https://www.saigontourist.net/tour/ben-tre-tra-vinh-vinh-long-dong-thap-tien-giang-2369"",""Bến Tre; Trà Vinh; Vĩnh Long"",""Xác minh tuyến liên vùng đã được đóng gói: dừa sáp, Ao Bà Om, Mang Thít"",""4"""
https://www.klook.com/en-US/destination/p50293803-c%E1%BB%93n-ph%E1%BB%A5ng/,docs/research/nghien_cuu_6_tang_thu_muc_nguon.csv,38,research_corpus,"""4"",""Thị trường du lịch"",""OTA/đánh giá"",""Klook - Con Phung Island"",""Klook"",""https://www.klook.com/en-US/destination/p50293803-c%E1%BB%93n-ph%E1%BB%A5ng/"",""Bến Tre"",""Kiểm tra review quốc tế, coconut candy, trải nghiệm cộng đồng"",""2"""
https://www.klook.com/destination/p50293827-c%C3%B9-lao-th%E1%BB%9Bi-s%C6%A1n/,docs/research/nghien_cuu_6_tang_thu_muc_nguon.csv,39,research_corpus,"""4"",""Thị trường du lịch"",""OTA/đánh giá"",""Klook - Mekong Delta and Coconut Village tour"",""Klook"",""https://www.klook.com/destination/p50293827-c%C3%B9-lao-th%E1%BB%9Bi-s%C6%A1n/"",""Bến Tre; Tiền Giang"",""Kiểm tra nhu cầu khách quốc tế với tour Mekong/coconut village"",""2"""
https://www.ivivu.com/blog/2022/07/tat-tan-tat-du-lich-ben-tre-tu-a-den-z/,docs/research/nghien_cuu_6_tang_thu_muc_nguon.csv,40,research_corpus,"""4"",""Thị trường du lịch"",""Cẩm nang/OTA"",""iVIVU - Du lịch Bến Tre từ A đến Z"",""iVIVU"",""https://www.ivivu.com/blog/2022/07/tat-tan-tat-du-lich-ben-tre-tu-a-den-z/"",""Bến Tre"",""Đọc thị trường nội địa, danh mục Cồn Phụng, Chợ Lách, xứ Dừa"",""2"""
https://www.traveloka.com/vi-vn/explore/destination/khu-du-lich-con-phung/182943,docs/research/nghien_cuu_6_tang_thu_muc_nguon.csv,41,research_corpus,"""4"",""Thị trường du lịch"",""Cẩm nang/OTA"",""Traveloka - Khu du lịch Cồn Phụng"",""Traveloka"",""https://www.traveloka.com/vi-vn/explore/destination/khu-du-lich-con-phung/182943"",""Bến Tre"",""Kiểm tra cách OTA kể trải nghiệm Cồn Phụng"",""2"""
https://dulichconphung.com/,docs/research/nghien_cuu_6_tang_thu_muc_nguon.csv,42,research_corpus,"""4"",""Thị trường du lịch"",""Điểm bán địa phương"",""Du lịch Cồn Phụng"",""dulichconphung.com"",""https://dulichconphung.com/"",""Bến Tre"",""Kiểm tra gói trải nghiệm: xuồng, xe ngựa, kẹo dừa, trái cây, đờn ca tài tử"",""2"""
https://www.vietnamairlines.com/us/vi/plan-book/travel/travel-guide/bien-ba-dong,docs/research/nghien_cuu_6_tang_thu_muc_nguon.csv,43,research_corpus,"""4"",""Thị trường du lịch"",""Hãng hàng không/cẩm nang"",""Vietnam Airlines - Biển Ba Động"",""Vietnam Airlines"",""https://www.vietnamairlines.com/us/vi/plan-book/travel/travel-guide/bien-ba-dong"",""Trà Vinh"",""Kiểm tra khả năng truyền thông thị trường với Biển Ba Động"",""3"""
https://nominatim.openstreetmap.org/,docs/research/nghien_cuu_6_tang_thu_muc_nguon.csv,44,research_corpus,"""5"",""Bản đồ - không gian"",""Geocoding"",""Nominatim OpenStreetMap - 18 nút điểm đến"",""OpenStreetMap/Nominatim"",""https://nominatim.openstreetmap.org/"",""Liên vùng"",""Geocode điểm đến/lõi tuyến; một số điểm hiệu chỉnh thủ công"",""3"""
https://router.project-osrm.org/,docs/research/nghien_cuu_6_tang_thu_muc_nguon.csv,45,research_corpus,"""5"",""Bản đồ - không gian"",""Routing"",""OSRM public route - 24 chặng đường bộ"",""OSRM / OpenStreetMap"",""https://router.project-osrm.org/"",""Liên vùng"",""Tính khoảng cách/thời gian lái xe tương đối giữa các nút"",""3"""
https://www.youtube.com/watch?v=5fI2E2fGOJ8,docs/research/nghien_cuu_6_tang_thu_muc_nguon.csv,47,research_corpus,"""6"",""Hình ảnh - truyền thông số"",""YouTube/đài địa phương"",""Điểm đến văn hóa: Làng nghề gạch gốm đỏ Mang Thít"",""THVL / YouTube"",""https://www.youtube.com/watch?v=5fI2E2fGOJ8"",""Vĩnh Long"",""Đánh giá chất liệu video chính thống về Mang Thít"",""3"""
https://baovinhlong.com.vn/video/202410/sac-mau-vuong-quoc-gom-do-mang-thit-cf91009/,docs/research/nghien_cuu_6_tang_thu_muc_nguon.csv,48,research_corpus,"""6"",""Hình ảnh - truyền thông số"",""Video Báo Vĩnh Long"",""Sắc màu “vương quốc gốm đỏ” Mang Thít"",""Báo Vĩnh Long"",""https://baovinhlong.com.vn/video/202410/sac-mau-vuong-quoc-gom-do-mang-thit-cf91009/"",""Vĩnh Long"",""Đánh giá tiềm năng thị giác của gốm đỏ"",""4"""
https://www.youtube.com/watch?v=sEYQeKGDqYo,docs/research/nghien_cuu_6_tang_thu_muc_nguon.csv,49,research_corpus,"""6"",""Hình ảnh - truyền thông số"",""YouTube"",""Ao Bà Om - điểm đến du lịch nổi tiếng"",""YouTube"",""https://www.youtube.com/watch?v=sEYQeKGDqYo"",""Trà Vinh"",""Đánh giá chất liệu video Ao Bà Om"",""2"""
https://www.youtube.com/watch?v=U-Dsv1Mk6NI,docs/research/nghien_cuu_6_tang_thu_muc_nguon.csv,50,research_corpus,"""6"",""Hình ảnh - truyền thông số"",""YouTube"",""Cung đường biển đẹp tại miền Tây - Ba Động"",""YouTube"",""https://www.youtube.com/watch?v=U-Dsv1Mk6NI"",""Trà Vinh"",""Đánh giá chất liệu video biển Ba Động/cung đường biển"",""2"""
https://www.youtube.com/watch?v=j2zbPJdOLzI,docs/research/nghien_cuu_6_tang_thu_muc_nguon.csv,51,research_corpus,"""6"",""Hình ảnh - truyền thông số"",""YouTube"",""Thăm lại Cồn Phụng miền đất nghĩa tình"",""Đài PT-TH Bến Tre / YouTube"",""https://www.youtube.com/watch?v=j2zbPJdOLzI"",""Bến Tre"",""Đánh giá câu chuyện Cồn Phụng qua ký sự địa phương"",""3"""
https://www.youtube.com/channel/UCbDuC81d12USwDpUGeskFaA,docs/research/nghien_cuu_6_tang_thu_muc_nguon.csv,52,research_corpus,"""6"",""Hình ảnh - truyền thông số"",""YouTube/kênh điểm đến"",""Cồn Phụng Tourist - kênh YouTube"",""Cồn Phụng Tourist"",""https://www.youtube.com/channel/UCbDuC81d12USwDpUGeskFaA"",""Bến Tre"",""Đánh giá năng lực tự truyền thông của điểm đến"",""2"""
https://www.facebook.com/anhdepTraVinh/videos/075-gio%CC%9B%CC%81i-thie%CC%A3%CC%82u-ve%CC%82%CC%80-ao-ba%CC%80-om/1559854331588300/,docs/research/nghien_cuu_6_tang_thu_muc_nguon.csv,53,research_corpus,"""6"",""Hình ảnh - truyền thông số"",""Facebook/video địa phương"",""Ảnh đẹp Trà Vinh - Ao Bà Om/Ba Động"",""Ảnh đẹp Trà Vinh"",""https://www.facebook.com/anhdepTraVinh/videos/075-gio%CC%9B%CC%81i-thie%CC%A3%CC%82u-ve%CC%82%CC%80-ao-ba%CC%80-om/1559854331588300/"",""Trà Vinh"",""Đánh giá cộng đồng sáng tác/quảng bá hình ảnh địa phương"",""2"""
https://laodong.vn/video/ve-tham-vuong-quoc-gach-gom-do-hon-100-nam-tuoi-o-vinh-long-1423169.ldo,docs/research/nghien_cuu_6_tang_thu_muc_nguon.csv,54,research_corpus,"""6"",""Hình ảnh - truyền thông số"",""Video báo chí"",""Về thăm vương quốc gạch gốm đỏ hơn 100 năm tuổi"",""Lao Động"",""https://laodong.vn/video/ve-tham-vuong-quoc-gach-gom-do-hon-100-nam-tuoi-o-vinh-long-1423169.ldo"",""Vĩnh Long"",""Bổ sung chất liệu video báo chí cho Mang Thít"",""3"""
https://thvl.vn/du-lich-ben-tre-phat-trien-nhanh.html,docs/research/thvl_du_lich_urls.csv,2,research_corpus,"""Bến Tre"",""direct_exact"",""Du lịch Bến Tre phát triển nhanh"",""https://thvl.vn/du-lich-ben-tre-phat-trien-nhanh.html"""
https://thvl.vn/chao-buoi-sang-07-12-2020-tet-nguyen-dan-tan-suu-2021-lang-hoa-cho-lach-se-dua-ra-thi-truong-khoang-17-trieu-san-pham-cac-loai.html,docs/research/thvl_du_lich_urls.csv,3,research_corpus,"""Bến Tre"",""related_candidate"",""Chào buổi sáng (07/12/2020): Tết Nguyên đán Tân Sửu 2021, làng hoa Chợ Lách sẽ đưa ra thị trường khoảng 17 triệu sản phẩm các loại"",""https://thvl.vn/chao-buoi-sang-07-12-2020-tet-nguyen-dan-tan-suu-2021-lang-hoa-cho-lach-se-dua-ra-thi-truong-khoang-17-trieu-san-pham-cac-loai.html"""
https://thvl.vn/keo-dua-ben-tre-ba-hai-to.html,docs/research/thvl_du_lich_urls.csv,4,research_corpus,"""Bến Tre"",""related_candidate"",""Kẹo dừa Bến Tre – Bà Hai Tỏ"",""https://thvl.vn/keo-dua-ben-tre-ba-hai-to.html"""
https://thvl.vn/khai-mac-tuan-le-van-hoa-am-thuc-ben-tre-tet-doan-ngo-xu-dua.html,docs/research/thvl_du_lich_urls.csv,5,research_corpus,"""Bến Tre"",""related_candidate"",""Khai mạc Tuần lễ Văn hóa – Ẩm thực “Bến Tre Tết Đoan Ngọ Xứ Dừa”"",""https://thvl.vn/khai-mac-tuan-le-van-hoa-am-thuc-ben-tre-tet-doan-ngo-xu-dua.html"""
https://thvl.vn/ky-su-homestay-dong-bang-tap-6-homestay-ben-tre.html,docs/research/thvl_du_lich_urls.csv,6,research_corpus,"""Bến Tre"",""related_candidate"",""Ký sự Homestay đồng bằng – Tập 6: Homestay Bến Tre"",""https://thvl.vn/ky-su-homestay-dong-bang-tap-6-homestay-ben-tre.html"""
https://thvl.vn/ky-s%e1%bb%b1-truy%e1%bb%81n-hinh-cu-lao-n%c6%b0%e1%bb%9bc-m%e1%ba%b7n-t%e1%ba%adp-4-tren-c%e1%bb%93n-ph%e1%bb%a5ng.html,docs/research/thvl_du_lich_urls.csv,7,research_corpus,"""Bến Tre"",""related_candidate"",""Ký sự truyền hình: Cù lao nước mặn – Tập 4: Trên Cồn Phụng"",""https://thvl.vn/ky-s%e1%bb%b1-truy%e1%bb%81n-hinh-cu-lao-n%c6%b0%e1%bb%9bc-m%e1%ba%b7n-t%e1%ba%adp-4-tren-c%e1%bb%93n-ph%e1%bb%a5ng.html"""
https://thvl.vn/ky-su-tu-linh-tren-song-tien-%e2%80%93-tap-4-con-phung.html,docs/research/thvl_du_lich_urls.csv,8,research_corpus,"""Bến Tre"",""related_candidate"",""Ký sự: Tứ Linh trên sông Tiền – Tập 4: Cồn Phụng"",""https://thvl.vn/ky-su-tu-linh-tren-song-tien-%e2%80%93-tap-4-con-phung.html"""
https://thvl.vn/lang-hoa-cho-lach-tat-bat-chuan-bi-cho-thi-truong-tet-binh-ngo-2026.html,docs/research/thvl_du_lich_urls.csv,9,research_corpus,"""Bến Tre"",""related_candidate"",""Làng hoa Chợ Lách tất bật chuẩn bị cho thị trường Tết Bính Ngọ 2026"",""https://thvl.vn/lang-hoa-cho-lach-tat-bat-chuan-bi-cho-thi-truong-tet-binh-ngo-2026.html"""
https://thvl.vn/tinh-ben-tre-to-chuc-hop-bao-cong-bo-su-kien-le-hoi-dua-ben-tre-lan-thu-iv-2015.html,docs/research/thvl_du_lich_urls.csv,10,research_corpus,"""Bến Tre"",""related_candidate"",""Tỉnh Bến Tre tổ chức họp báo công bố sự kiện “Lễ hội dừa Bến Tre lần thứ IV- 2015”"",""https://thvl.vn/tinh-ben-tre-to-chuc-hop-bao-cong-bo-su-kien-le-hoi-dua-ben-tre-lan-thu-iv-2015.html"""
https://thvl.vn/tinh-hoa-bep-viet-cu-hu-dua-ben-tre-mon-ngon-mien-song-nuoc.html,docs/research/thvl_du_lich_urls.csv,11,research_corpus,"""Bến Tre"",""related_candidate"",""Tinh hoa bếp Việt: Củ hũ dừa Bến Tre | Món ngon miền sông nước"",""https://thvl.vn/tinh-hoa-bep-viet-cu-hu-dua-ben-tre-mon-ngon-mien-song-nuoc.html"""
https://thvl.vn/bep-viet-bun-nuoc-leo-tra-vinh.html,docs/research/thvl_du_lich_urls.csv,12,research_corpus,"""Trà Vinh"",""related_candidate"",""Bếp Việt: Bún nước lèo Trà Vinh"",""https://thvl.vn/bep-viet-bun-nuoc-leo-tra-vinh.html"""
https://thvl.vn/bep-viet-chao-am-tra-vinh.html,docs/research/thvl_du_lich_urls.csv,13,research_corpus,"""Trà Vinh"",""related_candidate"",""Bếp Việt: Cháo ám Trà Vinh"",""https://thvl.vn/bep-viet-chao-am-tra-vinh.html"""
https://thvl.vn/bien-ba-dong-ngay-cang-hut-khach.html,docs/research/thvl_du_lich_urls.csv,14,research_corpus,"""Trà Vinh"",""related_candidate"",""Biển Ba Động ngày càng hút khách"",""https://thvl.vn/bien-ba-dong-ngay-cang-hut-khach.html"""
https://thvl.vn/bun-nuoc-leo-tra-vinh.html,docs/research/thvl_du_lich_urls.csv,15,research_corpus,"""Trà Vinh"",""related_candidate"",""Bún nước lèo Trà Vinh"",""https://thvl.vn/bun-nuoc-leo-tra-vinh.html"""
https://thvl.vn/chao-buoi-sang-01-11-2025-ve-ao-ba-om-trai-nghiem-van-hoa-di-san-cua-dong-bao-khmer.html,docs/research/thvl_du_lich_urls.csv,16,research_corpus,"""Trà Vinh"",""related_candidate"",""Chào buổi sáng (01/11/2025): Về Ao Bà Om trải nghiệm văn hóa, di sản của đồng bào Khmer"",""https://thvl.vn/chao-buoi-sang-01-11-2025-ve-ao-ba-om-trai-nghiem-van-hoa-di-san-cua-dong-bao-khmer.html"""
https://thvl.vn/chao-buoi-sang-04-01-2026-bao-tang-dua-sap-tra-vinh-khong-gian-van-hoa-ket-noi-cong-dong.html,docs/research/thvl_du_lich_urls.csv,17,research_corpus,"""Trà Vinh"",""related_candidate"",""Chào buổi sáng (04/01/2026): Bảo tàng Dừa Sáp Trà Vinh – Không gian văn hóa kết nối cộng đồng"",""https://thvl.vn/chao-buoi-sang-04-01-2026-bao-tang-dua-sap-tra-vinh-khong-gian-van-hoa-ket-noi-cong-dong.html"""
https://thvl.vn/ky-su-truyen-hinh-mien-duyen-hai-tra-vinh.html,docs/research/thvl_du_lich_urls.csv,18,research_corpus,"""Trà Vinh"",""related_candidate"",""Ký sự truyền hình: Miền duyên hải Trà Vinh"",""https://thvl.vn/ky-su-truyen-hinh-mien-duyen-hai-tra-vinh.html"""
https://thvl.vn/ky-s%e1%bb%b1-truy%e1%bb%81n-hinh-tham-l%e1%ba%a1i-tra-vinh-t%e1%ba%adp-1-thanh-ph%e1%bb%91-xanh.html,docs/research/thvl_du_lich_urls.csv,19,research_corpus,"""Trà Vinh"",""related_candidate"",""Ký sự truyền hình: Thăm lại Trà Vinh – Tập 1: Thành phố xanh"",""https://thvl.vn/ky-s%e1%bb%b1-truy%e1%bb%81n-hinh-tham-l%e1%ba%a1i-tra-vinh-t%e1%ba%adp-1-thanh-ph%e1%bb%91-xanh.html"""
https://thvl.vn/ky-s%e1%bb%b1-truy%e1%bb%81n-hinh-tham-l%e1%ba%a1i-tra-vinh-t%e1%ba%adp-2-v%e1%bb%81-mi%e1%bb%81n-duyen-h%e1%ba%a3i.html,docs/research/thvl_du_lich_urls.csv,20,research_corpus,"""Trà Vinh"",""related_candidate"",""Ký sự truyền hình: Thăm lại Trà Vinh – Tập 2: Về miền Duyên Hải"",""https://thvl.vn/ky-s%e1%bb%b1-truy%e1%bb%81n-hinh-tham-l%e1%ba%a1i-tra-vinh-t%e1%ba%adp-2-v%e1%bb%81-mi%e1%bb%81n-duyen-h%e1%ba%a3i.html"""
https://thvl.vn/ky-su-truyen-hinh-ve-mien-duyen-hai-tra-vinh.html,docs/research/thvl_du_lich_urls.csv,21,research_corpus,"""Trà Vinh"",""related_candidate"",""Ký sự truyền hình: Về miền duyên hải Trà Vinh"",""https://thvl.vn/ky-su-truyen-hinh-ve-mien-duyen-hai-tra-vinh.html"""
https://thvl.vn/ky-su-truyen-hinh-ve-mien-duyen-hai-tra-vinh-lang-ven-bien-my-long.html,docs/research/thvl_du_lich_urls.csv,22,research_corpus,"""Trà Vinh"",""related_candidate"",""Ký sự: Về miền Duyên Hải Trà Vinh – Tập 1: Làng ven biển Mỹ Long"",""https://thvl.vn/ky-su-truyen-hinh-ve-mien-duyen-hai-tra-vinh-lang-ven-bien-my-long.html"""
https://thvl.vn/ky-su-truyen-hinh-ve-mien-duyen-hai-tra-vinh-%e2%80%93-con-ngheu-con-ngao.html,docs/research/thvl_du_lich_urls.csv,23,research_corpus,"""Trà Vinh"",""related_candidate"",""Ký sự: Về miền Duyên Hải Trà Vinh – Tập 2: Cồn Nghêu, Cồn Ngao"",""https://thvl.vn/ky-su-truyen-hinh-ve-mien-duyen-hai-tra-vinh-%e2%80%93-con-ngheu-con-ngao.html"""
https://thvl.vn/ky-su-truyen-hinh-ve-mien-duyen-hai-tra-vinh-%e2%80%93-qua-truong-long-hoa.html,docs/research/thvl_du_lich_urls.csv,24,research_corpus,"""Trà Vinh"",""related_candidate"",""Ký sự: Về miền Duyên Hải Trà Vinh – Tập 3: Qua Trường Long Hòa"",""https://thvl.vn/ky-su-truyen-hinh-ve-mien-duyen-hai-tra-vinh-%e2%80%93-qua-truong-long-hoa.html"""
https://thvl.vn/ky-su-truyen-hinh-ve-mien-duyen-hai-tra-vinh-%e2%80%93-duong-ven-bien-913.html,docs/research/thvl_du_lich_urls.csv,25,research_corpus,"""Trà Vinh"",""related_candidate"",""Ký sự: Về miền Duyên Hải Trà Vinh – Tập 4: Đường ven biển 913"",""https://thvl.vn/ky-su-truyen-hinh-ve-mien-duyen-hai-tra-vinh-%e2%80%93-duong-ven-bien-913.html"""
https://thvl.vn/ky-su-ve-mien-duyen-hai-tra-vinh-%e2%80%93-tap-5-nghe-day-bien.html,docs/research/thvl_du_lich_urls.csv,26,research_corpus,"""Trà Vinh"",""related_candidate"",""Ký sự: Về miền Duyên Hải Trà Vinh – Tập 5: Nghề đáy biển"",""https://thvl.vn/ky-su-ve-mien-duyen-hai-tra-vinh-%e2%80%93-tap-5-nghe-day-bien.html"""
https://thvl.vn/ky-su-ve-mien-duyen-hai-tra-vinh-%e2%80%93-tap-6-rung-ven-bien.html,docs/research/thvl_du_lich_urls.csv,27,research_corpus,"""Trà Vinh"",""related_candidate"",""Ký sự: Về miền Duyên Hải Trà Vinh – Tập 6: Rừng ven biển"",""https://thvl.vn/ky-su-ve-mien-duyen-hai-tra-vinh-%e2%80%93-tap-6-rung-ven-bien.html"""
https://thvl.vn/ky-su-ve-mien-duyen-hai-tra-vinh-%e2%80%93-tap-cuoi-tham-linh-bien-phong.html,docs/research/thvl_du_lich_urls.csv,28,research_corpus,"""Trà Vinh"",""related_candidate"",""Ký sự: Về miền Duyên Hải Trà Vinh – Tập cuối: Thăm lính biên phòng"",""https://thvl.vn/ky-su-ve-mien-duyen-hai-tra-vinh-%e2%80%93-tap-cuoi-tham-linh-bien-phong.html"""
https://thvl.vn/nam-bo-du-xuan-tham-bien-ba-dong-ngay-xuan.html,docs/research/thvl_du_lich_urls.csv,29,research_corpus,"""Trà Vinh"",""related_candidate"",""Nam Bộ du xuân: Thăm biển Ba Động ngày xuân"",""https://thvl.vn/nam-bo-du-xuan-tham-bien-ba-dong-ngay-xuan.html"""
https://thvl.vn/van-hoa-va-cuoc-song-bao-tang-dua-sap-tra-vinh.html,docs/research/thvl_du_lich_urls.csv,30,research_corpus,"""Trà Vinh"",""related_candidate"",""Văn hóa và Cuộc sống: Bảo tàng Dừa sáp Trà Vinh"",""https://thvl.vn/van-hoa-va-cuoc-song-bao-tang-dua-sap-tra-vinh.html"""
https://thvl.vn/ve-ao-ba-om-trai-nghiem-van-hoa-di-san-cua-dong-bao-khmer.html,docs/research/thvl_du_lich_urls.csv,31,research_corpus,"""Trà Vinh"",""related_candidate"",""Về Ao Bà Om trải nghiệm văn hóa, di sản của đồng bào Khmer"",""https://thvl.vn/ve-ao-ba-om-trai-nghiem-van-hoa-di-san-cua-dong-bao-khmer.html"""
https://thvl.vn/thvl-2-thang-dau-nam-du-lich-vinh-long-dat-doanh-thu-gan-31-ty-dong.html,docs/research/thvl_du_lich_urls.csv,32,research_corpus,"""Vĩnh Long"",""direct_exact"",""(THVL) 2 tháng đầu năm – Du lịch Vĩnh Long đạt doanh thu gần 31 tỷ đồng"",""https://thvl.vn/thvl-2-thang-dau-nam-du-lich-vinh-long-dat-doanh-thu-gan-31-ty-dong.html"""
https://thvl.vn/thvl-nganh-du-lich-vinh-long-chuan-bi-don-tet.html,docs/research/thvl_du_lich_urls.csv,33,research_corpus,"""Vĩnh Long"",""direct_exact"",""(THVL) Ngành du lịch Vĩnh Long chuẩn bị đón Tết"",""https://thvl.vn/thvl-nganh-du-lich-vinh-long-chuan-bi-don-tet.html"""
https://thvl.vn/thvl-so-van-hoa-the-thao-du-lich-vinh-long-tong-ket-nam-2011.html,docs/research/thvl_du_lich_urls.csv,34,research_corpus,"""Vĩnh Long"",""direct_exact"",""(THVL) Sở Văn hóa – thể thao- du lịch Vĩnh Long tổng kết năm 2011"",""https://thvl.vn/thvl-so-van-hoa-the-thao-du-lich-vinh-long-tong-ket-nam-2011.html"""
https://thvl.vn/thvl-thanh-lap-hiep-hoi-du-lich-vinh-long.html,docs/research/thvl_du_lich_urls.csv,35,research_corpus,"""Vĩnh Long"",""direct_exact"",""(THVL) Thành lập Hiệp hội Du lịch Vĩnh Long"",""https://thvl.vn/thvl-thanh-lap-hiep-hoi-du-lich-vinh-long.html"""
https://thvl.vn/9-thang-du-lich-vinh-long-dat-doanh-thu-165-ty-dong.html,docs/research/thvl_du_lich_urls.csv,36,research_corpus,"""Vĩnh Long"",""direct_exact"",""9 tháng: Du lịch Vĩnh Long đạt doanh thu 165 tỷ đồng"",""https://thvl.vn/9-thang-du-lich-vinh-long-dat-doanh-thu-165-ty-dong.html"""
https://thvl.vn/ban-tin-trua-01-09-2024-du-lich-vinh-long-ngay-thu-2-cua-ky-nghi-le-quoc-khanh-2-9.html,docs/research/thvl_du_lich_urls.csv,37,research_corpus,"""Vĩnh Long"",""direct_exact"",""Bản tin trưa (01/09/2024): Du lich Vĩnh Long ngày thứ 2 của kỳ nghỉ lễ Quốc khánh 2.9"",""https://thvl.vn/ban-tin-trua-01-09-2024-du-lich-vinh-long-ngay-thu-2-cua-ky-nghi-le-quoc-khanh-2-9.html"""
https://thvl.vn/ban-tin-trua-11h00-30-8-2025-du-lich-vinh-long-tang-truong-toan-dien-sau-sap-nhap.html,docs/research/thvl_du_lich_urls.csv,38,research_corpus,"""Vĩnh Long"",""direct_exact"",""Bản Tin Trưa (11h00 – 30/8/2025) – Du lịch Vĩnh Long tăng trưởng toàn diện sau sáp nhập"",""https://thvl.vn/ban-tin-trua-11h00-30-8-2025-du-lich-vinh-long-tang-truong-toan-dien-sau-sap-nhap.html"""
https://thvl.vn/ban-van-hoa-xa-hoi-lam-viec-voi-so-van-hoa-the-thao-va-du-lich-vinh-long.html,docs/research/thvl_du_lich_urls.csv,39,research_corpus,"""Vĩnh Long"",""direct_exact"",""Ban Văn hóa xã hội làm việc với Sở Văn hóa- thể thao và du lịch Vĩnh Long"",""https://thvl.vn/ban-van-hoa-xa-hoi-lam-viec-voi-so-van-hoa-the-thao-va-du-lich-vinh-long.html"""
https://thvl.vn/cac-co-so-du-lich-vinh-long-chuan-bi-don-du-khach-dip-tet-quy-mao-2023.html,docs/research/thvl_du_lich_urls.csv,40,research_corpus,"""Vĩnh Long"",""direct_exact"",""Các cơ sở du lịch Vĩnh Long chuẩn bị đón du khách dịp tết Quý Mão 2023"",""https://thvl.vn/cac-co-so-du-lich-vinh-long-chuan-bi-don-du-khach-dip-tet-quy-mao-2023.html"""
https://thvl.vn/cac-diem-du-lich-vinh-long-bat-dau-tang-khach.html,docs/research/thvl_du_lich_urls.csv,41,research_corpus,"""Vĩnh Long"",""direct_exact"",""Các điểm du lịch Vĩnh Long bắt đầu tăng khách"",""https://thvl.vn/cac-diem-du-lich-vinh-long-bat-dau-tang-khach.html"""
https://thvl.vn/chao-buoi-sang-23-12-2023-cong-vien-nghe-thuat-gom-do-diem-nhan-quang-ba-du-lich-vinh-long.html,docs/research/thvl_du_lich_urls.csv,42,research_corpus,"""Vĩnh Long"",""direct_exact"",""Chào buổi sáng (23/12/2023): Công viên nghệ thuật Gốm đỏ – Điểm nhấn quảng bá du lịch Vĩnh Long"",""https://thvl.vn/chao-buoi-sang-23-12-2023-cong-vien-nghe-thuat-gom-do-diem-nhan-quang-ba-du-lich-vinh-long.html"""
https://thvl.vn/chum-phat-bieu-cua-cac-chuyen-gia-xoay-quanh-hoi-thao-khoa-hoc-giai-phap-phat-trien-du-lich-vinh-long.html,docs/research/thvl_du_lich_urls.csv,43,research_corpus,"""Vĩnh Long"",""direct_exact"",""Chùm phát biểu của các chuyên gia xoay quanh Hội thảo khoa học Giải pháp phát triển du lịch Vĩnh Long"",""https://thvl.vn/chum-phat-bieu-cua-cac-chuyen-gia-xoay-quanh-hoi-thao-khoa-hoc-giai-phap-phat-trien-du-lich-vinh-long.html"""
https://thvl.vn/chuyen-de-kinh-te-du-lich-vinh-long-phuc-hoi-va-tang-truong.html,docs/research/thvl_du_lich_urls.csv,44,research_corpus,"""Vĩnh Long"",""direct_exact"",""Chuyên đề kinh tế: Du lịch Vĩnh Long phục hồi và tăng trưởng"",""https://thvl.vn/chuyen-de-kinh-te-du-lich-vinh-long-phuc-hoi-va-tang-truong.html"""
https://thvl.vn/chuyen-de-kinh-te-du-lich-vinh-long-tang-cuong-khai-thac-tiem-nang.html,docs/research/thvl_du_lich_urls.csv,45,research_corpus,"""Vĩnh Long"",""direct_exact"",""Chuyên đề kinh tế: Du lịch Vĩnh Long tăng cường khai thác tiềm năng"",""https://thvl.vn/chuyen-de-kinh-te-du-lich-vinh-long-tang-cuong-khai-thac-tiem-nang.html"""
https://thvl.vn/chuyen-de-kinh-te-du-lich-vinh-long-trong-mua-dich-covid-19.html,docs/research/thvl_du_lich_urls.csv,46,research_corpus,"""Vĩnh Long"",""direct_exact"",""Chuyên đề kinh tế: Du lịch Vĩnh Long trong mùa dịch COVID – 19"",""https://thvl.vn/chuyen-de-kinh-te-du-lich-vinh-long-trong-mua-dich-covid-19.html"""
https://thvl.vn/chuyen-de-kinh-te-nang-chat-san-pham-du-lich-vinh-long.html,docs/research/thvl_du_lich_urls.csv,47,research_corpus,"""Vĩnh Long"",""direct_exact"",""Chuyên đề kinh tế: Nâng chất sản phẩm du lịch Vĩnh Long"",""https://thvl.vn/chuyen-de-kinh-te-nang-chat-san-pham-du-lich-vinh-long.html"""
https://thvl.vn/chuyen-d%e1%bb%81-kinh-t%e1%ba%bf-phat-tri%e1%bb%83n-ti%e1%bb%81m-nang-du-l%e1%bb%8bch-vinh-long.html,docs/research/thvl_du_lich_urls.csv,48,research_corpus,"""Vĩnh Long"",""direct_exact"",""Chuyên đề kinh tế: Phát triển tiềm năng du lịch Vĩnh Long"",""https://thvl.vn/chuyen-d%e1%bb%81-kinh-t%e1%ba%bf-phat-tri%e1%bb%83n-ti%e1%bb%81m-nang-du-l%e1%bb%8bch-vinh-long.html"""
https://thvl.vn/chuyen-d%e1%bb%81-kinh-t%e1%ba%bf-ti%e1%bb%81m-nang-phat-tri%e1%bb%83n-kinh-t%e1%ba%bf-du-l%e1%bb%8bch-vinh-long.html,docs/research/thvl_du_lich_urls.csv,49,research_corpus,"""Vĩnh Long"",""direct_exact"",""Chuyên đề kinh tế: Tiềm năng phát triển kinh tế du lịch Vĩnh Long"",""https://thvl.vn/chuyen-d%e1%bb%81-kinh-t%e1%ba%bf-ti%e1%bb%81m-nang-phat-tri%e1%bb%83n-kinh-t%e1%ba%bf-du-l%e1%bb%8bch-vinh-long.html"""
https://thvl.vn/cong-vien-nghe-thuat-gom-do-dau-an-dac-sac-ngay-hoi-du-lich-vinh-long-lan-thu-3-2023.html,docs/research/thvl_du_lich_urls.csv,50,research_corpus,"""Vĩnh Long"",""direct_exact"",""Công viên nghệ thuật gốm đỏ – dấu ấn đặc sắc ngày hội du lịch Vĩnh Long lần thứ 3- 2023"",""https://thvl.vn/cong-vien-nghe-thuat-gom-do-dau-an-dac-sac-ngay-hoi-du-lich-vinh-long-lan-thu-3-2023.html"""
https://thvl.vn/cu-lao-dai-%e2%80%93-di%e1%bb%83m-d%e1%ba%bfn-m%e1%bb%9bi-cho-du-l%e1%bb%8bch-vinh-long.html,docs/research/thvl_du_lich_urls.csv,51,research_corpus,"""Vĩnh Long"",""direct_exact"",""Cù Lao Dài – Điểm đến mới cho du lịch Vĩnh Long"",""https://thvl.vn/cu-lao-dai-%e2%80%93-di%e1%bb%83m-d%e1%ba%bfn-m%e1%bb%9bi-cho-du-l%e1%bb%8bch-vinh-long.html"""
https://thvl.vn/du-lich-vinh-long-diem-den-cho-du-khach-trong-dip-le.html,docs/research/thvl_du_lich_urls.csv,52,research_corpus,"""Vĩnh Long"",""direct_exact"",""Du lịch Vĩnh Long – Điểm đến cho du khách trong dịp lễ"",""https://thvl.vn/du-lich-vinh-long-diem-den-cho-du-khach-trong-dip-le.html"""
https://thvl.vn/du-lich-vinh-long-diem-den-than-thien-thu-hut-khach-trong-nhung-ngay-nghi-dip-le-quoc-khanh.html,docs/research/thvl_du_lich_urls.csv,53,research_corpus,"""Vĩnh Long"",""direct_exact"",""Du lịch Vĩnh Long – điểm đến thân thiện, thu hút khách trong những ngày nghỉ dịp lễ Quốc khánh"",""https://thvl.vn/du-lich-vinh-long-diem-den-than-thien-thu-hut-khach-trong-nhung-ngay-nghi-dip-le-quoc-khanh.html"""
https://thvl.vn/du-lich-vinh-long-chuan-bi-phuc-vu-le-2-9.html,docs/research/thvl_du_lich_urls.csv,54,research_corpus,"""Vĩnh Long"",""direct_exact"",""Du lịch Vĩnh Long chuẩn bị phục vụ lễ 2/9"",""https://thvl.vn/du-lich-vinh-long-chuan-bi-phuc-vu-le-2-9.html"""
https://thvl.vn/du-lich-vinh-long-chua-dap-ung-duoc-yeu-cau-cao-cua-du-khach.html,docs/research/thvl_du_lich_urls.csv,55,research_corpus,"""Vĩnh Long"",""direct_exact"",""Du lịch Vĩnh Long chưa đáp ứng được yêu cầu cao của du khách"",""https://thvl.vn/du-lich-vinh-long-chua-dap-ung-duoc-yeu-cau-cao-cua-du-khach.html"""
https://thvl.vn/du-lich-vinh-long-don-nhieu-du-khach-den-tham-quan-trai-nghiem.html,docs/research/thvl_du_lich_urls.csv,56,research_corpus,"""Vĩnh Long"",""direct_exact"",""Du lịch Vĩnh Long đón nhiều du khách đến tham quan, trải nghiệm"",""https://thvl.vn/du-lich-vinh-long-don-nhieu-du-khach-den-tham-quan-trai-nghiem.html"""
https://thvl.vn/du-l%e1%bb%8bch-vinh-long-d%e1%bb%95i-m%e1%bb%9bi-h%c6%b0%e1%bb%9bng-d%e1%ba%bfn-ch%e1%ba%a5t-l%c6%b0%e1%bb%a3ng.html,docs/research/thvl_du_lich_urls.csv,57,research_corpus,"""Vĩnh Long"",""direct_exact"",""Du lịch Vĩnh Long đổi mới hướng đến chất lượng"",""https://thvl.vn/du-l%e1%bb%8bch-vinh-long-d%e1%bb%95i-m%e1%bb%9bi-h%c6%b0%e1%bb%9bng-d%e1%ba%bfn-ch%e1%ba%a5t-l%c6%b0%e1%bb%a3ng.html"""
https://thvl.vn/du-lich-vinh-long-nam-2023-voi-nhung-ky-luc-dang-ghi-nhan.html,docs/research/thvl_du_lich_urls.csv,58,research_corpus,"""Vĩnh Long"",""direct_exact"",""Du lịch Vĩnh Long năm 2023 với những kỷ lục đáng ghi nhận"",""https://thvl.vn/du-lich-vinh-long-nam-2023-voi-nhung-ky-luc-dang-ghi-nhan.html"""
https://thvl.vn/du-l%e1%bb%8bch-vinh-long-nang-cao-ch%e1%ba%a5t-l%c6%b0%e1%bb%a3ng-thu-hut-du-khach.html,docs/research/thvl_du_lich_urls.csv,59,research_corpus,"""Vĩnh Long"",""direct_exact"",""Du lịch Vĩnh Long nâng cao chất lượng thu hút du khách"",""https://thvl.vn/du-l%e1%bb%8bch-vinh-long-nang-cao-ch%e1%ba%a5t-l%c6%b0%e1%bb%a3ng-thu-hut-du-khach.html"""
https://thvl.vn/du-lich-vinh-long-ngay-thu-2-cua-ky-nghi-le-30-4-va-01-5.html,docs/research/thvl_du_lich_urls.csv,60,research_corpus,"""Vĩnh Long"",""direct_exact"",""Du lịch Vĩnh Long ngày thứ 2 của kỳ nghỉ lễ 30/4 và 01/5"",""https://thvl.vn/du-lich-vinh-long-ngay-thu-2-cua-ky-nghi-le-30-4-va-01-5.html"""
https://thvl.vn/du-lich-vinh-long-nhon-nhip-don-khach-dip-le-30-4-1-5.html,docs/research/thvl_du_lich_urls.csv,61,research_corpus,"""Vĩnh Long"",""direct_exact"",""Du lịch Vĩnh Long nhộn nhịp đón khách dịp lễ 30/4-1/5"",""https://thvl.vn/du-lich-vinh-long-nhon-nhip-don-khach-dip-le-30-4-1-5.html"""
https://thvl.vn/du-lich-vinh-long-nhung-ngay-nghi-le-dam-bao-an-toan-than-thien-va-men-khach.html,docs/research/thvl_du_lich_urls.csv,62,research_corpus,"""Vĩnh Long"",""direct_exact"",""Du lịch Vĩnh Long những ngày nghỉ lễ đảm bảo an toàn thân thiện và mến khách"",""https://thvl.vn/du-lich-vinh-long-nhung-ngay-nghi-le-dam-bao-an-toan-than-thien-va-men-khach.html"""
https://thvl.vn/du-lich-vinh-long-phuc-hoi-trong-trang-thai-binh-thuong-moi.html,docs/research/thvl_du_lich_urls.csv,63,research_corpus,"""Vĩnh Long"",""direct_exact"",""Du lịch Vĩnh Long phục hồi trong trạng thái bình thường mới"",""https://thvl.vn/du-lich-vinh-long-phuc-hoi-trong-trang-thai-binh-thuong-moi.html"""
https://thvl.vn/du-lich-vinh-long-ron-rang-dip-le-2-9.html,docs/research/thvl_du_lich_urls.csv,64,research_corpus,"""Vĩnh Long"",""direct_exact"",""Du lịch Vĩnh Long rộn ràng dịp lễ 2/9"",""https://thvl.vn/du-lich-vinh-long-ron-rang-dip-le-2-9.html"""
https://thvl.vn/du-lich-vinh-long-ron-rang-don-khach-du-xuan.html,docs/research/thvl_du_lich_urls.csv,65,research_corpus,"""Vĩnh Long"",""direct_exact"",""Du lịch Vĩnh Long rộn ràng đón khách du Xuân"",""https://thvl.vn/du-lich-vinh-long-ron-rang-don-khach-du-xuan.html"""
https://thvl.vn/du-lich-vinh-long-thu-hut-nhieu-du-khach-dip-le-2-9.html,docs/research/thvl_du_lich_urls.csv,66,research_corpus,"""Vĩnh Long"",""direct_exact"",""Du lịch Vĩnh Long thu hút nhiều du khách dịp lễ 2-9"",""https://thvl.vn/du-lich-vinh-long-thu-hut-nhieu-du-khach-dip-le-2-9.html"""
https://thvl.vn/du-lich-vinh-long-thu-hut-nhieu-du-khach-dip-le-30-4-1-5.html,docs/research/thvl_du_lich_urls.csv,67,research_corpus,"""Vĩnh Long"",""direct_exact"",""Du lịch Vĩnh Long thu hút nhiều du khách dịp lễ 30/4, 1/5"",""https://thvl.vn/du-lich-vinh-long-thu-hut-nhieu-du-khach-dip-le-30-4-1-5.html"""
https://thvl.vn/du-lich-vinh-long-tiep-tuc-thu-hut-du-khach.html,docs/research/thvl_du_lich_urls.csv,68,research_corpus,"""Vĩnh Long"",""direct_exact"",""Du lịch Vĩnh Long tiếp tục thu hút du khách"",""https://thvl.vn/du-lich-vinh-long-tiep-tuc-thu-hut-du-khach.html"""
https://thvl.vn/du-lich-vinh-long-tiep-tuc-thu-hut-du-khach-dip-le-30-4-va-1-5.html,docs/research/thvl_du_lich_urls.csv,69,research_corpus,"""Vĩnh Long"",""direct_exact"",""Du lịch Vĩnh Long tiếp tục thu hút du khách dịp lễ 30/4 và 1/5"",""https://thvl.vn/du-lich-vinh-long-tiep-tuc-thu-hut-du-khach-dip-le-30-4-va-1-5.html"""
https://thvl.vn/du-l%e1%bb%8bch-vinh-long-thanh-t%e1%bb%b1u-sau-25-nam.html,docs/research/thvl_du_lich_urls.csv,70,research_corpus,"""Vĩnh Long"",""direct_exact"",""Du lịch Vĩnh Long- thành tựu sau 25 năm"",""https://thvl.vn/du-l%e1%bb%8bch-vinh-long-thanh-t%e1%bb%b1u-sau-25-nam.html"""
https://thvl.vn/dai-hoi-hiep-hoi-du-lich-vinh-long-lan-thu-2.html,docs/research/thvl_du_lich_urls.csv,71,research_corpus,"""Vĩnh Long"",""direct_exact"",""Đại hội Hiệp hội Du lịch Vĩnh Long lần thứ 2"",""https://thvl.vn/dai-hoi-hiep-hoi-du-lich-vinh-long-lan-thu-2.html"""
https://thvl.vn/giai-phap-de-du-lich-vinh-long-phat-trien-ben-vung.html,docs/research/thvl_du_lich_urls.csv,72,research_corpus,"""Vĩnh Long"",""direct_exact"",""Giải pháp để du lịch Vĩnh Long phát triển bền vững"",""https://thvl.vn/giai-phap-de-du-lich-vinh-long-phat-trien-ben-vung.html"""
https://thvl.vn/homestay-%e2%80%93-net-d%e1%ba%b7c-tr%c6%b0ng-du-l%e1%bb%8bch-vinh-long.html,docs/research/thvl_du_lich_urls.csv,73,research_corpus,"""Vĩnh Long"",""direct_exact"",""Homestay – nét đặc trưng du lịch Vĩnh Long"",""https://thvl.vn/homestay-%e2%80%93-net-d%e1%ba%b7c-tr%c6%b0ng-du-l%e1%bb%8bch-vinh-long.html"""
https://thvl.vn/homestay-th%e1%ba%bf-m%e1%ba%a1nh-du-l%e1%bb%8bch-vinh-long.html,docs/research/thvl_du_lich_urls.csv,74,research_corpus,"""Vĩnh Long"",""direct_exact"",""Homestay – thế mạnh du lịch Vĩnh Long"",""https://thvl.vn/homestay-th%e1%ba%bf-m%e1%ba%a1nh-du-l%e1%bb%8bch-vinh-long.html"""
https://thvl.vn/hoi-nghi-so-ket-2-nam-tai-co-cau-lai-nganh-du-lich-vinh-long.html,docs/research/thvl_du_lich_urls.csv,75,research_corpus,"""Vĩnh Long"",""direct_exact"",""Hội nghị sơ kết 2 năm tái cơ cầu lại ngành du lịch Vĩnh Long"",""https://thvl.vn/hoi-nghi-so-ket-2-nam-tai-co-cau-lai-nganh-du-lich-vinh-long.html"""
https://thvl.vn/hoi-thao-giai-phap-phat-trien-du-lich-vinh-long-giai-doan-2016-%e2%80%93-2020.html,docs/research/thvl_du_lich_urls.csv,76,research_corpus,"""Vĩnh Long"",""direct_exact"",""Hội thảo giải pháp phát triển du lịch Vĩnh Long giai đoạn 2016 – 2020"",""https://thvl.vn/hoi-thao-giai-phap-phat-trien-du-lich-vinh-long-giai-doan-2016-%e2%80%93-2020.html"""
https://thvl.vn/hoi-thao-khoa-hoc-giai-phap-phat-trien-du-lich-vinh-long-tro-thanh-nganh-kinh-te-quan-trong-den-2025-dinh-huong-den-2030.html,docs/research/thvl_du_lich_urls.csv,77,research_corpus,"""Vĩnh Long"",""direct_exact"",""Hội thảo khoa học “Giải pháp phát triển du lịch Vĩnh Long trở thành ngành kinh tế quan trọng đến 2025, định hướng đến 2030”"",""https://thvl.vn/hoi-thao-khoa-hoc-giai-phap-phat-trien-du-lich-vinh-long-tro-thanh-nganh-kinh-te-quan-trong-den-2025-dinh-huong-den-2030.html"""
https://thvl.vn/hoi-thao-khoa-hoc-phat-trien-san-pham-va-ket-noi-tour-tuyen-du-lich-vinh-long-voi-cac-tinh-thanh-dbscl-va-tp-hcm.html,docs/research/thvl_du_lich_urls.csv,78,research_corpus,"""Vĩnh Long"",""direct_exact"",""Hội thảo khoa học Phát triển sản phẩm và kết nối tour tuyến du lịch Vĩnh Long với các tỉnh, thành ĐBSCL và TP.HCM"",""https://thvl.vn/hoi-thao-khoa-hoc-phat-trien-san-pham-va-ket-noi-tour-tuyen-du-lich-vinh-long-voi-cac-tinh-thanh-dbscl-va-tp-hcm.html"""
https://thvl.vn/khong-gian-quang-ba-du-lich-vinh-long-diem-hen-hap-dan-dau-nam-moi.html,docs/research/thvl_du_lich_urls.csv,79,research_corpus,"""Vĩnh Long"",""direct_exact"",""Không gian quảng bá du lịch Vĩnh Long – điểm hẹn hấp dẫn đầu năm mới"",""https://thvl.vn/khong-gian-quang-ba-du-lich-vinh-long-diem-hen-hap-dan-dau-nam-moi.html"""
https://thvl.vn/ky-s%e1%bb%b1-truy%e1%bb%81n-hinh-du-l%e1%bb%8bch-vinh-long-v%e1%bb%81-que-ch%c6%a1i-l%e1%bb%85.html,docs/research/thvl_du_lich_urls.csv,80,research_corpus,"""Vĩnh Long"",""direct_exact"",""Ký sự truyền hình: Du lịch Vĩnh Long – Về quê chơi lễ"",""https://thvl.vn/ky-s%e1%bb%b1-truy%e1%bb%81n-hinh-du-l%e1%bb%8bch-vinh-long-v%e1%bb%81-que-ch%c6%a1i-l%e1%bb%85.html"""
https://thvl.vn/lam-gi-d%e1%bb%83-du-l%e1%bb%8bch-vinh-long-phat-tri%e1%bb%83n-b%e1%bb%81n-v%e1%bb%afng.html,docs/research/thvl_du_lich_urls.csv,81,research_corpus,"""Vĩnh Long"",""direct_exact"",""Làm gì để du lịch Vĩnh Long phát triển bền vững?"",""https://thvl.vn/lam-gi-d%e1%bb%83-du-l%e1%bb%8bch-vinh-long-phat-tri%e1%bb%83n-b%e1%bb%81n-v%e1%bb%afng.html"""
https://thvl.vn/nam-bo-du-ky-homestay-dac-sac-du-lich-vinh-long.html,docs/research/thvl_du_lich_urls.csv,82,research_corpus,"""Vĩnh Long"",""direct_exact"",""Nam Bộ du ký: Homestay – Đặc sắc du lịch Vĩnh Long"",""https://thvl.vn/nam-bo-du-ky-homestay-dac-sac-du-lich-vinh-long.html"""
https://thvl.vn/nganh-du-lich-vinh-long-dat-doanh-thu-tren-210-ty-dong.html,docs/research/thvl_du_lich_urls.csv,83,research_corpus,"""Vĩnh Long"",""direct_exact"",""Ngành du lịch Vĩnh Long đạt doanh thu trên 210 tỷ đồng"",""https://thvl.vn/nganh-du-lich-vinh-long-dat-doanh-thu-tren-210-ty-dong.html"""
https://thvl.vn/ngay-h%e1%bb%99i-du-l%e1%bb%8bch-vinh-long-s%e1%ba%bd-co-nhi%e1%bb%81u-ho%e1%ba%a1t-d%e1%bb%99ng.html,docs/research/thvl_du_lich_urls.csv,84,research_corpus,"""Vĩnh Long"",""direct_exact"",""Ngày hội du lịch Vĩnh Long sẽ có nhiều hoạt động"",""https://thvl.vn/ngay-h%e1%bb%99i-du-l%e1%bb%8bch-vinh-long-s%e1%ba%bd-co-nhi%e1%bb%81u-ho%e1%ba%a1t-d%e1%bb%99ng.html"""
https://thvl.vn/ngay-hoi-thanh-tra-ton-vinh-gioi-thieu-trai-cay-dac-san-quang-ba-du-lich-vinh-long.html,docs/research/thvl_du_lich_urls.csv,85,research_corpus,"""Vĩnh Long"",""direct_exact"",""Ngày hội thanh trà: Tôn vinh giới thiệu trái cây đặc sản, quảng bá du lịch Vĩnh Long"",""https://thvl.vn/ngay-hoi-thanh-tra-ton-vinh-gioi-thieu-trai-cay-dac-san-quang-ba-du-lich-vinh-long.html"""
https://thvl.vn/phat-huy-tiem-nang-loi-the-dua-du-lich-vinh-long-phat-trien-ben-vung.html,docs/research/thvl_du_lich_urls.csv,86,research_corpus,"""Vĩnh Long"",""direct_exact"",""Phát huy tiềm năng, lợi thế, đưa du lịch Vĩnh Long phát triển bền vững"",""https://thvl.vn/phat-huy-tiem-nang-loi-the-dua-du-lich-vinh-long-phat-trien-ben-vung.html"""
https://thvl.vn/phong-su-du-lich-vinh-long-di-giua-mau-xanh-26062015.html,docs/research/thvl_du_lich_urls.csv,87,research_corpus,"""Vĩnh Long"",""direct_exact"",""Phóng sự:  Du lịch Vĩnh Long – Đi giữa màu xanh (26/06/2015)"",""https://thvl.vn/phong-su-du-lich-vinh-long-di-giua-mau-xanh-26062015.html"""
https://thvl.vn/phong-su-du-lich-vinh-long-huong-den-xanh-va-ben-vung.html,docs/research/thvl_du_lich_urls.csv,88,research_corpus,"""Vĩnh Long"",""direct_exact"",""Phóng sự: Du lịch Vĩnh Long hướng đến xanh và bền vững"",""https://thvl.vn/phong-su-du-lich-vinh-long-huong-den-xanh-va-ben-vung.html"""
https://thvl.vn/phong-su-homestay-diem-nhan-doc-dao-cua-du-lich-vinh-long.html,docs/research/thvl_du_lich_urls.csv,89,research_corpus,"""Vĩnh Long"",""direct_exact"",""Phóng sự: Homestay – Điểm nhấn độc đáo của du lịch Vĩnh Long"",""https://thvl.vn/phong-su-homestay-diem-nhan-doc-dao-cua-du-lich-vinh-long.html"""
https://thvl.vn/quy-i-2026-du-lich-vinh-long-don-hon-163-trieu-luot-khach.html,docs/research/thvl_du_lich_urls.csv,90,research_corpus,"""Vĩnh Long"",""direct_exact"",""Quý I/2026 du lịch Vĩnh Long đón hơn 1,63 triệu lượt khách"",""https://thvl.vn/quy-i-2026-du-lich-vinh-long-don-hon-163-trieu-luot-khach.html"""
https://thvl.vn/soi-dong-o-cac-diem-du-lich-vinh-long.html,docs/research/thvl_du_lich_urls.csv,91,research_corpus,"""Vĩnh Long"",""direct_exact"",""Sôi động ở các điểm du lịch Vĩnh Long"",""https://thvl.vn/soi-dong-o-cac-diem-du-lich-vinh-long.html"""
https://thvl.vn/so-van-hoa-the-thao-du-lich-vinh-long-trien-khai-cac-nhiem-vu-trong-tam-nam-2014.html,docs/research/thvl_du_lich_urls.csv,92,research_corpus,"""Vĩnh Long"",""direct_exact"",""Sở Văn hóa – thể thao – du lịch Vĩnh Long triển khai các nhiệm vụ trọng tâm năm 2014"",""https://thvl.vn/so-van-hoa-the-thao-du-lich-vinh-long-trien-khai-cac-nhiem-vu-trong-tam-nam-2014.html"""
https://thvl.vn/so-van-hoa-the-thao-du-lich-vinh-long-trien-khai-luat-di-san.html,docs/research/thvl_du_lich_urls.csv,93,research_corpus,"""Vĩnh Long"",""direct_exact"",""Sở Văn hoá – Thể thao – Du lịch Vĩnh Long triển khai luật Di sản"",""https://thvl.vn/so-van-hoa-the-thao-du-lich-vinh-long-trien-khai-luat-di-san.html"""
https://thvl.vn/so-van-hoa-the-thao-du-lich-vinh-long-khai-giang-khoa-tap-huan-du-lich-cong-dong.html,docs/research/thvl_du_lich_urls.csv,94,research_corpus,"""Vĩnh Long"",""direct_exact"",""Sở Văn hóa – Thể thao & Du lịch Vĩnh Long khai giảng khóa tập huấn du lịch cộng đồng"",""https://thvl.vn/so-van-hoa-the-thao-du-lich-vinh-long-khai-giang-khoa-tap-huan-du-lich-cong-dong.html"""
https://thvl.vn/the-manh-duong-song-du-dia-phat-trien-du-lich-vinh-long-sau-hop-nhat.html,docs/research/thvl_du_lich_urls.csv,95,research_corpus,"""Vĩnh Long"",""direct_exact"",""Thế mạnh đường sông – Dư địa phát triển du lịch Vĩnh Long sau hợp nhất"",""https://thvl.vn/the-manh-duong-song-du-dia-phat-trien-du-lich-vinh-long-sau-hop-nhat.html"""
https://thvl.vn/tong-ket-trao-giai-sang-tac-video-clip-va-bai-viet-gioi-thieu-cam-nhan-ve-du-lich-vinh-long.html,docs/research/thvl_du_lich_urls.csv,96,research_corpus,"""Vĩnh Long"",""direct_exact"",""Tổng kết trao giải sáng tác video clip và bài viết giới thiệu cảm nhận về du lịch Vĩnh Long"",""https://thvl.vn/tong-ket-trao-giai-sang-tac-video-clip-va-bai-viet-gioi-thieu-cam-nhan-ve-du-lich-vinh-long.html"""
https://thvl.vn/vinh-danh-homestay-dat-giai-du-lich-asian-2023-co-hoi-quang-ba-du-lich-vinh-long.html,docs/research/thvl_du_lich_urls.csv,97,research_corpus,"""Vĩnh Long"",""direct_exact"",""Vinh danh homestay đạt giải du lịch Asian 2023 – Cơ hội quảng bá du lịch Vĩnh Long"",""https://thvl.vn/vinh-danh-homestay-dat-giai-du-lich-asian-2023-co-hoi-quang-ba-du-lich-vinh-long.html"""
https://thvl.vn/chuyen-ke-dat-phuong-nam-ky-uc-cho-mien-tay-tap-2-cho-noi-tra-on.html,docs/research/thvl_du_lich_urls.csv,98,research_corpus,"""Vĩnh Long"",""related_candidate"",""Chuyện kể đất phương Nam | Ký ức chợ Miền Tây – Tập 2: Chợ nổi Trà Ôn"",""https://thvl.vn/chuyen-ke-dat-phuong-nam-ky-uc-cho-mien-tay-tap-2-cho-noi-tra-on.html"""
https://thvl.vn/chuyen-ke-dat-phuong-nam-van-thanh-mieu-vinh-long-dau-an-tram-nam-con-mai.html,docs/research/thvl_du_lich_urls.csv,99,research_corpus,"""Vĩnh Long"",""related_candidate"",""Chuyện kể đất phương Nam: Văn Thánh Miếu Vĩnh Long, dấu ấn trăm năm còn mãi"",""https://thvl.vn/chuyen-ke-dat-phuong-nam-van-thanh-mieu-vinh-long-dau-an-tram-nam-con-mai.html"""
https://thvl.vn/diem-den-van-hoa-lan-toa-net-dep-gom-do-vinh-long-ngay-xuan.html,docs/research/thvl_du_lich_urls.csv,100,research_corpus,"""Vĩnh Long"",""related_candidate"",""Điểm đến văn hóa: Lan tỏa nét đẹp gốm đỏ Vĩnh Long ngày xuân"",""https://thvl.vn/diem-den-van-hoa-lan-toa-net-dep-gom-do-vinh-long-ngay-xuan.html"""
https://thvl.vn/diem-den-van-hoa-noi-luu-giu-ve-dep-gom-do-vinh-long.html,docs/research/thvl_du_lich_urls.csv,101,research_corpus,"""Vĩnh Long"",""related_candidate"",""Điểm đến văn hóa: Nơi lưu giữ vẻ đẹp gốm đỏ Vĩnh Long"",""https://thvl.vn/diem-den-van-hoa-noi-luu-giu-ve-dep-gom-do-vinh-long.html"""
https://thvl.vn/hanh-trinh-van-hoa-vi%e1%bb%87t-t%e1%ba%adp-38-d%e1%bb%99c-dao-g%e1%bb%91m-d%e1%bb%8f-vinh-long.html,docs/research/thvl_du_lich_urls.csv,102,research_corpus,"""Vĩnh Long"",""related_candidate"",""Hành trình văn hóa Việt – Tập 38: Độc đáo gốm đỏ Vĩnh Long"",""https://thvl.vn/hanh-trinh-van-hoa-vi%e1%bb%87t-t%e1%ba%adp-38-d%e1%bb%99c-dao-g%e1%bb%91m-d%e1%bb%8f-vinh-long.html"""
https://thvl.vn/hoan-thanh-viec-lap-dat-cong-vien-nghe-thuat-gom-do-vinh-long.html,docs/research/thvl_du_lich_urls.csv,103,research_corpus,"""Vĩnh Long"",""related_candidate"",""Hoàn thành việc lắp đặt công viên nghệ thuật gốm đỏ Vĩnh Long"",""https://thvl.vn/hoan-thanh-viec-lap-dat-cong-vien-nghe-thuat-gom-do-vinh-long.html"""
https://thvl.vn/hoi-thi-dac-san-am-thuc-homestay-vinh-long.html,docs/research/thvl_du_lich_urls.csv,104,research_corpus,"""Vĩnh Long"",""related_candidate"",""Hội thi đặc sản ẩm thực homestay Vĩnh Long"",""https://thvl.vn/hoi-thi-dac-san-am-thuc-homestay-vinh-long.html"""
https://thvl.vn/khong-gian-nghe-thuat-khong-gian-gom-do-vinh-long-ngay-xuan.html,docs/research/thvl_du_lich_urls.csv,105,research_corpus,"""Vĩnh Long"",""related_candidate"",""Không gian nghệ thuật: Không gian gốm đỏ Vĩnh Long ngày xuân"",""https://thvl.vn/khong-gian-nghe-thuat-khong-gian-gom-do-vinh-long-ngay-xuan.html"""
https://thvl.vn/ky-su-homestay-dong-bang-tap-5-homestay-vinh-long.html,docs/research/thvl_du_lich_urls.csv,106,research_corpus,"""Vĩnh Long"",""related_candidate"",""Ký sự Homestay đồng bằng – Tập 5: Homestay Vĩnh Long"",""https://thvl.vn/ky-su-homestay-dong-bang-tap-5-homestay-vinh-long.html"""
https://thvl.vn/ky-su-truyen-hinh-vinh-long-diem-den-an-toan.html,docs/research/thvl_du_lich_urls.csv,107,research_corpus,"""Vĩnh Long"",""related_candidate"",""Ký sự truyền hình: Vĩnh Long điểm đến an toàn"",""https://thvl.vn/ky-su-truyen-hinh-vinh-long-diem-den-an-toan.html"""
https://thvl.vn/nam-bo-du-ky-dac-sac-van-hoa-gom-do-vinh-long.html,docs/research/thvl_du_lich_urls.csv,108,research_corpus,"""Vĩnh Long"",""related_candidate"",""Nam Bộ du ký: Đặc sắc văn hóa gốm đỏ Vĩnh Long"",""https://thvl.vn/nam-bo-du-ky-dac-sac-van-hoa-gom-do-vinh-long.html"""
https://thvl.vn/nam-bo-du-ky-noi-luu-giu-ky-uc-cho-noi-tra-on.html,docs/research/thvl_du_lich_urls.csv,109,research_corpus,"""Vĩnh Long"",""related_candidate"",""Nam Bộ du ký: Nơi lưu giữ ký ức chợ nổi Trà Ôn"",""https://thvl.vn/nam-bo-du-ky-noi-luu-giu-ky-uc-cho-noi-tra-on.html"""
https://thvl.vn/noi-luu-giu-ve-dep-gom-do-vinh-long.html,docs/research/thvl_du_lich_urls.csv,110,research_corpus,"""Vĩnh Long"",""related_candidate"",""Nơi lưu giữ vẻ đẹp gốm đỏ Vĩnh Long"",""https://thvl.vn/noi-luu-giu-ve-dep-gom-do-vinh-long.html"""
https://thvl.vn/tao-diem-nhan-cho-du-lich-homestay-vinh-long.html,docs/research/thvl_du_lich_urls.csv,111,research_corpus,"""Vĩnh Long"",""related_candidate"",""Tạo điểm nhấn cho du lịch homestay Vĩnh Long"",""https://thvl.vn/tao-diem-nhan-cho-du-lich-homestay-vinh-long.html"""
https://thvl.vn/thoi-su-18h30-02-5-2026-miet-vuon-vinh-long-diem-den-yen-binh-thu-hut-du-khach-dip-le-30-4-va-1-5.html,docs/research/thvl_du_lich_urls.csv,112,research_corpus,"""Vĩnh Long"",""related_candidate"",""Thời sự 18h30 (02/5/2026): Miệt vườn Vĩnh Long điểm đến yên bình thu hút du khách dịp lễ 30/4 và 1/5"",""https://thvl.vn/thoi-su-18h30-02-5-2026-miet-vuon-vinh-long-diem-den-yen-binh-thu-hut-du-khach-dip-le-30-4-va-1-5.html"""
https://thvl.vn/van-hoa-van-nghe-khong-gian-nghe-thuat-gom-do-vinh-long.html,docs/research/thvl_du_lich_urls.csv,113,research_corpus,"""Vĩnh Long"",""related_candidate"",""Văn hóa – văn nghệ: Không gian nghệ thuật gốm đỏ Vĩnh Long"",""https://thvl.vn/van-hoa-van-nghe-khong-gian-nghe-thuat-gom-do-vinh-long.html"""
https://thvl.vn/van-hoa-van-nghe-sang-tao-nghe-thuat-voi-chat-lieu-gach-gom-do-vinh-long.html,docs/research/thvl_du_lich_urls.csv,114,research_corpus,"""Vĩnh Long"",""related_candidate"",""Văn hóa – văn nghệ: Sáng tạo nghệ thuật với chất liệu gạch gốm đỏ Vĩnh Long"",""https://thvl.vn/van-hoa-van-nghe-sang-tao-nghe-thuat-voi-chat-lieu-gach-gom-do-vinh-long.html"""
https://thvl.vn/van-hoa-va-cuoc-song-khong-gian-nghe-thuat-gom-do-vinh-long.html,docs/research/thvl_du_lich_urls.csv,115,research_corpus,"""Vĩnh Long"",""related_candidate"",""Văn hóa và Cuộc sống: Không gian nghệ thuật gốm đỏ Vĩnh Long"",""https://thvl.vn/van-hoa-va-cuoc-song-khong-gian-nghe-thuat-gom-do-vinh-long.html"""
https://thvl.vn/van-hoa-va-cuoc-song-sang-tao-nghe-thuat-voi-chat-lieu-gach-gom-do-vinh-long.html,docs/research/thvl_du_lich_urls.csv,116,research_corpus,"""Vĩnh Long"",""related_candidate"",""Văn hóa và Cuộc sống: Sáng tạo nghệ thuật với chất liệu gạch gốm đỏ Vĩnh Long"",""https://thvl.vn/van-hoa-va-cuoc-song-sang-tao-nghe-thuat-voi-chat-lieu-gach-gom-do-vinh-long.html"""
https://thvl.vn/van-thanh-mieu-vinh-long.html,docs/research/thvl_du_lich_urls.csv,117,research_corpus,"""Vĩnh Long"",""related_candidate"",""Văn Thánh miếu Vĩnh Long"",""https://thvl.vn/van-thanh-mieu-vinh-long.html"""
https://thvl.vn/vinh-long-diem-den-an-toan-trong-ngay-dau-nghi-le.html,docs/research/thvl_du_lich_urls.csv,118,research_corpus,"""Vĩnh Long"",""related_candidate"",""Vĩnh Long điểm đến an toàn trong ngày đầu nghỉ lễ"",""https://thvl.vn/vinh-long-diem-den-an-toan-trong-ngay-dau-nghi-le.html"""
